[91mPlease make sure that Redis Queue runs @ redis://127.0.0.1:11000. Redis reported error: Error 111 connecting to 127.0.0.1:11000. Connection refused.[0m
2026-04-30 03:12:01,984 Worker rq:worker:c82fe5db6999488ebcb6a0ff76fa89f6 started with PID 9925, version 1.15.1
2026-04-30 03:12:01,985 Subscribing to channel rq:pubsub:c82fe5db6999488ebcb6a0ff76fa89f6
2026-04-30 03:12:02,012 *** Listening on home-mahmoudtawfeek-task-manger:short, home-mahmoudtawfeek-task-manger:default, home-mahmoudtawfeek-task-manger:long...
2026-04-30 03:12:02,014 Cleaning registries for queue: home-mahmoudtawfeek-task-manger:short
2026-04-30 03:12:02,027 Cleaning registries for queue: home-mahmoudtawfeek-task-manger:default
2026-04-30 03:12:02,030 Cleaning registries for queue: home-mahmoudtawfeek-task-manger:long
2026-04-30 03:39:14,018 Cleaning registries for queue: home-mahmoudtawfeek-task-manger:short
2026-04-30 03:39:16,871 Cleaning registries for queue: home-mahmoudtawfeek-task-manger:default
2026-04-30 03:39:16,914 Cleaning registries for queue: home-mahmoudtawfeek-task-manger:long
2026-04-30 03:40:59,693 Worker c82fe5db6999488ebcb6a0ff76fa89f6 [PID 9925]: warm shut down requested
2026-04-30 03:46:41,799 Worker rq:worker:6e618731cd894b15a17b2e7eb144c32f started with PID 10057, version 1.15.1
2026-04-30 03:46:41,800 Subscribing to channel rq:pubsub:6e618731cd894b15a17b2e7eb144c32f
2026-04-30 03:46:41,825 *** Listening on home-mahmoudtawfeek-task-manger:short, home-mahmoudtawfeek-task-manger:default, home-mahmoudtawfeek-task-manger:long...
2026-04-30 04:00:16,348 Cleaning registries for queue: home-mahmoudtawfeek-task-manger:short
2026-04-30 04:00:18,693 Cleaning registries for queue: home-mahmoudtawfeek-task-manger:default
2026-04-30 04:00:18,789 Cleaning registries for queue: home-mahmoudtawfeek-task-manger:long
2026-04-30 04:08:06,896 Worker 6e618731cd894b15a17b2e7eb144c32f [PID 10057]: warm shut down requested
[91mPlease make sure that Redis Queue runs @ redis://127.0.0.1:11000. Redis reported error: Error 111 connecting to 127.0.0.1:11000. Connection refused.[0m
2026-04-30 04:11:04,633 Worker rq:worker:1ebc83967b2548aab2d83cde11d7f87d started with PID 10188, version 1.15.1
2026-04-30 04:11:04,634 Subscribing to channel rq:pubsub:1ebc83967b2548aab2d83cde11d7f87d
2026-04-30 04:11:04,662 *** Listening on home-mahmoudtawfeek-task-manger:short, home-mahmoudtawfeek-task-manger:default, home-mahmoudtawfeek-task-manger:long...
2026-04-30 04:24:39,524 Cleaning registries for queue: home-mahmoudtawfeek-task-manger:short
2026-04-30 04:24:43,740 Cleaning registries for queue: home-mahmoudtawfeek-task-manger:default
2026-04-30 04:24:43,846 Cleaning registries for queue: home-mahmoudtawfeek-task-manger:long
2026-04-30 04:27:21,210 home-mahmoudtawfeek-task-manger:default: frappe.utils.background_jobs.execute_job(event=None, is_async=True, job_name='frappe.core.doctype.user.user.create_contact', kwargs={'user': <User: mahmoudtawfeek815@gmail.com>, 'ignore_mandatory': True}, method='frappe.core.doctype.user.user.create_contact', site='task.local', user='Administrator') (task.local::56b1f2a9-f5d5-4929-81e7-db16f56534bd)
2026-04-30 04:28:44,513 home-mahmoudtawfeek-task-manger:default: Job OK (task.local::56b1f2a9-f5d5-4929-81e7-db16f56534bd)
2026-04-30 04:28:44,513 Result is kept for 600 seconds
2026-04-30 04:28:44,575 home-mahmoudtawfeek-task-manger:default: frappe.utils.background_jobs.execute_job(event=None, is_async=True, job_name='erpnext.setup.demo.setup_demo_data', kwargs={}, method=<function setup_demo_data at 0x7fa8d11c3240>, site='task.local', user='mahmoudtawfeek815@gmail.com') (task.local::c984f63f-8f04-4606-8939-d115e77202a5)
2026-04-30 04:29:45,002 home-mahmoudtawfeek-task-manger:default: Job OK (task.local::c984f63f-8f04-4606-8939-d115e77202a5)
2026-04-30 04:29:45,003 Result is kept for 600 seconds
2026-04-30 04:29:45,014 home-mahmoudtawfeek-task-manger:default: frappe.utils.background_jobs.execute_job(event=None, is_async=True, job_name='frappe.core.doctype.user.user.update_gravatar', kwargs={'name': 'mahmoudtawfeek815@gmail.com'}, method='frappe.core.doctype.user.user.update_gravatar', site='task.local', user='Administrator') (task.local::ac46018c-30c5-407b-87a7-a5606eff744c)
2026-04-30 04:29:46,023 home-mahmoudtawfeek-task-manger:default: Job OK (task.local::ac46018c-30c5-407b-87a7-a5606eff744c)
2026-04-30 04:29:46,024 Result is kept for 600 seconds
2026-04-30 04:37:15,240 Worker 1ebc83967b2548aab2d83cde11d7f87d [PID 10188]: warm shut down requested
2026-04-30 13:48:58,587 Worker rq:worker:76c651485e834db98620b6272a676ed4 started with PID 10448, version 1.15.1
2026-04-30 13:48:58,654 Subscribing to channel rq:pubsub:76c651485e834db98620b6272a676ed4
2026-04-30 13:48:58,656 *** Listening on home-mahmoudtawfeek-task-manger:short, home-mahmoudtawfeek-task-manger:default, home-mahmoudtawfeek-task-manger:long...
2026-04-30 13:48:58,657 Cleaning registries for queue: home-mahmoudtawfeek-task-manger:short
2026-04-30 13:48:58,725 Cleaning registries for queue: home-mahmoudtawfeek-task-manger:default
2026-04-30 13:48:58,740 Cleaning registries for queue: home-mahmoudtawfeek-task-manger:long
2026-04-30 13:50:02,834 home-mahmoudtawfeek-task-manger:default: frappe.utils.background_jobs.execute_job(event=None, is_async=True, job_name='frappe.core.doctype.scheduled_job_type.scheduled_job_type.run_scheduled_jo..., kwargs={'job_type': 'frappe.email.queue.flush'}, method='frappe.core.doctype.scheduled_job_type.scheduled_job_type.run_scheduled_jo..., site='task.local', user='Administrator') (task.local::scheduled_job::frappe.email.queue.flush)
2026-04-30 13:50:14,494 home-mahmoudtawfeek-task-manger:default: Job OK (task.local::scheduled_job::frappe.email.queue.flush)
2026-04-30 13:50:14,494 Result is kept for 600 seconds
2026-04-30 13:50:14,528 home-mahmoudtawfeek-task-manger:default: frappe.utils.background_jobs.execute_job(event=None, is_async=True, job_name='frappe.core.doctype.scheduled_job_type.scheduled_job_type.run_scheduled_jo..., kwargs={'job_type': 'frappe.utils.global_search.sync_global_search'}, method='frappe.core.doctype.scheduled_job_type.scheduled_job_type.run_scheduled_jo..., site='task.local', user='Administrator') (task.local::scheduled_job::frappe.utils.global_search.sync_global_search)
2026-04-30 13:50:20,574 home-mahmoudtawfeek-task-manger:default: Job OK (task.local::scheduled_job::frappe.utils.global_search.sync_global_search)
2026-04-30 13:50:20,574 Result is kept for 600 seconds
2026-04-30 13:50:20,584 home-mahmoudtawfeek-task-manger:default: frappe.utils.background_jobs.execute_job(event=None, is_async=True, job_name='frappe.core.doctype.scheduled_job_type.scheduled_job_type.run_scheduled_jo..., kwargs={'job_type': 'frappe.deferred_insert.save_to_db'}, method='frappe.core.doctype.scheduled_job_type.scheduled_job_type.run_scheduled_jo..., site='task.local', user='Administrator') (task.local::scheduled_job::frappe.deferred_insert.save_to_db)
2026-04-30 13:50:21,587 home-mahmoudtawfeek-task-manger:default: Job OK (task.local::scheduled_job::frappe.deferred_insert.save_to_db)
2026-04-30 13:50:21,588 Result is kept for 600 seconds
2026-04-30 13:50:21,647 home-mahmoudtawfeek-task-manger:default: frappe.utils.background_jobs.execute_job(event=None, is_async=True, job_name='frappe.core.doctype.scheduled_job_type.scheduled_job_type.run_scheduled_jo..., kwargs={'job_type': 'erpnext.manufacturing.doctype.bom_update_log.bom_update_log.r..., method='frappe.core.doctype.scheduled_job_type.scheduled_job_type.run_scheduled_jo..., site='task.local', user='Administrator') (task.local::scheduled_job::erpnext.manufacturing.doctype.bom_update_log.bom_update_log.resume_bom_cost_update_jobs)
2026-04-30 13:50:23,179 home-mahmoudtawfeek-task-manger:default: Job OK (task.local::scheduled_job::erpnext.manufacturing.doctype.bom_update_log.bom_update_log.resume_bom_cost_update_jobs)
2026-04-30 13:50:23,179 Result is kept for 600 seconds
2026-04-30 13:50:23,190 home-mahmoudtawfeek-task-manger:default: frappe.utils.background_jobs.execute_job(event=None, is_async=True, job_name='frappe.core.doctype.scheduled_job_type.scheduled_job_type.run_scheduled_jo..., kwargs={'job_type': 'frappe.monitor.flush'}, method='frappe.core.doctype.scheduled_job_type.scheduled_job_type.run_scheduled_jo..., site='task.local', user='Administrator') (task.local::scheduled_job::frappe.monitor.flush)
2026-04-30 13:50:24,056 home-mahmoudtawfeek-task-manger:default: Job OK (task.local::scheduled_job::frappe.monitor.flush)
2026-04-30 13:50:24,056 Result is kept for 600 seconds
2026-04-30 13:50:24,074 home-mahmoudtawfeek-task-manger:default: frappe.utils.background_jobs.execute_job(event=None, is_async=True, job_name='frappe.core.doctype.scheduled_job_type.scheduled_job_type.run_scheduled_jo..., kwargs={'job_type': 'frappe.email.doctype.email_account.email_account.pull'}, method='frappe.core.doctype.scheduled_job_type.scheduled_job_type.run_scheduled_jo..., site='task.local', user='Administrator') (task.local::scheduled_job::frappe.email.doctype.email_account.email_account.pull)
2026-04-30 13:50:28,236 home-mahmoudtawfeek-task-manger:default: Job OK (task.local::scheduled_job::frappe.email.doctype.email_account.email_account.pull)
2026-04-30 13:50:28,236 Result is kept for 600 seconds
2026-04-30 13:50:28,245 home-mahmoudtawfeek-task-manger:default: frappe.utils.background_jobs.execute_job(event=None, is_async=True, job_name='frappe.core.doctype.scheduled_job_type.scheduled_job_type.run_scheduled_jo..., kwargs={'job_type': 'frappe.model.utils.link_count.update_link_count'}, method='frappe.core.doctype.scheduled_job_type.scheduled_job_type.run_scheduled_jo..., site='task.local', user='Administrator') (task.local::scheduled_job::frappe.model.utils.link_count.update_link_count)
2026-04-30 13:50:28,989 home-mahmoudtawfeek-task-manger:default: Job OK (task.local::scheduled_job::frappe.model.utils.link_count.update_link_count)
2026-04-30 13:50:28,990 Result is kept for 600 seconds
2026-04-30 13:50:29,049 home-mahmoudtawfeek-task-manger:default: frappe.utils.background_jobs.execute_job(event=None, is_async=True, job_name='frappe.core.doctype.scheduled_job_type.scheduled_job_type.run_scheduled_jo..., kwargs={'job_type': 'erpnext.projects.doctype.project.project.hourly_reminder'}, method='frappe.core.doctype.scheduled_job_type.scheduled_job_type.run_scheduled_jo..., site='task.local', user='Administrator') (task.local::scheduled_job::erpnext.projects.doctype.project.project.hourly_reminder)
2026-04-30 13:50:32,129 home-mahmoudtawfeek-task-manger:default: Job OK (task.local::scheduled_job::erpnext.projects.doctype.project.project.hourly_reminder)
2026-04-30 13:50:32,129 Result is kept for 600 seconds
2026-04-30 13:50:32,138 home-mahmoudtawfeek-task-manger:default: frappe.utils.background_jobs.execute_job(event=None, is_async=True, job_name='frappe.core.doctype.scheduled_job_type.scheduled_job_type.run_scheduled_jo..., kwargs={'job_type': 'frappe.email.doctype.email_account.email_account.notify_unrep..., method='frappe.core.doctype.scheduled_job_type.scheduled_job_type.run_scheduled_jo..., site='task.local', user='Administrator') (task.local::scheduled_job::frappe.email.doctype.email_account.email_account.notify_unreplied)
2026-04-30 13:50:33,274 home-mahmoudtawfeek-task-manger:default: Job OK (task.local::scheduled_job::frappe.email.doctype.email_account.email_account.notify_unreplied)
2026-04-30 13:50:33,274 Result is kept for 600 seconds
2026-04-30 13:50:33,282 home-mahmoudtawfeek-task-manger:default: frappe.utils.background_jobs.execute_job(event=None, is_async=True, job_name='frappe.core.doctype.scheduled_job_type.scheduled_job_type.run_scheduled_jo..., kwargs={'job_type': 'frappe.search.sqlite_search.build_index_if_not_exists'}, method='frappe.core.doctype.scheduled_job_type.scheduled_job_type.run_scheduled_jo..., site='task.local', user='Administrator') (task.local::scheduled_job::frappe.search.sqlite_search.build_index_if_not_exists)
2026-04-30 13:50:33,957 home-mahmoudtawfeek-task-manger:default: Job OK (task.local::scheduled_job::frappe.search.sqlite_search.build_index_if_not_exists)
2026-04-30 13:50:33,957 Result is kept for 600 seconds
2026-04-30 13:50:33,967 home-mahmoudtawfeek-task-manger:default: frappe.utils.background_jobs.execute_job(event=None, is_async=True, job_name='frappe.core.doctype.scheduled_job_type.scheduled_job_type.run_scheduled_jo..., kwargs={'job_type': 'frappe.integrations.doctype.google_calendar.google_calendar.s..., method='frappe.core.doctype.scheduled_job_type.scheduled_job_type.run_scheduled_jo..., site='task.local', user='Administrator') (task.local::scheduled_job::frappe.integrations.doctype.google_calendar.google_calendar.sync)
2026-04-30 13:50:42,031 home-mahmoudtawfeek-task-manger:default: Job OK (task.local::scheduled_job::frappe.integrations.doctype.google_calendar.google_calendar.sync)
2026-04-30 13:50:42,032 Result is kept for 600 seconds
2026-04-30 13:50:42,044 home-mahmoudtawfeek-task-manger:default: frappe.utils.background_jobs.execute_job(event=None, is_async=True, job_name='frappe.core.doctype.scheduled_job_type.scheduled_job_type.run_scheduled_jo..., kwargs={'job_type': 'frappe.utils.telemetry.pulse.client.send_queued_events'}, method='frappe.core.doctype.scheduled_job_type.scheduled_job_type.run_scheduled_jo..., site='task.local', user='Administrator') (task.local::scheduled_job::frappe.utils.telemetry.pulse.client.send_queued_events)
2026-04-30 13:50:42,862 home-mahmoudtawfeek-task-manger:default: Job OK (task.local::scheduled_job::frappe.utils.telemetry.pulse.client.send_queued_events)
2026-04-30 13:50:42,862 Result is kept for 600 seconds
2026-04-30 13:50:42,871 home-mahmoudtawfeek-task-manger:default: frappe.utils.background_jobs.execute_job(event=None, is_async=True, job_name='frappe.core.doctype.scheduled_job_type.scheduled_job_type.run_scheduled_jo..., kwargs={'job_type': 'frappe.email.doctype.newsletter.newsletter.send_scheduled_ema..., method='frappe.core.doctype.scheduled_job_type.scheduled_job_type.run_scheduled_jo..., site='task.local', user='Administrator') (task.local::scheduled_job::frappe.email.doctype.newsletter.newsletter.send_scheduled_email)
2026-04-30 13:50:47,084 home-mahmoudtawfeek-task-manger:default: Job OK (task.local::scheduled_job::frappe.email.doctype.newsletter.newsletter.send_scheduled_email)
2026-04-30 13:50:47,085 Result is kept for 600 seconds
2026-04-30 13:50:47,107 home-mahmoudtawfeek-task-manger:default: frappe.utils.background_jobs.execute_job(event=None, is_async=True, job_name='frappe.core.doctype.scheduled_job_type.scheduled_job_type.run_scheduled_jo..., kwargs={'job_type': 'frappe.core.doctype.security_settings.security_settings_alert..., method='frappe.core.doctype.scheduled_job_type.scheduled_job_type.run_scheduled_jo..., site='task.local', user='Administrator') (task.local::scheduled_job::frappe.core.doctype.security_settings.security_settings_alert.check_security_txt_expiry)
2026-04-30 13:50:52,914 home-mahmoudtawfeek-task-manger:default: Job OK (task.local::scheduled_job::frappe.core.doctype.security_settings.security_settings_alert.check_security_txt_expiry)
2026-04-30 13:50:52,915 Result is kept for 600 seconds
2026-04-30 13:50:52,936 home-mahmoudtawfeek-task-manger:default: frappe.utils.background_jobs.execute_job(event=None, is_async=True, job_name='frappe.core.doctype.scheduled_job_type.scheduled_job_type.run_scheduled_jo..., kwargs={'job_type': 'frappe.automation.doctype.reminder.reminder.send_reminders'}, method='frappe.core.doctype.scheduled_job_type.scheduled_job_type.run_scheduled_jo..., site='task.local', user='Administrator') (task.local::scheduled_job::frappe.automation.doctype.reminder.reminder.send_reminders)
2026-04-30 13:50:56,807 home-mahmoudtawfeek-task-manger:default: Job OK (task.local::scheduled_job::frappe.automation.doctype.reminder.reminder.send_reminders)
2026-04-30 13:50:56,807 Result is kept for 600 seconds
2026-04-30 13:50:56,821 home-mahmoudtawfeek-task-manger:default: frappe.utils.background_jobs.execute_job(event=None, is_async=True, job_name='frappe.core.doctype.scheduled_job_type.scheduled_job_type.run_scheduled_jo..., kwargs={'job_type': 'erpnext.accounts.doctype.gl_entry.gl_entry.rename_gle_sle_doc..., method='frappe.core.doctype.scheduled_job_type.scheduled_job_type.run_scheduled_jo..., site='task.local', user='Administrator') (task.local::scheduled_job::erpnext.accounts.doctype.gl_entry.gl_entry.rename_gle_sle_docs)
2026-04-30 13:51:12,204 home-mahmoudtawfeek-task-manger:default: Job OK (task.local::scheduled_job::erpnext.accounts.doctype.gl_entry.gl_entry.rename_gle_sle_docs)
2026-04-30 13:51:12,205 Result is kept for 600 seconds
2026-04-30 13:51:12,842 home-mahmoudtawfeek-task-manger:default: frappe.utils.background_jobs.execute_job(event=None, is_async=True, job_name='frappe.core.doctype.scheduled_job_type.scheduled_job_type.run_scheduled_jo..., kwargs={'job_type': 'frappe.email.queue.retry_sending_emails'}, method='frappe.core.doctype.scheduled_job_type.scheduled_job_type.run_scheduled_jo..., site='task.local', user='Administrator') (task.local::scheduled_job::frappe.email.queue.retry_sending_emails)
2026-04-30 13:51:39,136 home-mahmoudtawfeek-task-manger:default: Job OK (task.local::scheduled_job::frappe.email.queue.retry_sending_emails)
2026-04-30 13:51:39,421 Result is kept for 600 seconds
2026-04-30 13:51:40,308 home-mahmoudtawfeek-task-manger:long: frappe.utils.background_jobs.execute_job(event=None, is_async=True, job_name='frappe.core.doctype.scheduled_job_type.scheduled_job_type.run_scheduled_jo..., kwargs={'job_type': 'frappe.website.doctype.personal_data_deletion_request.persona..., method='frappe.core.doctype.scheduled_job_type.scheduled_job_type.run_scheduled_jo..., site='task.local', user='Administrator') (task.local::scheduled_job::frappe.website.doctype.personal_data_deletion_request.personal_data_deletion_request.process_data_deletion_request)
2026-04-30 13:53:26,207 home-mahmoudtawfeek-task-manger:long: Job OK (task.local::scheduled_job::frappe.website.doctype.personal_data_deletion_request.personal_data_deletion_request.process_data_deletion_request)
2026-04-30 13:53:26,208 Result is kept for 600 seconds
2026-04-30 13:53:26,336 home-mahmoudtawfeek-task-manger:default: frappe.utils.background_jobs.execute_job(event=None, is_async=True, job_name='frappe.core.doctype.scheduled_job_type.scheduled_job_type.run_scheduled_jo..., kwargs={'job_type': 'frappe.email.queue.flush'}, method='frappe.core.doctype.scheduled_job_type.scheduled_job_type.run_scheduled_jo..., site='task.local', user='Administrator') (task.local::scheduled_job::frappe.email.queue.flush)
2026-04-30 13:53:45,237 home-mahmoudtawfeek-task-manger:default: Job OK (task.local::scheduled_job::frappe.email.queue.flush)
2026-04-30 13:53:45,239 Result is kept for 600 seconds
2026-04-30 13:53:45,292 home-mahmoudtawfeek-task-manger:default: frappe.utils.background_jobs.execute_job(event=None, is_async=True, job_name='frappe.core.doctype.scheduled_job_type.scheduled_job_type.run_scheduled_jo..., kwargs={'job_type': 'frappe.email.queue.retry_sending_emails'}, method='frappe.core.doctype.scheduled_job_type.scheduled_job_type.run_scheduled_jo..., site='task.local', user='Administrator') (task.local::scheduled_job::frappe.email.queue.retry_sending_emails)
2026-04-30 13:53:50,293 home-mahmoudtawfeek-task-manger:default: Job OK (task.local::scheduled_job::frappe.email.queue.retry_sending_emails)
2026-04-30 13:53:50,294 Result is kept for 600 seconds
2026-04-30 13:53:50,415 home-mahmoudtawfeek-task-manger:default: frappe.utils.background_jobs.execute_job(event=None, is_async=True, job_name='frappe.core.doctype.scheduled_job_type.scheduled_job_type.run_scheduled_jo..., kwargs={'job_type': 'frappe.integrations.doctype.google_calendar.google_calendar.s..., method='frappe.core.doctype.scheduled_job_type.scheduled_job_type.run_scheduled_jo..., site='task.local', user='Administrator') (task.local::scheduled_job::frappe.integrations.doctype.google_calendar.google_calendar.sync)
2026-04-30 13:53:56,254 home-mahmoudtawfeek-task-manger:default: Job OK (task.local::scheduled_job::frappe.integrations.doctype.google_calendar.google_calendar.sync)
2026-04-30 13:53:56,255 Result is kept for 600 seconds
2026-04-30 13:53:56,262 home-mahmoudtawfeek-task-manger:default: frappe.utils.background_jobs.execute_job(event=None, is_async=True, job_name='frappe.core.doctype.scheduled_job_type.scheduled_job_type.run_scheduled_jo..., kwargs={'job_type': 'frappe.monitor.flush'}, method='frappe.core.doctype.scheduled_job_type.scheduled_job_type.run_scheduled_jo..., site='task.local', user='Administrator') (task.local::scheduled_job::frappe.monitor.flush)
2026-04-30 13:53:57,938 home-mahmoudtawfeek-task-manger:default: Job OK (task.local::scheduled_job::frappe.monitor.flush)
2026-04-30 13:53:57,939 Result is kept for 600 seconds
2026-04-30 13:53:57,957 home-mahmoudtawfeek-task-manger:long: frappe.utils.background_jobs.execute_job(event=None, is_async=True, job_name='frappe.core.doctype.scheduled_job_type.scheduled_job_type.run_scheduled_jo..., kwargs={'job_type': 'frappe.twofactor.delete_all_barcodes_for_users'}, method='frappe.core.doctype.scheduled_job_type.scheduled_job_type.run_scheduled_jo..., site='task.local', user='Administrator') (task.local::scheduled_job::frappe.twofactor.delete_all_barcodes_for_users)
2026-04-30 13:53:59,140 home-mahmoudtawfeek-task-manger:long: Job OK (task.local::scheduled_job::frappe.twofactor.delete_all_barcodes_for_users)
2026-04-30 13:53:59,140 Result is kept for 600 seconds
2026-04-30 13:53:59,164 home-mahmoudtawfeek-task-manger:long: frappe.utils.background_jobs.execute_job(event=None, is_async=True, job_name='frappe.core.doctype.scheduled_job_type.scheduled_job_type.run_scheduled_jo..., kwargs={'job_type': 'frappe.website.doctype.web_page.web_page.check_publish_status..., method='frappe.core.doctype.scheduled_job_type.scheduled_job_type.run_scheduled_jo..., site='task.local', user='Administrator') (task.local::scheduled_job::frappe.website.doctype.web_page.web_page.check_publish_status)
2026-04-30 13:54:01,075 home-mahmoudtawfeek-task-manger:long: Job OK (task.local::scheduled_job::frappe.website.doctype.web_page.web_page.check_publish_status)
2026-04-30 13:54:01,076 Result is kept for 600 seconds
2026-04-30 13:54:01,096 home-mahmoudtawfeek-task-manger:long: frappe.utils.background_jobs.execute_job(event=None, is_async=True, job_name='frappe.core.doctype.scheduled_job_type.scheduled_job_type.run_scheduled_jo..., kwargs={'job_type': 'erpnext.stock.doctype.repost_item_valuation.repost_item_valua..., method='frappe.core.doctype.scheduled_job_type.scheduled_job_type.run_scheduled_jo..., site='task.local', user='Administrator') (task.local::scheduled_job::erpnext.stock.doctype.repost_item_valuation.repost_item_valuation.repost_entries)
2026-04-30 13:54:06,510 home-mahmoudtawfeek-task-manger:long: Job OK (task.local::scheduled_job::erpnext.stock.doctype.repost_item_valuation.repost_item_valuation.repost_entries)
2026-04-30 13:54:06,542 Result is kept for 600 seconds
2026-04-30 13:54:06,550 home-mahmoudtawfeek-task-manger:long: frappe.utils.background_jobs.execute_job(event=None, is_async=True, job_name='frappe.core.doctype.scheduled_job_type.scheduled_job_type.run_scheduled_jo..., kwargs={'job_type': 'erpnext.utilities.doctype.video.video.update_youtube_data'}, method='frappe.core.doctype.scheduled_job_type.scheduled_job_type.run_scheduled_jo..., site='task.local', user='Administrator') (task.local::scheduled_job::erpnext.utilities.doctype.video.video.update_youtube_data)
2026-04-30 13:54:12,832 home-mahmoudtawfeek-task-manger:long: Job OK (task.local::scheduled_job::erpnext.utilities.doctype.video.video.update_youtube_data)
2026-04-30 13:54:12,833 Result is kept for 600 seconds
2026-04-30 13:54:13,087 home-mahmoudtawfeek-task-manger:long: frappe.utils.background_jobs.execute_job(event=None, is_async=True, job_name='frappe.core.doctype.scheduled_job_type.scheduled_job_type.run_scheduled_jo..., kwargs={'job_type': 'frappe.model.utils.user_settings.sync_user_settings'}, method='frappe.core.doctype.scheduled_job_type.scheduled_job_type.run_scheduled_jo..., site='task.local', user='Administrator') (task.local::scheduled_job::frappe.model.utils.user_settings.sync_user_settings)
2026-04-30 13:54:15,477 home-mahmoudtawfeek-task-manger:long: Job OK (task.local::scheduled_job::frappe.model.utils.user_settings.sync_user_settings)
2026-04-30 13:54:15,477 Result is kept for 600 seconds
2026-04-30 13:54:15,487 home-mahmoudtawfeek-task-manger:long: frappe.utils.background_jobs.execute_job(event=None, is_async=True, job_name='frappe.core.doctype.scheduled_job_type.scheduled_job_type.run_scheduled_jo..., kwargs={'job_type': 'frappe.core.doctype.prepared_report.prepared_report.expire_st..., method='frappe.core.doctype.scheduled_job_type.scheduled_job_type.run_scheduled_jo..., site='task.local', user='Administrator') (task.local::scheduled_job::frappe.core.doctype.prepared_report.prepared_report.expire_stalled_report)
2026-04-30 13:54:16,930 Worker 76c651485e834db98620b6272a676ed4 [PID 10448]: warm shut down requested
2026-05-01 00:09:52,768 Worker rq:worker:5420ce95139542fcaec5ca78148cf106 started with PID 10733, version 1.15.1
2026-05-01 00:09:52,945 Subscribing to channel rq:pubsub:5420ce95139542fcaec5ca78148cf106
2026-05-01 00:09:52,947 *** Listening on home-mahmoudtawfeek-task-manger:short, home-mahmoudtawfeek-task-manger:default, home-mahmoudtawfeek-task-manger:long...
2026-05-01 00:09:52,948 Cleaning registries for queue: home-mahmoudtawfeek-task-manger:short
2026-05-01 00:09:53,166 Cleaning registries for queue: home-mahmoudtawfeek-task-manger:default
2026-05-01 00:09:53,168 Cleaning registries for queue: home-mahmoudtawfeek-task-manger:long
2026-05-01 00:10:00,449 home-mahmoudtawfeek-task-manger:long: frappe.utils.background_jobs.execute_job(event=None, is_async=True, job_name='frappe.core.doctype.scheduled_job_type.scheduled_job_type.run_scheduled_jo..., kwargs={'job_type': 'erpnext.projects.doctype.project.project.collect_project_stat..., method='frappe.core.doctype.scheduled_job_type.scheduled_job_type.run_scheduled_jo..., site='task.local', user='Administrator') (task.local::scheduled_job::erpnext.projects.doctype.project.project.collect_project_status)
2026-05-01 00:10:46,253 home-mahmoudtawfeek-task-manger:long: Job OK (task.local::scheduled_job::erpnext.projects.doctype.project.project.collect_project_status)
2026-05-01 00:10:46,254 Result is kept for 600 seconds
2026-05-01 00:10:46,439 home-mahmoudtawfeek-task-manger:long: frappe.utils.background_jobs.execute_job(event=None, is_async=True, job_name='frappe.core.doctype.scheduled_job_type.scheduled_job_type.run_scheduled_jo..., kwargs={'job_type': 'frappe.desk.page.backups.backups.delete_downloadable_backups'..., method='frappe.core.doctype.scheduled_job_type.scheduled_job_type.run_scheduled_jo..., site='task.local', user='Administrator') (task.local::scheduled_job::frappe.desk.page.backups.backups.delete_downloadable_backups)
2026-05-01 00:10:49,214 home-mahmoudtawfeek-task-manger:long: Job OK (task.local::scheduled_job::frappe.desk.page.backups.backups.delete_downloadable_backups)
2026-05-01 00:10:49,215 Result is kept for 600 seconds
2026-05-01 00:10:49,231 home-mahmoudtawfeek-task-manger:long: frappe.utils.background_jobs.execute_job(event=None, is_async=True, job_name='frappe.core.doctype.scheduled_job_type.scheduled_job_type.run_scheduled_jo..., kwargs={'job_type': 'erpnext.erpnext_integrations.doctype.plaid_settings.plaid_set..., method='frappe.core.doctype.scheduled_job_type.scheduled_job_type.run_scheduled_jo..., site='task.local', user='Administrator') (task.local::scheduled_job::erpnext.erpnext_integrations.doctype.plaid_settings.plaid_settings.automatic_synchronization)
2026-05-01 00:10:51,858 home-mahmoudtawfeek-task-manger:long: Job OK (task.local::scheduled_job::erpnext.erpnext_integrations.doctype.plaid_settings.plaid_settings.automatic_synchronization)
2026-05-01 00:10:51,858 Result is kept for 600 seconds
2026-05-01 00:10:51,990 home-mahmoudtawfeek-task-manger:long: frappe.utils.background_jobs.execute_job(event=None, is_async=True, job_name='frappe.core.doctype.scheduled_job_type.scheduled_job_type.run_scheduled_jo..., kwargs={'job_type': 'frappe.desk.utils.delete_old_exported_report_files'}, method='frappe.core.doctype.scheduled_job_type.scheduled_job_type.run_scheduled_jo..., site='task.local', user='Administrator') (task.local::scheduled_job::frappe.desk.utils.delete_old_exported_report_files)
2026-05-01 00:10:56,276 home-mahmoudtawfeek-task-manger:long: Job OK (task.local::scheduled_job::frappe.desk.utils.delete_old_exported_report_files)
2026-05-01 00:10:56,906 Result is kept for 600 seconds
2026-05-01 00:10:56,928 home-mahmoudtawfeek-task-manger:long: frappe.utils.background_jobs.execute_job(event=None, is_async=True, job_name='frappe.core.doctype.scheduled_job_type.scheduled_job_type.run_scheduled_jo..., kwargs={'job_type': 'frappe.oauth.delete_oauth2_data'}, method='frappe.core.doctype.scheduled_job_type.scheduled_job_type.run_scheduled_jo..., site='task.local', user='Administrator') (task.local::scheduled_job::frappe.oauth.delete_oauth2_data)
2026-05-01 00:11:08,327 home-mahmoudtawfeek-task-manger:long: Job OK (task.local::scheduled_job::frappe.oauth.delete_oauth2_data)
2026-05-01 00:11:08,327 Result is kept for 600 seconds
2026-05-01 00:11:08,336 home-mahmoudtawfeek-task-manger:default: frappe.utils.background_jobs.execute_job(event=None, is_async=True, job_name='frappe.core.doctype.scheduled_job_type.scheduled_job_type.run_scheduled_jo..., kwargs={'job_type': 'frappe.desk.doctype.event.event.send_event_digest'}, method='frappe.core.doctype.scheduled_job_type.scheduled_job_type.run_scheduled_jo..., site='task.local', user='Administrator') (task.local::scheduled_job::frappe.desk.doctype.event.event.send_event_digest)
2026-05-01 00:11:13,437 home-mahmoudtawfeek-task-manger:default: Job OK (task.local::scheduled_job::frappe.desk.doctype.event.event.send_event_digest)
2026-05-01 00:11:13,437 Result is kept for 600 seconds
2026-05-01 00:11:13,526 home-mahmoudtawfeek-task-manger:default: frappe.utils.background_jobs.execute_job(event=None, is_async=True, job_name='frappe.core.doctype.scheduled_job_type.scheduled_job_type.run_scheduled_jo..., kwargs={'job_type': 'frappe.email.doctype.email_account.email_account.pull'}, method='frappe.core.doctype.scheduled_job_type.scheduled_job_type.run_scheduled_jo..., site='task.local', user='Administrator') (task.local::scheduled_job::frappe.email.doctype.email_account.email_account.pull)
2026-05-01 00:11:18,381 home-mahmoudtawfeek-task-manger:default: Job OK (task.local::scheduled_job::frappe.email.doctype.email_account.email_account.pull)
2026-05-01 00:11:18,381 Result is kept for 600 seconds
2026-05-01 00:11:18,393 home-mahmoudtawfeek-task-manger:default: frappe.utils.background_jobs.execute_job(event=None, is_async=True, job_name='frappe.core.doctype.scheduled_job_type.scheduled_job_type.run_scheduled_jo..., kwargs={'job_type': 'frappe.email.doctype.notification.notification.trigger_daily_..., method='frappe.core.doctype.scheduled_job_type.scheduled_job_type.run_scheduled_jo..., site='task.local', user='Administrator') (task.local::scheduled_job::frappe.email.doctype.notification.notification.trigger_daily_alerts)
2026-05-01 00:11:20,625 home-mahmoudtawfeek-task-manger:default: Job OK (task.local::scheduled_job::frappe.email.doctype.notification.notification.trigger_daily_alerts)
2026-05-01 00:11:20,626 Result is kept for 600 seconds
2026-05-01 00:11:20,893 home-mahmoudtawfeek-task-manger:default: frappe.utils.background_jobs.execute_job(event=None, is_async=True, job_name='frappe.core.doctype.scheduled_job_type.scheduled_job_type.run_scheduled_jo..., kwargs={'job_type': 'frappe.automation.doctype.reminder.reminder.send_reminders'}, method='frappe.core.doctype.scheduled_job_type.scheduled_job_type.run_scheduled_jo..., site='task.local', user='Administrator') (task.local::scheduled_job::frappe.automation.doctype.reminder.reminder.send_reminders)
2026-05-01 00:11:24,028 home-mahmoudtawfeek-task-manger:default: Job OK (task.local::scheduled_job::frappe.automation.doctype.reminder.reminder.send_reminders)
2026-05-01 00:11:24,029 Result is kept for 600 seconds
2026-05-01 00:11:24,059 home-mahmoudtawfeek-task-manger:default: frappe.utils.background_jobs.execute_job(event=None, is_async=True, job_name='frappe.core.doctype.scheduled_job_type.scheduled_job_type.run_scheduled_jo..., kwargs={'job_type': 'frappe.email.queue.flush'}, method='frappe.core.doctype.scheduled_job_type.scheduled_job_type.run_scheduled_jo..., site='task.local', user='Administrator') (task.local::scheduled_job::frappe.email.queue.flush)
2026-05-01 00:11:30,146 home-mahmoudtawfeek-task-manger:default: Job OK (task.local::scheduled_job::frappe.email.queue.flush)
2026-05-01 00:11:30,146 Result is kept for 600 seconds
2026-05-01 00:11:30,168 home-mahmoudtawfeek-task-manger:default: frappe.utils.background_jobs.execute_job(event=None, is_async=True, job_name='frappe.core.doctype.scheduled_job_type.scheduled_job_type.run_scheduled_jo..., kwargs={'job_type': 'frappe.email.doctype.email_account.email_account.notify_unrep..., method='frappe.core.doctype.scheduled_job_type.scheduled_job_type.run_scheduled_jo..., site='task.local', user='Administrator') (task.local::scheduled_job::frappe.email.doctype.email_account.email_account.notify_unreplied)
2026-05-01 00:11:33,892 home-mahmoudtawfeek-task-manger:default: Job OK (task.local::scheduled_job::frappe.email.doctype.email_account.email_account.notify_unreplied)
2026-05-01 00:11:33,892 Result is kept for 600 seconds
2026-05-01 00:11:33,899 home-mahmoudtawfeek-task-manger:default: frappe.utils.background_jobs.execute_job(event=None, is_async=True, job_name='frappe.core.doctype.scheduled_job_type.scheduled_job_type.run_scheduled_jo..., kwargs={'job_type': 'frappe.model.utils.link_count.update_link_count'}, method='frappe.core.doctype.scheduled_job_type.scheduled_job_type.run_scheduled_jo..., site='task.local', user='Administrator') (task.local::scheduled_job::frappe.model.utils.link_count.update_link_count)
2026-05-01 00:11:36,592 home-mahmoudtawfeek-task-manger:default: Job OK (task.local::scheduled_job::frappe.model.utils.link_count.update_link_count)
2026-05-01 00:11:36,592 Result is kept for 600 seconds
2026-05-01 00:11:36,609 home-mahmoudtawfeek-task-manger:default: frappe.utils.background_jobs.execute_job(event=None, is_async=True, job_name='frappe.core.doctype.scheduled_job_type.scheduled_job_type.run_scheduled_jo..., kwargs={'job_type': 'frappe.monitor.flush'}, method='frappe.core.doctype.scheduled_job_type.scheduled_job_type.run_scheduled_jo..., site='task.local', user='Administrator') (task.local::scheduled_job::frappe.monitor.flush)
2026-05-01 00:11:37,773 home-mahmoudtawfeek-task-manger:default: Job OK (task.local::scheduled_job::frappe.monitor.flush)
2026-05-01 00:11:37,775 Result is kept for 600 seconds
2026-05-01 00:11:37,794 home-mahmoudtawfeek-task-manger:default: frappe.utils.background_jobs.execute_job(event=None, is_async=True, job_name='frappe.core.doctype.scheduled_job_type.scheduled_job_type.run_scheduled_jo..., kwargs={'job_type': 'frappe.integrations.doctype.google_calendar.google_calendar.s..., method='frappe.core.doctype.scheduled_job_type.scheduled_job_type.run_scheduled_jo..., site='task.local', user='Administrator') (task.local::scheduled_job::frappe.integrations.doctype.google_calendar.google_calendar.sync)
2026-05-01 00:11:55,510 home-mahmoudtawfeek-task-manger:default: Job OK (task.local::scheduled_job::frappe.integrations.doctype.google_calendar.google_calendar.sync)
2026-05-01 00:11:55,512 Result is kept for 600 seconds
2026-05-01 00:11:55,609 home-mahmoudtawfeek-task-manger:default: frappe.utils.background_jobs.execute_job(event=None, is_async=True, job_name='frappe.core.doctype.scheduled_job_type.scheduled_job_type.run_scheduled_jo..., kwargs={'job_type': 'erpnext.accounts.doctype.gl_entry.gl_entry.rename_gle_sle_doc..., method='frappe.core.doctype.scheduled_job_type.scheduled_job_type.run_scheduled_jo..., site='task.local', user='Administrator') (task.local::scheduled_job::erpnext.accounts.doctype.gl_entry.gl_entry.rename_gle_sle_docs)
2026-05-01 00:12:01,348 home-mahmoudtawfeek-task-manger:default: Job OK (task.local::scheduled_job::erpnext.accounts.doctype.gl_entry.gl_entry.rename_gle_sle_docs)
2026-05-01 00:12:01,348 Result is kept for 600 seconds
2026-05-01 00:12:01,465 home-mahmoudtawfeek-task-manger:default: frappe.utils.background_jobs.execute_job(event=None, is_async=True, job_name='frappe.core.doctype.scheduled_job_type.scheduled_job_type.run_scheduled_jo..., kwargs={'job_type': 'frappe.utils.global_search.sync_global_search'}, method='frappe.core.doctype.scheduled_job_type.scheduled_job_type.run_scheduled_jo..., site='task.local', user='Administrator') (task.local::scheduled_job::frappe.utils.global_search.sync_global_search)
2026-05-01 00:12:03,563 home-mahmoudtawfeek-task-manger:default: Job OK (task.local::scheduled_job::frappe.utils.global_search.sync_global_search)
2026-05-01 00:12:03,563 Result is kept for 600 seconds
2026-05-01 00:12:03,628 home-mahmoudtawfeek-task-manger:default: frappe.utils.background_jobs.execute_job(event=None, is_async=True, job_name='frappe.core.doctype.scheduled_job_type.scheduled_job_type.run_scheduled_jo..., kwargs={'job_type': 'frappe.deferred_insert.save_to_db'}, method='frappe.core.doctype.scheduled_job_type.scheduled_job_type.run_scheduled_jo..., site='task.local', user='Administrator') (task.local::scheduled_job::frappe.deferred_insert.save_to_db)
2026-05-01 00:12:05,232 home-mahmoudtawfeek-task-manger:default: Job OK (task.local::scheduled_job::frappe.deferred_insert.save_to_db)
2026-05-01 00:12:05,232 Result is kept for 600 seconds
2026-05-01 00:12:05,243 home-mahmoudtawfeek-task-manger:default: frappe.utils.background_jobs.execute_job(event=None, is_async=True, job_name='frappe.core.doctype.scheduled_job_type.scheduled_job_type.run_scheduled_jo..., kwargs={'job_type': 'erpnext.projects.doctype.project.project.hourly_reminder'}, method='frappe.core.doctype.scheduled_job_type.scheduled_job_type.run_scheduled_jo..., site='task.local', user='Administrator') (task.local::scheduled_job::erpnext.projects.doctype.project.project.hourly_reminder)
2026-05-01 00:12:07,366 home-mahmoudtawfeek-task-manger:default: Job OK (task.local::scheduled_job::erpnext.projects.doctype.project.project.hourly_reminder)
2026-05-01 00:12:07,367 Result is kept for 600 seconds
2026-05-01 00:12:07,394 home-mahmoudtawfeek-task-manger:default: frappe.utils.background_jobs.execute_job(event=None, is_async=True, job_name='frappe.core.doctype.scheduled_job_type.scheduled_job_type.run_scheduled_jo..., kwargs={'job_type': 'erpnext.manufacturing.doctype.bom_update_log.bom_update_log.r..., method='frappe.core.doctype.scheduled_job_type.scheduled_job_type.run_scheduled_jo..., site='task.local', user='Administrator') (task.local::scheduled_job::erpnext.manufacturing.doctype.bom_update_log.bom_update_log.resume_bom_cost_update_jobs)
2026-05-01 00:12:09,202 home-mahmoudtawfeek-task-manger:default: Job OK (task.local::scheduled_job::erpnext.manufacturing.doctype.bom_update_log.bom_update_log.resume_bom_cost_update_jobs)
2026-05-01 00:12:09,202 Result is kept for 600 seconds
2026-05-01 00:12:09,220 home-mahmoudtawfeek-task-manger:default: frappe.utils.background_jobs.execute_job(event=None, is_async=True, job_name='frappe.core.doctype.scheduled_job_type.scheduled_job_type.run_scheduled_jo..., kwargs={'job_type': 'frappe.email.doctype.newsletter.newsletter.send_scheduled_ema..., method='frappe.core.doctype.scheduled_job_type.scheduled_job_type.run_scheduled_jo..., site='task.local', user='Administrator') (task.local::scheduled_job::frappe.email.doctype.newsletter.newsletter.send_scheduled_email)
2026-05-01 00:12:10,805 home-mahmoudtawfeek-task-manger:default: Job OK (task.local::scheduled_job::frappe.email.doctype.newsletter.newsletter.send_scheduled_email)
2026-05-01 00:12:10,805 Result is kept for 600 seconds
2026-05-01 00:12:10,815 home-mahmoudtawfeek-task-manger:default: frappe.utils.background_jobs.execute_job(event=None, is_async=True, job_name='frappe.core.doctype.scheduled_job_type.scheduled_job_type.run_scheduled_jo..., kwargs={'job_type': 'frappe.social.doctype.energy_point_log.energy_point_log.send_..., method='frappe.core.doctype.scheduled_job_type.scheduled_job_type.run_scheduled_jo..., site='task.local', user='Administrator') (task.local::scheduled_job::frappe.social.doctype.energy_point_log.energy_point_log.send_monthly_summary)
2026-05-01 00:12:11,647 home-mahmoudtawfeek-task-manger:default: Job OK (task.local::scheduled_job::frappe.social.doctype.energy_point_log.energy_point_log.send_monthly_summary)
2026-05-01 00:12:11,647 Result is kept for 600 seconds
2026-05-01 00:12:11,660 home-mahmoudtawfeek-task-manger:default: frappe.utils.background_jobs.execute_job(event=None, is_async=True, job_name='frappe.core.doctype.scheduled_job_type.scheduled_job_type.run_scheduled_jo..., kwargs={'job_type': 'frappe.email.queue.retry_sending_emails'}, method='frappe.core.doctype.scheduled_job_type.scheduled_job_type.run_scheduled_jo..., site='task.local', user='Administrator') (task.local::scheduled_job::frappe.email.queue.retry_sending_emails)
2026-05-01 00:12:14,268 home-mahmoudtawfeek-task-manger:default: Job OK (task.local::scheduled_job::frappe.email.queue.retry_sending_emails)
2026-05-01 00:12:14,268 Result is kept for 600 seconds
2026-05-01 00:12:14,280 home-mahmoudtawfeek-task-manger:default: frappe.utils.background_jobs.execute_job(event=None, is_async=True, job_name='frappe.core.doctype.scheduled_job_type.scheduled_job_type.run_scheduled_jo..., kwargs={'job_type': 'frappe.search.sqlite_search.build_index_if_not_exists'}, method='frappe.core.doctype.scheduled_job_type.scheduled_job_type.run_scheduled_jo..., site='task.local', user='Administrator') (task.local::scheduled_job::frappe.search.sqlite_search.build_index_if_not_exists)
2026-05-01 00:12:15,232 home-mahmoudtawfeek-task-manger:default: Job OK (task.local::scheduled_job::frappe.search.sqlite_search.build_index_if_not_exists)
2026-05-01 00:12:15,233 Result is kept for 600 seconds
2026-05-01 00:12:15,246 home-mahmoudtawfeek-task-manger:default: frappe.utils.background_jobs.execute_job(event=None, is_async=True, job_name='frappe.core.doctype.scheduled_job_type.scheduled_job_type.run_scheduled_jo..., kwargs={'job_type': 'frappe.email.doctype.auto_email_report.auto_email_report.send..., method='frappe.core.doctype.scheduled_job_type.scheduled_job_type.run_scheduled_jo..., site='task.local', user='Administrator') (task.local::scheduled_job::frappe.email.doctype.auto_email_report.auto_email_report.send_monthly)
2026-05-01 00:12:32,649 home-mahmoudtawfeek-task-manger:default: Job OK (task.local::scheduled_job::frappe.email.doctype.auto_email_report.auto_email_report.send_monthly)
2026-05-01 00:12:32,649 Result is kept for 600 seconds
2026-05-01 00:12:32,811 home-mahmoudtawfeek-task-manger:default: frappe.utils.background_jobs.execute_job(event=None, is_async=True, job_name='frappe.core.doctype.scheduled_job_type.scheduled_job_type.run_scheduled_jo..., kwargs={'job_type': 'frappe.desk.form.document_follow.send_daily_updates'}, method='frappe.core.doctype.scheduled_job_type.scheduled_job_type.run_scheduled_jo..., site='task.local', user='Administrator') (task.local::scheduled_job::frappe.desk.form.document_follow.send_daily_updates)
2026-05-01 00:12:34,854 home-mahmoudtawfeek-task-manger:default: Job OK (task.local::scheduled_job::frappe.desk.form.document_follow.send_daily_updates)
2026-05-01 00:12:34,854 Result is kept for 600 seconds
2026-05-01 00:12:34,866 home-mahmoudtawfeek-task-manger:default: frappe.utils.background_jobs.execute_job(event=None, is_async=True, job_name='frappe.core.doctype.scheduled_job_type.scheduled_job_type.run_scheduled_jo..., kwargs={'job_type': 'frappe.utils.telemetry.pulse.client.send_queued_events'}, method='frappe.core.doctype.scheduled_job_type.scheduled_job_type.run_scheduled_jo..., site='task.local', user='Administrator') (task.local::scheduled_job::frappe.utils.telemetry.pulse.client.send_queued_events)
2026-05-01 00:12:37,473 home-mahmoudtawfeek-task-manger:default: Job OK (task.local::scheduled_job::frappe.utils.telemetry.pulse.client.send_queued_events)
2026-05-01 00:12:37,474 Result is kept for 600 seconds
2026-05-01 00:12:37,500 home-mahmoudtawfeek-task-manger:default: frappe.utils.background_jobs.execute_job(event=None, is_async=True, job_name='frappe.core.doctype.scheduled_job_type.scheduled_job_type.run_scheduled_jo..., kwargs={'job_type': 'frappe.email.queue.flush'}, method='frappe.core.doctype.scheduled_job_type.scheduled_job_type.run_scheduled_jo..., site='task.local', user='Administrator') (task.local::scheduled_job::frappe.email.queue.flush)
2026-05-01 00:12:46,858 home-mahmoudtawfeek-task-manger:default: Job OK (task.local::scheduled_job::frappe.email.queue.flush)
2026-05-01 00:12:46,858 Result is kept for 600 seconds
2026-05-01 00:12:46,918 home-mahmoudtawfeek-task-manger:default: frappe.utils.background_jobs.execute_job(event=None, is_async=True, job_name='frappe.core.doctype.scheduled_job_type.scheduled_job_type.run_scheduled_jo..., kwargs={'job_type': 'frappe.integrations.doctype.google_calendar.google_calendar.s..., method='frappe.core.doctype.scheduled_job_type.scheduled_job_type.run_scheduled_jo..., site='task.local', user='Administrator') (task.local::scheduled_job::frappe.integrations.doctype.google_calendar.google_calendar.sync)
2026-05-01 00:12:49,199 home-mahmoudtawfeek-task-manger:default: Job OK (task.local::scheduled_job::frappe.integrations.doctype.google_calendar.google_calendar.sync)
2026-05-01 00:12:49,199 Result is kept for 600 seconds
2026-05-01 00:12:49,226 home-mahmoudtawfeek-task-manger:default: frappe.utils.background_jobs.execute_job(event=None, is_async=True, job_name='frappe.core.doctype.scheduled_job_type.scheduled_job_type.run_scheduled_jo..., kwargs={'job_type': 'frappe.monitor.flush'}, method='frappe.core.doctype.scheduled_job_type.scheduled_job_type.run_scheduled_jo..., site='task.local', user='Administrator') (task.local::scheduled_job::frappe.monitor.flush)
2026-05-01 00:12:50,918 home-mahmoudtawfeek-task-manger:default: Job OK (task.local::scheduled_job::frappe.monitor.flush)
2026-05-01 00:12:50,919 Result is kept for 600 seconds
2026-05-01 00:12:50,962 home-mahmoudtawfeek-task-manger:long: frappe.utils.background_jobs.execute_job(event=None, is_async=True, job_name='frappe.core.doctype.scheduled_job_type.scheduled_job_type.run_scheduled_jo..., kwargs={'job_type': 'erpnext.utilities.bulk_transaction.retry'}, method='frappe.core.doctype.scheduled_job_type.scheduled_job_type.run_scheduled_jo..., site='task.local', user='Administrator') (task.local::scheduled_job::erpnext.utilities.bulk_transaction.retry)
2026-05-01 00:13:02,237 home-mahmoudtawfeek-task-manger:long: Job OK (task.local::scheduled_job::erpnext.utilities.bulk_transaction.retry)
2026-05-01 00:13:02,237 Result is kept for 600 seconds
2026-05-01 00:13:02,841 home-mahmoudtawfeek-task-manger:long: frappe.utils.background_jobs.execute_job(event=None, is_async=True, job_name='frappe.core.doctype.scheduled_job_type.scheduled_job_type.run_scheduled_jo..., kwargs={'job_type': 'frappe.desk.form.document_follow.send_hourly_updates'}, method='frappe.core.doctype.scheduled_job_type.scheduled_job_type.run_scheduled_jo..., site='task.local', user='Administrator') (task.local::scheduled_job::frappe.desk.form.document_follow.send_hourly_updates)
2026-05-01 00:13:10,381 home-mahmoudtawfeek-task-manger:long: Job OK (task.local::scheduled_job::frappe.desk.form.document_follow.send_hourly_updates)
2026-05-01 00:13:10,382 Result is kept for 600 seconds
2026-05-01 00:13:12,724 home-mahmoudtawfeek-task-manger:long: frappe.utils.background_jobs.execute_job(event=None, is_async=True, job_name='frappe.core.doctype.scheduled_job_type.scheduled_job_type.run_scheduled_jo..., kwargs={'job_type': 'erpnext.projects.doctype.project.project.project_status_updat..., method='frappe.core.doctype.scheduled_job_type.scheduled_job_type.run_scheduled_jo..., site='task.local', user='Administrator') (task.local::scheduled_job::erpnext.projects.doctype.project.project.project_status_update_reminder)
2026-05-01 00:13:22,910 home-mahmoudtawfeek-task-manger:long: Job OK (task.local::scheduled_job::erpnext.projects.doctype.project.project.project_status_update_reminder)
2026-05-01 00:13:22,910 Result is kept for 600 seconds
2026-05-01 00:13:23,042 home-mahmoudtawfeek-task-manger:long: frappe.utils.background_jobs.execute_job(event=None, is_async=True, job_name='frappe.core.doctype.scheduled_job_type.scheduled_job_type.run_scheduled_jo..., kwargs={'job_type': 'erpnext.projects.doctype.project.project.update_project_sales..., method='frappe.core.doctype.scheduled_job_type.scheduled_job_type.run_scheduled_jo..., site='task.local', user='Administrator') (task.local::scheduled_job::erpnext.projects.doctype.project.project.update_project_sales_billing)
2026-05-01 00:13:29,525 home-mahmoudtawfeek-task-manger:long: Job OK (task.local::scheduled_job::erpnext.projects.doctype.project.project.update_project_sales_billing)
2026-05-01 00:13:30,137 Result is kept for 600 seconds
2026-05-01 00:13:32,177 home-mahmoudtawfeek-task-manger:long: frappe.utils.background_jobs.execute_job(event=None, is_async=True, job_name='frappe.core.doctype.scheduled_job_type.scheduled_job_type.run_scheduled_jo..., kwargs={'job_type': 'erpnext.assets.doctype.asset_maintenance_log.asset_maintenanc..., method='frappe.core.doctype.scheduled_job_type.scheduled_job_type.run_scheduled_jo..., site='task.local', user='Administrator') (task.local::scheduled_job::erpnext.assets.doctype.asset_maintenance_log.asset_maintenance_log.update_asset_maintenance_log_status)
2026-05-01 00:13:46,476 home-mahmoudtawfeek-task-manger:long: Job OK (task.local::scheduled_job::erpnext.assets.doctype.asset_maintenance_log.asset_maintenance_log.update_asset_maintenance_log_status)
2026-05-01 00:13:46,476 Result is kept for 600 seconds
2026-05-01 00:13:46,484 home-mahmoudtawfeek-task-manger:long: frappe.utils.background_jobs.execute_job(event=None, is_async=True, job_name='frappe.core.doctype.scheduled_job_type.scheduled_job_type.run_scheduled_jo..., kwargs={'job_type': 'erpnext.setup.doctype.company.company.cache_companies_monthly..., method='frappe.core.doctype.scheduled_job_type.scheduled_job_type.run_scheduled_jo..., site='task.local', user='Administrator') (task.local::scheduled_job::erpnext.setup.doctype.company.company.cache_companies_monthly_sales_history)
2026-05-01 00:14:04,504 home-mahmoudtawfeek-task-manger:long: Job OK (task.local::scheduled_job::erpnext.setup.doctype.company.company.cache_companies_monthly_sales_history)
2026-05-01 00:14:04,505 Result is kept for 600 seconds
2026-05-01 00:14:04,513 home-mahmoudtawfeek-task-manger:long: frappe.utils.background_jobs.execute_job(event=None, is_async=True, job_name='frappe.core.doctype.scheduled_job_type.scheduled_job_type.run_scheduled_jo..., kwargs={'job_type': 'frappe.sessions.clear_expired_sessions'}, method='frappe.core.doctype.scheduled_job_type.scheduled_job_type.run_scheduled_jo..., site='task.local', user='Administrator') (task.local::scheduled_job::frappe.sessions.clear_expired_sessions)
2026-05-01 00:14:10,106 home-mahmoudtawfeek-task-manger:long: Job OK (task.local::scheduled_job::frappe.sessions.clear_expired_sessions)
2026-05-01 00:14:10,107 Result is kept for 600 seconds
2026-05-01 00:14:10,121 home-mahmoudtawfeek-task-manger:long: frappe.utils.background_jobs.execute_job(event=None, is_async=True, job_name='frappe.core.doctype.scheduled_job_type.scheduled_job_type.run_scheduled_jo..., kwargs={'job_type': 'frappe.twofactor.delete_all_barcodes_for_users'}, method='frappe.core.doctype.scheduled_job_type.scheduled_job_type.run_scheduled_jo..., site='task.local', user='Administrator') (task.local::scheduled_job::frappe.twofactor.delete_all_barcodes_for_users)
2026-05-01 00:14:13,435 home-mahmoudtawfeek-task-manger:long: Job OK (task.local::scheduled_job::frappe.twofactor.delete_all_barcodes_for_users)
2026-05-01 00:14:13,766 Result is kept for 600 seconds
2026-05-01 00:14:14,085 home-mahmoudtawfeek-task-manger:long: frappe.utils.background_jobs.execute_job(event=None, is_async=True, job_name='frappe.core.doctype.scheduled_job_type.scheduled_job_type.run_scheduled_jo..., kwargs={'job_type': 'erpnext.buying.doctype.supplier_scorecard.supplier_scorecard...., method='frappe.core.doctype.scheduled_job_type.scheduled_job_type.run_scheduled_jo..., site='task.local', user='Administrator') (task.local::scheduled_job::erpnext.buying.doctype.supplier_scorecard.supplier_scorecard.refresh_scorecards)
2026-05-01 00:14:31,316 home-mahmoudtawfeek-task-manger:long: Job OK (task.local::scheduled_job::erpnext.buying.doctype.supplier_scorecard.supplier_scorecard.refresh_scorecards)
2026-05-01 00:14:31,961 Result is kept for 600 seconds
2026-05-01 00:14:32,831 home-mahmoudtawfeek-task-manger:long: frappe.utils.background_jobs.execute_job(event=None, is_async=True, job_name='frappe.core.doctype.scheduled_job_type.scheduled_job_type.run_scheduled_jo..., kwargs={'job_type': 'erpnext.accounts.utils.run_ledger_health_checks'}, method='frappe.core.doctype.scheduled_job_type.scheduled_job_type.run_scheduled_jo..., site='task.local', user='Administrator') (task.local::scheduled_job::erpnext.accounts.utils.run_ledger_health_checks)
2026-05-01 00:14:57,695 home-mahmoudtawfeek-task-manger:long: Job OK (task.local::scheduled_job::erpnext.accounts.utils.run_ledger_health_checks)
2026-05-01 00:14:57,695 Result is kept for 600 seconds
2026-05-01 00:14:57,713 home-mahmoudtawfeek-task-manger:long: frappe.utils.background_jobs.execute_job(event=None, is_async=True, job_name='frappe.core.doctype.scheduled_job_type.scheduled_job_type.run_scheduled_jo..., kwargs={'job_type': 'erpnext.accounts.doctype.fiscal_year.fiscal_year.auto_create_..., method='frappe.core.doctype.scheduled_job_type.scheduled_job_type.run_scheduled_jo..., site='task.local', user='Administrator') (task.local::scheduled_job::erpnext.accounts.doctype.fiscal_year.fiscal_year.auto_create_fiscal_year)
2026-05-01 00:14:59,209 home-mahmoudtawfeek-task-manger:long: Job OK (task.local::scheduled_job::erpnext.accounts.doctype.fiscal_year.fiscal_year.auto_create_fiscal_year)
2026-05-01 00:14:59,210 Result is kept for 600 seconds
2026-05-01 00:14:59,229 home-mahmoudtawfeek-task-manger:long: frappe.utils.background_jobs.execute_job(event=None, is_async=True, job_name='frappe.core.doctype.scheduled_job_type.scheduled_job_type.run_scheduled_jo..., kwargs={'job_type': 'frappe.website.doctype.personal_data_deletion_request.persona..., method='frappe.core.doctype.scheduled_job_type.scheduled_job_type.run_scheduled_jo..., site='task.local', user='Administrator') (task.local::scheduled_job::frappe.website.doctype.personal_data_deletion_request.personal_data_deletion_request.remove_unverified_record)
2026-05-01 00:15:01,153 home-mahmoudtawfeek-task-manger:long: Job OK (task.local::scheduled_job::frappe.website.doctype.personal_data_deletion_request.personal_data_deletion_request.remove_unverified_record)
2026-05-01 00:15:01,153 Result is kept for 600 seconds
2026-05-01 00:15:01,161 home-mahmoudtawfeek-task-manger:long: frappe.utils.background_jobs.execute_job(event=None, is_async=True, job_name='frappe.core.doctype.scheduled_job_type.scheduled_job_type.run_scheduled_jo..., kwargs={'job_type': 'frappe.core.doctype.user_invitation.user_invitation.mark_expi..., method='frappe.core.doctype.scheduled_job_type.scheduled_job_type.run_scheduled_jo..., site='task.local', user='Administrator') (task.local::scheduled_job::frappe.core.doctype.user_invitation.user_invitation.mark_expired_invitations)
2026-05-01 00:15:08,469 home-mahmoudtawfeek-task-manger:long: Job OK (task.local::scheduled_job::frappe.core.doctype.user_invitation.user_invitation.mark_expired_invitations)
2026-05-01 00:15:08,470 Result is kept for 600 seconds
2026-05-01 00:15:08,491 home-mahmoudtawfeek-task-manger:default: frappe.utils.background_jobs.execute_job(event=None, is_async=True, job_name='frappe.core.doctype.scheduled_job_type.scheduled_job_type.run_scheduled_jo..., kwargs={'job_type': 'erpnext.manufacturing.doctype.bom_update_log.bom_update_log.r..., method='frappe.core.doctype.scheduled_job_type.scheduled_job_type.run_scheduled_jo..., site='task.local', user='Administrator') (task.local::scheduled_job::erpnext.manufacturing.doctype.bom_update_log.bom_update_log.resume_bom_cost_update_jobs)
2026-05-01 00:15:11,673 home-mahmoudtawfeek-task-manger:default: Job OK (task.local::scheduled_job::erpnext.manufacturing.doctype.bom_update_log.bom_update_log.resume_bom_cost_update_jobs)
2026-05-01 00:15:11,673 Result is kept for 600 seconds
2026-05-01 00:15:11,828 home-mahmoudtawfeek-task-manger:default: frappe.utils.background_jobs.execute_job(event=None, is_async=True, job_name='frappe.core.doctype.scheduled_job_type.scheduled_job_type.run_scheduled_jo..., kwargs={'job_type': 'frappe.model.utils.link_count.update_link_count'}, method='frappe.core.doctype.scheduled_job_type.scheduled_job_type.run_scheduled_jo..., site='task.local', user='Administrator') (task.local::scheduled_job::frappe.model.utils.link_count.update_link_count)
2026-05-01 00:15:15,002 home-mahmoudtawfeek-task-manger:default: Job OK (task.local::scheduled_job::frappe.model.utils.link_count.update_link_count)
2026-05-01 00:15:15,002 Result is kept for 600 seconds
2026-05-01 00:15:15,015 home-mahmoudtawfeek-task-manger:default: frappe.utils.background_jobs.execute_job(event=None, is_async=True, job_name='frappe.core.doctype.scheduled_job_type.scheduled_job_type.run_scheduled_jo..., kwargs={'job_type': 'frappe.utils.telemetry.pulse.client.send_queued_events'}, method='frappe.core.doctype.scheduled_job_type.scheduled_job_type.run_scheduled_jo..., site='task.local', user='Administrator') (task.local::scheduled_job::frappe.utils.telemetry.pulse.client.send_queued_events)
2026-05-01 00:15:16,160 home-mahmoudtawfeek-task-manger:default: Job OK (task.local::scheduled_job::frappe.utils.telemetry.pulse.client.send_queued_events)
2026-05-01 00:15:16,161 Result is kept for 600 seconds
2026-05-01 00:15:16,168 home-mahmoudtawfeek-task-manger:default: frappe.utils.background_jobs.execute_job(event=None, is_async=True, job_name='frappe.core.doctype.scheduled_job_type.scheduled_job_type.run_scheduled_jo..., kwargs={'job_type': 'frappe.utils.global_search.sync_global_search'}, method='frappe.core.doctype.scheduled_job_type.scheduled_job_type.run_scheduled_jo..., site='task.local', user='Administrator') (task.local::scheduled_job::frappe.utils.global_search.sync_global_search)
2026-05-01 00:15:16,851 home-mahmoudtawfeek-task-manger:default: Job OK (task.local::scheduled_job::frappe.utils.global_search.sync_global_search)
2026-05-01 00:15:16,851 Result is kept for 600 seconds
2026-05-01 00:15:16,859 home-mahmoudtawfeek-task-manger:default: frappe.utils.background_jobs.execute_job(event=None, is_async=True, job_name='frappe.core.doctype.scheduled_job_type.scheduled_job_type.run_scheduled_jo..., kwargs={'job_type': 'frappe.search.sqlite_search.build_index_if_not_exists'}, method='frappe.core.doctype.scheduled_job_type.scheduled_job_type.run_scheduled_jo..., site='task.local', user='Administrator') (task.local::scheduled_job::frappe.search.sqlite_search.build_index_if_not_exists)
2026-05-01 00:15:17,567 home-mahmoudtawfeek-task-manger:default: Job OK (task.local::scheduled_job::frappe.search.sqlite_search.build_index_if_not_exists)
2026-05-01 00:15:17,568 Result is kept for 600 seconds
2026-05-01 00:15:17,574 home-mahmoudtawfeek-task-manger:default: frappe.utils.background_jobs.execute_job(event=None, is_async=True, job_name='frappe.core.doctype.scheduled_job_type.scheduled_job_type.run_scheduled_jo..., kwargs={'job_type': 'frappe.automation.doctype.reminder.reminder.send_reminders'}, method='frappe.core.doctype.scheduled_job_type.scheduled_job_type.run_scheduled_jo..., site='task.local', user='Administrator') (task.local::scheduled_job::frappe.automation.doctype.reminder.reminder.send_reminders)
2026-05-01 00:15:21,088 home-mahmoudtawfeek-task-manger:default: Job OK (task.local::scheduled_job::frappe.automation.doctype.reminder.reminder.send_reminders)
2026-05-01 00:15:21,088 Result is kept for 600 seconds
2026-05-01 00:15:21,101 home-mahmoudtawfeek-task-manger:default: frappe.utils.background_jobs.execute_job(event=None, is_async=True, job_name='frappe.core.doctype.scheduled_job_type.scheduled_job_type.run_scheduled_jo..., kwargs={'job_type': 'frappe.deferred_insert.save_to_db'}, method='frappe.core.doctype.scheduled_job_type.scheduled_job_type.run_scheduled_jo..., site='task.local', user='Administrator') (task.local::scheduled_job::frappe.deferred_insert.save_to_db)
2026-05-01 00:15:22,876 home-mahmoudtawfeek-task-manger:default: Job OK (task.local::scheduled_job::frappe.deferred_insert.save_to_db)
2026-05-01 00:15:22,876 Result is kept for 600 seconds
2026-05-01 00:15:22,900 home-mahmoudtawfeek-task-manger:default: frappe.utils.background_jobs.execute_job(event=None, is_async=True, job_name='frappe.core.doctype.scheduled_job_type.scheduled_job_type.run_scheduled_jo..., kwargs={'job_type': 'frappe.email.doctype.email_account.email_account.notify_unrep..., method='frappe.core.doctype.scheduled_job_type.scheduled_job_type.run_scheduled_jo..., site='task.local', user='Administrator') (task.local::scheduled_job::frappe.email.doctype.email_account.email_account.notify_unreplied)
2026-05-01 00:15:23,679 home-mahmoudtawfeek-task-manger:default: Job OK (task.local::scheduled_job::frappe.email.doctype.email_account.email_account.notify_unreplied)
2026-05-01 00:15:23,680 Result is kept for 600 seconds
2026-05-01 00:15:24,143 home-mahmoudtawfeek-task-manger:long: frappe.utils.background_jobs.execute_job(event=None, is_async=True, job_name='frappe.core.doctype.scheduled_job_type.scheduled_job_type.run_scheduled_jo..., kwargs={'job_type': 'erpnext.assets.doctype.asset.asset.make_post_gl_entry'}, method='frappe.core.doctype.scheduled_job_type.scheduled_job_type.run_scheduled_jo..., site='task.local', user='Administrator') (task.local::scheduled_job::erpnext.assets.doctype.asset.asset.make_post_gl_entry)
2026-05-01 00:16:20,366 home-mahmoudtawfeek-task-manger:long: Job OK (task.local::scheduled_job::erpnext.assets.doctype.asset.asset.make_post_gl_entry)
2026-05-01 00:16:21,735 Result is kept for 600 seconds
2026-05-01 00:16:21,965 home-mahmoudtawfeek-task-manger:default: frappe.utils.background_jobs.execute_job(event=None, is_async=True, job_name='frappe.core.doctype.scheduled_job_type.scheduled_job_type.run_scheduled_jo..., kwargs={'job_type': 'frappe.email.queue.flush'}, method='frappe.core.doctype.scheduled_job_type.scheduled_job_type.run_scheduled_jo..., site='task.local', user='Administrator') (task.local::scheduled_job::frappe.email.queue.flush)
2026-05-01 00:18:25,059 home-mahmoudtawfeek-task-manger:default: Job OK (task.local::scheduled_job::frappe.email.queue.flush)
2026-05-01 00:18:25,059 Result is kept for 600 seconds
2026-05-01 00:18:26,028 home-mahmoudtawfeek-task-manger:default: frappe.utils.background_jobs.execute_job(event=None, is_async=True, job_name='frappe.core.doctype.scheduled_job_type.scheduled_job_type.run_scheduled_jo..., kwargs={'job_type': 'frappe.email.queue.retry_sending_emails'}, method='frappe.core.doctype.scheduled_job_type.scheduled_job_type.run_scheduled_jo..., site='task.local', user='Administrator') (task.local::scheduled_job::frappe.email.queue.retry_sending_emails)
2026-05-01 00:18:47,294 home-mahmoudtawfeek-task-manger:default: Job OK (task.local::scheduled_job::frappe.email.queue.retry_sending_emails)
2026-05-01 00:18:47,295 Result is kept for 600 seconds
2026-05-01 00:18:47,309 home-mahmoudtawfeek-task-manger:default: frappe.utils.background_jobs.execute_job(event=None, is_async=True, job_name='frappe.core.doctype.scheduled_job_type.scheduled_job_type.run_scheduled_jo..., kwargs={'job_type': 'frappe.integrations.doctype.google_calendar.google_calendar.s..., method='frappe.core.doctype.scheduled_job_type.scheduled_job_type.run_scheduled_jo..., site='task.local', user='Administrator') (task.local::scheduled_job::frappe.integrations.doctype.google_calendar.google_calendar.sync)
2026-05-01 00:18:52,689 home-mahmoudtawfeek-task-manger:default: Job OK (task.local::scheduled_job::frappe.integrations.doctype.google_calendar.google_calendar.sync)
2026-05-01 00:18:52,690 Result is kept for 600 seconds
2026-05-01 00:18:52,720 home-mahmoudtawfeek-task-manger:default: frappe.utils.background_jobs.execute_job(event=None, is_async=True, job_name='frappe.core.doctype.scheduled_job_type.scheduled_job_type.run_scheduled_jo..., kwargs={'job_type': 'frappe.monitor.flush'}, method='frappe.core.doctype.scheduled_job_type.scheduled_job_type.run_scheduled_jo..., site='task.local', user='Administrator') (task.local::scheduled_job::frappe.monitor.flush)
2026-05-01 00:18:53,101 home-mahmoudtawfeek-task-manger:default: Job OK (task.local::scheduled_job::frappe.monitor.flush)
2026-05-01 00:18:53,102 Result is kept for 600 seconds
2026-05-01 00:18:53,120 home-mahmoudtawfeek-task-manger:long: frappe.utils.background_jobs.execute_job(event=None, is_async=True, job_name='frappe.core.doctype.scheduled_job_type.scheduled_job_type.run_scheduled_jo..., kwargs={'job_type': 'erpnext.buying.doctype.supplier_quotation.supplier_quotation...., method='frappe.core.doctype.scheduled_job_type.scheduled_job_type.run_scheduled_jo..., site='task.local', user='Administrator') (task.local::scheduled_job::erpnext.buying.doctype.supplier_quotation.supplier_quotation.set_expired_status)
2026-05-01 00:18:56,889 home-mahmoudtawfeek-task-manger:long: Job OK (task.local::scheduled_job::erpnext.buying.doctype.supplier_quotation.supplier_quotation.set_expired_status)
2026-05-01 00:18:56,890 Result is kept for 600 seconds
2026-05-01 00:18:56,899 home-mahmoudtawfeek-task-manger:long: frappe.utils.background_jobs.execute_job(event=None, is_async=True, job_name='frappe.core.doctype.scheduled_job_type.scheduled_job_type.run_scheduled_jo..., kwargs={'job_type': 'erpnext.accounts.doctype.process_subscription.process_subscri..., method='frappe.core.doctype.scheduled_job_type.scheduled_job_type.run_scheduled_jo..., site='task.local', user='Administrator') (task.local::scheduled_job::erpnext.accounts.doctype.process_subscription.process_subscription.create_subscription_process)
2026-05-01 00:19:02,717 home-mahmoudtawfeek-task-manger:long: Job OK (task.local::scheduled_job::erpnext.accounts.doctype.process_subscription.process_subscription.create_subscription_process)
2026-05-01 00:19:02,718 Result is kept for 600 seconds
2026-05-01 00:19:02,740 home-mahmoudtawfeek-task-manger:long: frappe.utils.background_jobs.execute_job(event=None, is_async=True, job_name='frappe.core.doctype.scheduled_job_type.scheduled_job_type.run_scheduled_jo..., kwargs={'job_type': 'frappe.website.doctype.personal_data_deletion_request.persona..., method='frappe.core.doctype.scheduled_job_type.scheduled_job_type.run_scheduled_jo..., site='task.local', user='Administrator') (task.local::scheduled_job::frappe.website.doctype.personal_data_deletion_request.personal_data_deletion_request.process_data_deletion_request)
2026-05-01 00:19:03,619 home-mahmoudtawfeek-task-manger:long: Job OK (task.local::scheduled_job::frappe.website.doctype.personal_data_deletion_request.personal_data_deletion_request.process_data_deletion_request)
2026-05-01 00:19:03,619 Result is kept for 600 seconds
2026-05-01 00:19:03,627 home-mahmoudtawfeek-task-manger:long: frappe.utils.background_jobs.execute_job(event=None, is_async=True, job_name='frappe.core.doctype.scheduled_job_type.scheduled_job_type.run_scheduled_jo..., kwargs={'job_type': 'frappe.integrations.doctype.s3_backup_settings.s3_backup_sett..., method='frappe.core.doctype.scheduled_job_type.scheduled_job_type.run_scheduled_jo..., site='task.local', user='Administrator') (task.local::scheduled_job::frappe.integrations.doctype.s3_backup_settings.s3_backup_settings.take_backups_daily)
2026-05-01 00:19:16,923 home-mahmoudtawfeek-task-manger:long: Job OK (task.local::scheduled_job::frappe.integrations.doctype.s3_backup_settings.s3_backup_settings.take_backups_daily)
2026-05-01 00:19:16,924 Result is kept for 600 seconds
2026-05-01 00:19:16,984 home-mahmoudtawfeek-task-manger:long: frappe.utils.background_jobs.execute_job(event=None, is_async=True, job_name='frappe.core.doctype.scheduled_job_type.scheduled_job_type.run_scheduled_jo..., kwargs={'job_type': 'erpnext.stock.doctype.serial_no.serial_no.update_maintenance_..., method='frappe.core.doctype.scheduled_job_type.scheduled_job_type.run_scheduled_jo..., site='task.local', user='Administrator') (task.local::scheduled_job::erpnext.stock.doctype.serial_no.serial_no.update_maintenance_status)
2026-05-01 00:19:18,369 home-mahmoudtawfeek-task-manger:long: Job OK (task.local::scheduled_job::erpnext.stock.doctype.serial_no.serial_no.update_maintenance_status)
2026-05-01 00:19:18,369 Result is kept for 600 seconds
2026-05-01 00:19:18,379 home-mahmoudtawfeek-task-manger:long: frappe.utils.background_jobs.execute_job(event=None, is_async=True, job_name='frappe.core.doctype.scheduled_job_type.scheduled_job_type.run_scheduled_jo..., kwargs={'job_type': 'frappe.core.doctype.prepared_report.prepared_report.expire_st..., method='frappe.core.doctype.scheduled_job_type.scheduled_job_type.run_scheduled_jo..., site='task.local', user='Administrator') (task.local::scheduled_job::frappe.core.doctype.prepared_report.prepared_report.expire_stalled_report)
2026-05-01 00:19:20,469 home-mahmoudtawfeek-task-manger:long: Job OK (task.local::scheduled_job::frappe.core.doctype.prepared_report.prepared_report.expire_stalled_report)
2026-05-01 00:19:20,469 Result is kept for 600 seconds
2026-05-01 00:19:20,483 home-mahmoudtawfeek-task-manger:long: frappe.utils.background_jobs.execute_job(event=None, is_async=True, job_name='frappe.core.doctype.scheduled_job_type.scheduled_job_type.run_scheduled_jo..., kwargs={'job_type': 'frappe.core.doctype.log_settings.log_settings.run_log_clean_u..., method='frappe.core.doctype.scheduled_job_type.scheduled_job_type.run_scheduled_jo..., site='task.local', user='Administrator') (task.local::scheduled_job::frappe.core.doctype.log_settings.log_settings.run_log_clean_up)
2026-05-01 00:19:36,163 home-mahmoudtawfeek-task-manger:long: Job OK (task.local::scheduled_job::frappe.core.doctype.log_settings.log_settings.run_log_clean_up)
2026-05-01 00:19:36,599 Result is kept for 600 seconds
2026-05-01 00:19:37,422 home-mahmoudtawfeek-task-manger:long: frappe.utils.background_jobs.execute_job(event=None, is_async=True, job_name='frappe.core.doctype.scheduled_job_type.scheduled_job_type.run_scheduled_jo..., kwargs={'job_type': 'erpnext.support.doctype.issue.issue.auto_close_tickets'}, method='frappe.core.doctype.scheduled_job_type.scheduled_job_type.run_scheduled_jo..., site='task.local', user='Administrator') (task.local::scheduled_job::erpnext.support.doctype.issue.issue.auto_close_tickets)
2026-05-01 00:19:38,939 home-mahmoudtawfeek-task-manger:long: Job OK (task.local::scheduled_job::erpnext.support.doctype.issue.issue.auto_close_tickets)
2026-05-01 00:19:38,939 Result is kept for 600 seconds
2026-05-01 00:19:38,947 home-mahmoudtawfeek-task-manger:long: frappe.utils.background_jobs.execute_job(event=None, is_async=True, job_name='frappe.core.doctype.scheduled_job_type.scheduled_job_type.run_scheduled_jo..., kwargs={'job_type': 'erpnext.selling.doctype.quotation.quotation.set_expired_statu..., method='frappe.core.doctype.scheduled_job_type.scheduled_job_type.run_scheduled_jo..., site='task.local', user='Administrator') (task.local::scheduled_job::erpnext.selling.doctype.quotation.quotation.set_expired_status)
2026-05-01 00:19:42,048 home-mahmoudtawfeek-task-manger:long: Job OK (task.local::scheduled_job::erpnext.selling.doctype.quotation.quotation.set_expired_status)
2026-05-01 00:19:42,051 Result is kept for 600 seconds
2026-05-01 00:19:42,065 home-mahmoudtawfeek-task-manger:long: frappe.utils.background_jobs.execute_job(event=None, is_async=True, job_name='frappe.core.doctype.scheduled_job_type.scheduled_job_type.run_scheduled_jo..., kwargs={'job_type': 'erpnext.stock.doctype.repost_item_valuation.repost_item_valua..., method='frappe.core.doctype.scheduled_job_type.scheduled_job_type.run_scheduled_jo..., site='task.local', user='Administrator') (task.local::scheduled_job::erpnext.stock.doctype.repost_item_valuation.repost_item_valuation.repost_entries)
2026-05-01 00:19:44,212 home-mahmoudtawfeek-task-manger:long: Job OK (task.local::scheduled_job::erpnext.stock.doctype.repost_item_valuation.repost_item_valuation.repost_entries)
2026-05-01 00:19:44,213 Result is kept for 600 seconds
2026-05-01 00:19:44,232 home-mahmoudtawfeek-task-manger:long: frappe.utils.background_jobs.execute_job(event=None, is_async=True, job_name='frappe.core.doctype.scheduled_job_type.scheduled_job_type.run_scheduled_jo..., kwargs={'job_type': 'erpnext.projects.doctype.project.project.send_project_status_..., method='frappe.core.doctype.scheduled_job_type.scheduled_job_type.run_scheduled_jo..., site='task.local', user='Administrator') (task.local::scheduled_job::erpnext.projects.doctype.project.project.send_project_status_email_to_users)
2026-05-01 00:19:46,094 home-mahmoudtawfeek-task-manger:long: Job OK (task.local::scheduled_job::erpnext.projects.doctype.project.project.send_project_status_email_to_users)
2026-05-01 00:19:46,094 Result is kept for 600 seconds
2026-05-01 00:19:46,111 home-mahmoudtawfeek-task-manger:long: frappe.utils.background_jobs.execute_job(event=None, is_async=True, job_name='frappe.core.doctype.scheduled_job_type.scheduled_job_type.run_scheduled_jo..., kwargs={'job_type': 'erpnext.controllers.accounts_controller.update_invoice_status..., method='frappe.core.doctype.scheduled_job_type.scheduled_job_type.run_scheduled_jo..., site='task.local', user='Administrator') (task.local::scheduled_job::erpnext.controllers.accounts_controller.update_invoice_status)
2026-05-01 00:19:50,474 home-mahmoudtawfeek-task-manger:long: Job OK (task.local::scheduled_job::erpnext.controllers.accounts_controller.update_invoice_status)
2026-05-01 00:19:50,475 Result is kept for 600 seconds
2026-05-01 00:19:50,495 home-mahmoudtawfeek-task-manger:long: frappe.utils.background_jobs.execute_job(event=None, is_async=True, job_name='frappe.core.doctype.scheduled_job_type.scheduled_job_type.run_scheduled_jo..., kwargs={'job_type': 'erpnext.crm.doctype.opportunity.opportunity.auto_close_opport..., method='frappe.core.doctype.scheduled_job_type.scheduled_job_type.run_scheduled_jo..., site='task.local', user='Administrator') (task.local::scheduled_job::erpnext.crm.doctype.opportunity.opportunity.auto_close_opportunity)
2026-05-01 00:19:54,645 home-mahmoudtawfeek-task-manger:long: Job OK (task.local::scheduled_job::erpnext.crm.doctype.opportunity.opportunity.auto_close_opportunity)
2026-05-01 00:19:54,646 Result is kept for 600 seconds
2026-05-01 00:19:54,669 home-mahmoudtawfeek-task-manger:long: frappe.utils.background_jobs.execute_job(event=None, is_async=True, job_name='frappe.core.doctype.scheduled_job_type.scheduled_job_type.run_scheduled_jo..., kwargs={'job_type': 'frappe.model.utils.user_settings.sync_user_settings'}, method='frappe.core.doctype.scheduled_job_type.scheduled_job_type.run_scheduled_jo..., site='task.local', user='Administrator') (task.local::scheduled_job::frappe.model.utils.user_settings.sync_user_settings)
2026-05-01 00:19:55,367 home-mahmoudtawfeek-task-manger:long: Job OK (task.local::scheduled_job::frappe.model.utils.user_settings.sync_user_settings)
2026-05-01 00:19:55,368 Result is kept for 600 seconds
2026-05-01 00:19:55,464 home-mahmoudtawfeek-task-manger:long: frappe.utils.background_jobs.execute_job(event=None, is_async=True, job_name='frappe.core.doctype.scheduled_job_type.scheduled_job_type.run_scheduled_jo..., kwargs={'job_type': 'frappe.integrations.doctype.s3_backup_settings.s3_backup_sett..., method='frappe.core.doctype.scheduled_job_type.scheduled_job_type.run_scheduled_jo..., site='task.local', user='Administrator') (task.local::scheduled_job::frappe.integrations.doctype.s3_backup_settings.s3_backup_settings.take_backups_monthly)
2026-05-01 00:19:56,168 home-mahmoudtawfeek-task-manger:long: Job OK (task.local::scheduled_job::frappe.integrations.doctype.s3_backup_settings.s3_backup_settings.take_backups_monthly)
2026-05-01 00:19:56,168 Result is kept for 600 seconds
2026-05-01 00:19:56,177 home-mahmoudtawfeek-task-manger:long: frappe.utils.background_jobs.execute_job(event=None, is_async=True, job_name='frappe.core.doctype.scheduled_job_type.scheduled_job_type.run_scheduled_jo..., kwargs={'job_type': 'frappe.website.doctype.web_page.web_page.check_publish_status..., method='frappe.core.doctype.scheduled_job_type.scheduled_job_type.run_scheduled_jo..., site='task.local', user='Administrator') (task.local::scheduled_job::frappe.website.doctype.web_page.web_page.check_publish_status)
2026-05-01 00:19:57,135 home-mahmoudtawfeek-task-manger:long: Job OK (task.local::scheduled_job::frappe.website.doctype.web_page.web_page.check_publish_status)
2026-05-01 00:19:57,136 Result is kept for 600 seconds
2026-05-01 00:19:57,162 home-mahmoudtawfeek-task-manger:long: frappe.utils.background_jobs.execute_job(event=None, is_async=True, job_name='frappe.core.doctype.scheduled_job_type.scheduled_job_type.run_scheduled_jo..., kwargs={'job_type': 'erpnext.crm.doctype.email_campaign.email_campaign.send_email_..., method='frappe.core.doctype.scheduled_job_type.scheduled_job_type.run_scheduled_jo..., site='task.local', user='Administrator') (task.local::scheduled_job::erpnext.crm.doctype.email_campaign.email_campaign.send_email_to_leads_or_contacts)
2026-05-01 00:20:01,058 home-mahmoudtawfeek-task-manger:long: Job OK (task.local::scheduled_job::erpnext.crm.doctype.email_campaign.email_campaign.send_email_to_leads_or_contacts)
2026-05-01 00:20:01,059 Result is kept for 600 seconds
2026-05-01 00:20:01,149 home-mahmoudtawfeek-task-manger:long: frappe.utils.background_jobs.execute_job(event=None, is_async=True, job_name='frappe.core.doctype.scheduled_job_type.scheduled_job_type.run_scheduled_jo..., kwargs={'job_type': 'erpnext.accounts.deferred_revenue.process_deferred_accounting..., method='frappe.core.doctype.scheduled_job_type.scheduled_job_type.run_scheduled_jo..., site='task.local', user='Administrator') (task.local::scheduled_job::erpnext.accounts.deferred_revenue.process_deferred_accounting)
2026-05-01 00:20:12,008 home-mahmoudtawfeek-task-manger:long: Job OK (task.local::scheduled_job::erpnext.accounts.deferred_revenue.process_deferred_accounting)
2026-05-01 00:20:12,009 Result is kept for 600 seconds
2026-05-01 00:20:12,034 home-mahmoudtawfeek-task-manger:long: frappe.utils.background_jobs.execute_job(event=None, is_async=True, job_name='frappe.core.doctype.scheduled_job_type.scheduled_job_type.run_scheduled_jo..., kwargs={'job_type': 'frappe.email.doctype.auto_email_report.auto_email_report.send..., method='frappe.core.doctype.scheduled_job_type.scheduled_job_type.run_scheduled_jo..., site='task.local', user='Administrator') (task.local::scheduled_job::frappe.email.doctype.auto_email_report.auto_email_report.send_daily)
2026-05-01 00:20:29,585 home-mahmoudtawfeek-task-manger:long: Job OK (task.local::scheduled_job::frappe.email.doctype.auto_email_report.auto_email_report.send_daily)
2026-05-01 00:20:29,585 Result is kept for 600 seconds
2026-05-01 00:20:29,634 home-mahmoudtawfeek-task-manger:default: frappe.utils.background_jobs.execute_job(event=None, is_async=True, job_name='frappe.core.doctype.scheduled_job_type.scheduled_job_type.run_scheduled_jo..., kwargs={'job_type': 'frappe.integrations.doctype.google_calendar.google_calendar.s..., method='frappe.core.doctype.scheduled_job_type.scheduled_job_type.run_scheduled_jo..., site='task.local', user='Administrator') (task.local::scheduled_job::frappe.integrations.doctype.google_calendar.google_calendar.sync)
2026-05-01 00:20:30,839 home-mahmoudtawfeek-task-manger:default: Job OK (task.local::scheduled_job::frappe.integrations.doctype.google_calendar.google_calendar.sync)
2026-05-01 00:20:30,840 Result is kept for 600 seconds
2026-05-01 00:20:30,859 home-mahmoudtawfeek-task-manger:default: frappe.utils.background_jobs.execute_job(event=None, is_async=True, job_name='frappe.core.doctype.scheduled_job_type.scheduled_job_type.run_scheduled_jo..., kwargs={'job_type': 'frappe.email.doctype.email_account.email_account.pull'}, method='frappe.core.doctype.scheduled_job_type.scheduled_job_type.run_scheduled_jo..., site='task.local', user='Administrator') (task.local::scheduled_job::frappe.email.doctype.email_account.email_account.pull)
2026-05-01 00:20:41,430 home-mahmoudtawfeek-task-manger:default: Job OK (task.local::scheduled_job::frappe.email.doctype.email_account.email_account.pull)
2026-05-01 00:20:41,431 Result is kept for 600 seconds
2026-05-01 00:20:41,457 home-mahmoudtawfeek-task-manger:default: frappe.utils.background_jobs.execute_job(event=None, is_async=True, job_name='frappe.core.doctype.scheduled_job_type.scheduled_job_type.run_scheduled_jo..., kwargs={'job_type': 'frappe.monitor.flush'}, method='frappe.core.doctype.scheduled_job_type.scheduled_job_type.run_scheduled_jo..., site='task.local', user='Administrator') (task.local::scheduled_job::frappe.monitor.flush)
2026-05-01 00:20:42,266 home-mahmoudtawfeek-task-manger:default: Job OK (task.local::scheduled_job::frappe.monitor.flush)
2026-05-01 00:20:42,267 Result is kept for 600 seconds
2026-05-01 00:20:42,275 home-mahmoudtawfeek-task-manger:default: frappe.utils.background_jobs.execute_job(event=None, is_async=True, job_name='frappe.core.doctype.scheduled_job_type.scheduled_job_type.run_scheduled_jo..., kwargs={'job_type': 'frappe.email.queue.flush'}, method='frappe.core.doctype.scheduled_job_type.scheduled_job_type.run_scheduled_jo..., site='task.local', user='Administrator') (task.local::scheduled_job::frappe.email.queue.flush)
2026-05-01 00:20:45,063 home-mahmoudtawfeek-task-manger:default: Job OK (task.local::scheduled_job::frappe.email.queue.flush)
2026-05-01 00:20:45,064 Result is kept for 600 seconds
2026-05-01 00:20:45,094 home-mahmoudtawfeek-task-manger:default: frappe.utils.background_jobs.execute_job(event=None, is_async=True, job_name='frappe.core.doctype.scheduled_job_type.scheduled_job_type.run_scheduled_jo..., kwargs={'job_type': 'frappe.email.queue.retry_sending_emails'}, method='frappe.core.doctype.scheduled_job_type.scheduled_job_type.run_scheduled_jo..., site='task.local', user='Administrator') (task.local::scheduled_job::frappe.email.queue.retry_sending_emails)
2026-05-01 00:20:49,514 home-mahmoudtawfeek-task-manger:default: Job OK (task.local::scheduled_job::frappe.email.queue.retry_sending_emails)
2026-05-01 00:20:49,515 Result is kept for 600 seconds
2026-05-01 00:20:49,532 home-mahmoudtawfeek-task-manger:long: frappe.utils.background_jobs.execute_job(event=None, is_async=True, job_name='frappe.core.doctype.scheduled_job_type.scheduled_job_type.run_scheduled_jo..., kwargs={'job_type': 'erpnext.accounts.utils.auto_create_exchange_rate_revaluation_..., method='frappe.core.doctype.scheduled_job_type.scheduled_job_type.run_scheduled_jo..., site='task.local', user='Administrator') (task.local::scheduled_job::erpnext.accounts.utils.auto_create_exchange_rate_revaluation_monthly)
2026-05-01 00:20:50,304 home-mahmoudtawfeek-task-manger:long: Job OK (task.local::scheduled_job::erpnext.accounts.utils.auto_create_exchange_rate_revaluation_monthly)
2026-05-01 00:20:50,304 Result is kept for 600 seconds
2026-05-01 00:20:50,312 home-mahmoudtawfeek-task-manger:long: frappe.utils.background_jobs.execute_job(event=None, is_async=True, job_name='frappe.core.doctype.scheduled_job_type.scheduled_job_type.run_scheduled_jo..., kwargs={'job_type': 'erpnext.utilities.doctype.video.video.update_youtube_data'}, method='frappe.core.doctype.scheduled_job_type.scheduled_job_type.run_scheduled_jo..., site='task.local', user='Administrator') (task.local::scheduled_job::erpnext.utilities.doctype.video.video.update_youtube_data)
2026-05-01 00:20:57,244 home-mahmoudtawfeek-task-manger:long: Job OK (task.local::scheduled_job::erpnext.utilities.doctype.video.video.update_youtube_data)
2026-05-01 00:20:57,244 Result is kept for 600 seconds
2026-05-01 00:20:57,253 home-mahmoudtawfeek-task-manger:long: frappe.utils.background_jobs.execute_job(event=None, is_async=True, job_name='frappe.core.doctype.scheduled_job_type.scheduled_job_type.run_scheduled_jo..., kwargs={'job_type': 'erpnext.crm.utils.open_leads_opportunities_based_on_todays_ev..., method='frappe.core.doctype.scheduled_job_type.scheduled_job_type.run_scheduled_jo..., site='task.local', user='Administrator') (task.local::scheduled_job::erpnext.crm.utils.open_leads_opportunities_based_on_todays_event)
2026-05-01 00:20:58,748 home-mahmoudtawfeek-task-manger:long: Job OK (task.local::scheduled_job::erpnext.crm.utils.open_leads_opportunities_based_on_todays_event)
2026-05-01 00:20:58,748 Result is kept for 600 seconds
2026-05-01 00:20:58,776 home-mahmoudtawfeek-task-manger:long: frappe.utils.background_jobs.execute_job(event=None, is_async=True, job_name='frappe.core.doctype.scheduled_job_type.scheduled_job_type.run_scheduled_jo..., kwargs={'job_type': 'erpnext.quality_management.doctype.quality_review.quality_rev..., method='frappe.core.doctype.scheduled_job_type.scheduled_job_type.run_scheduled_jo..., site='task.local', user='Administrator') (task.local::scheduled_job::erpnext.quality_management.doctype.quality_review.quality_review.review)
2026-05-01 00:21:00,685 home-mahmoudtawfeek-task-manger:long: Job OK (task.local::scheduled_job::erpnext.quality_management.doctype.quality_review.quality_review.review)
2026-05-01 00:21:00,686 Result is kept for 600 seconds
2026-05-01 00:21:00,694 home-mahmoudtawfeek-task-manger:long: frappe.utils.background_jobs.execute_job(event=None, is_async=True, job_name='frappe.core.doctype.scheduled_job_type.scheduled_job_type.run_scheduled_jo..., kwargs={'job_type': 'erpnext.manufacturing.doctype.bom_update_tool.bom_update_tool..., method='frappe.core.doctype.scheduled_job_type.scheduled_job_type.run_scheduled_jo..., site='task.local', user='Administrator') (task.local::scheduled_job::erpnext.manufacturing.doctype.bom_update_tool.bom_update_tool.auto_update_latest_price_in_all_boms)
2026-05-01 00:21:02,801 home-mahmoudtawfeek-task-manger:long: Job OK (task.local::scheduled_job::erpnext.manufacturing.doctype.bom_update_tool.bom_update_tool.auto_update_latest_price_in_all_boms)
2026-05-01 00:21:02,802 Result is kept for 600 seconds
2026-05-01 00:21:02,829 home-mahmoudtawfeek-task-manger:long: frappe.utils.background_jobs.execute_job(event=None, is_async=True, job_name='frappe.core.doctype.scheduled_job_type.scheduled_job_type.run_scheduled_jo..., kwargs={'job_type': 'frappe.integrations.doctype.dropbox_settings.dropbox_settings..., method='frappe.core.doctype.scheduled_job_type.scheduled_job_type.run_scheduled_jo..., site='task.local', user='Administrator') (task.local::scheduled_job::frappe.integrations.doctype.dropbox_settings.dropbox_settings.take_backups_daily)
2026-05-01 00:21:56,352 home-mahmoudtawfeek-task-manger:long: Job OK (task.local::scheduled_job::frappe.integrations.doctype.dropbox_settings.dropbox_settings.take_backups_daily)
2026-05-01 00:21:56,354 Result is kept for 600 seconds
2026-05-01 00:21:56,390 home-mahmoudtawfeek-task-manger:long: frappe.utils.background_jobs.execute_job(event=None, is_async=True, job_name='frappe.core.doctype.scheduled_job_type.scheduled_job_type.run_scheduled_jo..., kwargs={'job_type': 'erpnext.support.doctype.service_level_agreement.service_level..., method='frappe.core.doctype.scheduled_job_type.scheduled_job_type.run_scheduled_jo..., site='task.local', user='Administrator') (task.local::scheduled_job::erpnext.support.doctype.service_level_agreement.service_level_agreement.check_agreement_status)
2026-05-01 00:21:57,150 home-mahmoudtawfeek-task-manger:long: Job OK (task.local::scheduled_job::erpnext.support.doctype.service_level_agreement.service_level_agreement.check_agreement_status)
2026-05-01 00:21:57,151 Result is kept for 600 seconds
2026-05-01 00:21:57,356 home-mahmoudtawfeek-task-manger:long: frappe.utils.background_jobs.execute_job(event=None, is_async=True, job_name='frappe.core.doctype.scheduled_job_type.scheduled_job_type.run_scheduled_jo..., kwargs={'job_type': 'frappe.desk.notifications.clear_notifications'}, method='frappe.core.doctype.scheduled_job_type.scheduled_job_type.run_scheduled_jo..., site='task.local', user='Administrator') (task.local::scheduled_job::frappe.desk.notifications.clear_notifications)
2026-05-01 00:21:58,306 home-mahmoudtawfeek-task-manger:long: Job OK (task.local::scheduled_job::frappe.desk.notifications.clear_notifications)
2026-05-01 00:21:58,307 Result is kept for 600 seconds
2026-05-01 00:21:58,329 home-mahmoudtawfeek-task-manger:long: frappe.utils.background_jobs.execute_job(event=None, is_async=True, job_name='frappe.core.doctype.scheduled_job_type.scheduled_job_type.run_scheduled_jo..., kwargs={'job_type': 'erpnext.assets.doctype.asset.asset.update_maintenance_status'..., method='frappe.core.doctype.scheduled_job_type.scheduled_job_type.run_scheduled_jo..., site='task.local', user='Administrator') (task.local::scheduled_job::erpnext.assets.doctype.asset.asset.update_maintenance_status)
2026-05-01 00:22:00,530 home-mahmoudtawfeek-task-manger:long: Job OK (task.local::scheduled_job::erpnext.assets.doctype.asset.asset.update_maintenance_status)
2026-05-01 00:22:00,531 Result is kept for 600 seconds
2026-05-01 00:22:00,555 home-mahmoudtawfeek-task-manger:long: frappe.utils.background_jobs.execute_job(event=None, is_async=True, job_name='frappe.core.doctype.scheduled_job_type.scheduled_job_type.run_scheduled_jo..., kwargs={'job_type': 'frappe.social.doctype.energy_point_settings.energy_point_sett..., method='frappe.core.doctype.scheduled_job_type.scheduled_job_type.run_scheduled_jo..., site='task.local', user='Administrator') (task.local::scheduled_job::frappe.social.doctype.energy_point_settings.energy_point_settings.allocate_review_points)
2026-05-01 00:22:06,453 home-mahmoudtawfeek-task-manger:long: Job OK (task.local::scheduled_job::frappe.social.doctype.energy_point_settings.energy_point_settings.allocate_review_points)
2026-05-01 00:22:06,455 Result is kept for 600 seconds
2026-05-01 00:22:06,475 home-mahmoudtawfeek-task-manger:long: frappe.utils.background_jobs.execute_job(event=None, is_async=True, job_name='frappe.core.doctype.scheduled_job_type.scheduled_job_type.run_scheduled_jo..., kwargs={'job_type': 'erpnext.assets.doctype.asset.depreciation.post_depreciation_e..., method='frappe.core.doctype.scheduled_job_type.scheduled_job_type.run_scheduled_jo..., site='task.local', user='Administrator') (task.local::scheduled_job::erpnext.assets.doctype.asset.depreciation.post_depreciation_entries)
2026-05-01 00:22:08,719 home-mahmoudtawfeek-task-manger:long: Job OK (task.local::scheduled_job::erpnext.assets.doctype.asset.depreciation.post_depreciation_entries)
2026-05-01 00:22:08,719 Result is kept for 600 seconds
2026-05-01 00:22:08,737 home-mahmoudtawfeek-task-manger:long: frappe.utils.background_jobs.execute_job(event=None, is_async=True, job_name='frappe.core.doctype.scheduled_job_type.scheduled_job_type.run_scheduled_jo..., kwargs={'job_type': 'frappe.integrations.doctype.google_contacts.google_contacts.s..., method='frappe.core.doctype.scheduled_job_type.scheduled_job_type.run_scheduled_jo..., site='task.local', user='Administrator') (task.local::scheduled_job::frappe.integrations.doctype.google_contacts.google_contacts.sync)
2026-05-01 00:22:11,934 home-mahmoudtawfeek-task-manger:long: Job OK (task.local::scheduled_job::frappe.integrations.doctype.google_contacts.google_contacts.sync)
2026-05-01 00:22:11,935 Result is kept for 600 seconds
2026-05-01 00:22:11,966 home-mahmoudtawfeek-task-manger:long: frappe.utils.background_jobs.execute_job(event=None, is_async=True, job_name='frappe.core.doctype.scheduled_job_type.scheduled_job_type.run_scheduled_jo..., kwargs={'job_type': 'frappe.automation.doctype.auto_repeat.auto_repeat.make_auto_r..., method='frappe.core.doctype.scheduled_job_type.scheduled_job_type.run_scheduled_jo..., site='task.local', user='Administrator') (task.local::scheduled_job::frappe.automation.doctype.auto_repeat.auto_repeat.make_auto_repeat_entry)
2026-05-01 00:22:16,807 home-mahmoudtawfeek-task-manger:long: Job OK (task.local::scheduled_job::frappe.automation.doctype.auto_repeat.auto_repeat.make_auto_repeat_entry)
2026-05-01 00:22:16,808 Result is kept for 600 seconds
2026-05-01 00:22:16,827 home-mahmoudtawfeek-task-manger:long: frappe.utils.background_jobs.execute_job(event=None, is_async=True, job_name='frappe.core.doctype.scheduled_job_type.scheduled_job_type.run_scheduled_jo..., kwargs={'job_type': 'frappe.integrations.doctype.google_drive.google_drive.daily_b..., method='frappe.core.doctype.scheduled_job_type.scheduled_job_type.run_scheduled_jo..., site='task.local', user='Administrator') (task.local::scheduled_job::frappe.integrations.doctype.google_drive.google_drive.daily_backup)
2026-05-01 00:22:18,379 home-mahmoudtawfeek-task-manger:long: Job OK (task.local::scheduled_job::frappe.integrations.doctype.google_drive.google_drive.daily_backup)
2026-05-01 00:22:18,380 Result is kept for 600 seconds
2026-05-01 00:22:18,393 home-mahmoudtawfeek-task-manger:long: frappe.utils.background_jobs.execute_job(event=None, is_async=True, job_name='frappe.core.doctype.scheduled_job_type.scheduled_job_type.run_scheduled_jo..., kwargs={'job_type': 'erpnext.accounts.doctype.process_statement_of_accounts.proces..., method='frappe.core.doctype.scheduled_job_type.scheduled_job_type.run_scheduled_jo..., site='task.local', user='Administrator') (task.local::scheduled_job::erpnext.accounts.doctype.process_statement_of_accounts.process_statement_of_accounts.send_auto_email)
2026-05-01 00:22:23,484 home-mahmoudtawfeek-task-manger:long: Job OK (task.local::scheduled_job::erpnext.accounts.doctype.process_statement_of_accounts.process_statement_of_accounts.send_auto_email)
2026-05-01 00:22:23,484 Result is kept for 600 seconds
2026-05-01 00:22:23,503 home-mahmoudtawfeek-task-manger:long: frappe.utils.background_jobs.execute_job(event=None, is_async=True, job_name='frappe.core.doctype.scheduled_job_type.scheduled_job_type.run_scheduled_jo..., kwargs={'job_type': 'erpnext.crm.doctype.email_campaign.email_campaign.set_email_c..., method='frappe.core.doctype.scheduled_job_type.scheduled_job_type.run_scheduled_jo..., site='task.local', user='Administrator') (task.local::scheduled_job::erpnext.crm.doctype.email_campaign.email_campaign.set_email_campaign_status)
2026-05-01 00:22:26,971 home-mahmoudtawfeek-task-manger:long: Job OK (task.local::scheduled_job::erpnext.crm.doctype.email_campaign.email_campaign.set_email_campaign_status)
2026-05-01 00:22:26,972 Result is kept for 600 seconds
2026-05-01 00:22:26,995 home-mahmoudtawfeek-task-manger:long: frappe.utils.background_jobs.execute_job(event=None, is_async=True, job_name='frappe.core.doctype.scheduled_job_type.scheduled_job_type.run_scheduled_jo..., kwargs={'job_type': 'erpnext.projects.doctype.task.task.set_tasks_as_overdue'}, method='frappe.core.doctype.scheduled_job_type.scheduled_job_type.run_scheduled_jo..., site='task.local', user='Administrator') (task.local::scheduled_job::erpnext.projects.doctype.task.task.set_tasks_as_overdue)
2026-05-01 00:22:28,304 home-mahmoudtawfeek-task-manger:long: Job OK (task.local::scheduled_job::erpnext.projects.doctype.task.task.set_tasks_as_overdue)
2026-05-01 00:22:28,304 Result is kept for 600 seconds
2026-05-01 00:22:28,319 home-mahmoudtawfeek-task-manger:long: frappe.utils.background_jobs.execute_job(event=None, is_async=True, job_name='frappe.core.doctype.scheduled_job_type.scheduled_job_type.run_scheduled_jo..., kwargs={'job_type': 'erpnext.accounts.utils.auto_create_exchange_rate_revaluation_..., method='frappe.core.doctype.scheduled_job_type.scheduled_job_type.run_scheduled_jo..., site='task.local', user='Administrator') (task.local::scheduled_job::erpnext.accounts.utils.auto_create_exchange_rate_revaluation_daily)
2026-05-01 00:22:28,998 home-mahmoudtawfeek-task-manger:long: Job OK (task.local::scheduled_job::erpnext.accounts.utils.auto_create_exchange_rate_revaluation_daily)
2026-05-01 00:22:28,999 Result is kept for 600 seconds
2026-05-01 00:22:29,029 home-mahmoudtawfeek-task-manger:long: frappe.utils.background_jobs.execute_job(event=None, is_async=True, job_name='frappe.core.doctype.scheduled_job_type.scheduled_job_type.run_scheduled_jo..., kwargs={'job_type': 'erpnext.crm.doctype.contract.contract.update_status_for_contr..., method='frappe.core.doctype.scheduled_job_type.scheduled_job_type.run_scheduled_jo..., site='task.local', user='Administrator') (task.local::scheduled_job::erpnext.crm.doctype.contract.contract.update_status_for_contracts)
2026-05-01 00:22:30,810 home-mahmoudtawfeek-task-manger:long: Job OK (task.local::scheduled_job::erpnext.crm.doctype.contract.contract.update_status_for_contracts)
2026-05-01 00:22:30,811 Result is kept for 600 seconds
2026-05-01 00:22:30,835 home-mahmoudtawfeek-task-manger:long: frappe.utils.background_jobs.execute_job(event=None, is_async=True, job_name='frappe.core.doctype.scheduled_job_type.scheduled_job_type.run_scheduled_jo..., kwargs={'job_type': 'erpnext.setup.doctype.email_digest.email_digest.send'}, method='frappe.core.doctype.scheduled_job_type.scheduled_job_type.run_scheduled_jo..., site='task.local', user='Administrator') (task.local::scheduled_job::erpnext.setup.doctype.email_digest.email_digest.send)
2026-05-01 00:22:32,251 home-mahmoudtawfeek-task-manger:long: Job OK (task.local::scheduled_job::erpnext.setup.doctype.email_digest.email_digest.send)
2026-05-01 00:22:32,252 Result is kept for 600 seconds
2026-05-01 00:22:32,268 home-mahmoudtawfeek-task-manger:long: frappe.utils.background_jobs.execute_job(event=None, is_async=True, job_name='frappe.core.doctype.scheduled_job_type.scheduled_job_type.run_scheduled_jo..., kwargs={'job_type': 'erpnext.stock.reorder_item.reorder_item'}, method='frappe.core.doctype.scheduled_job_type.scheduled_job_type.run_scheduled_jo..., site='task.local', user='Administrator') (task.local::scheduled_job::erpnext.stock.reorder_item.reorder_item)
2026-05-01 00:22:36,551 home-mahmoudtawfeek-task-manger:long: Job OK (task.local::scheduled_job::erpnext.stock.reorder_item.reorder_item)
2026-05-01 00:22:36,552 Result is kept for 600 seconds
2026-05-01 00:22:36,562 home-mahmoudtawfeek-task-manger:long: frappe.utils.background_jobs.execute_job(event=None, is_async=True, job_name='frappe.automation.doctype.auto_repeat.auto_repeat.create_repeated_entries', kwargs={'data': []}, method='frappe.automation.doctype.auto_repeat.auto_repeat.create_repeated_entries', site='task.local', user='Administrator') (task.local::eacbb90a-4eda-4d0e-a206-7872b9d16915)
2026-05-01 00:22:38,421 home-mahmoudtawfeek-task-manger:long: Job OK (task.local::eacbb90a-4eda-4d0e-a206-7872b9d16915)
2026-05-01 00:22:38,421 Result is kept for 600 seconds
2026-05-01 00:24:29,983 home-mahmoudtawfeek-task-manger:default: frappe.utils.background_jobs.execute_job(event=None, is_async=True, job_name='frappe.core.doctype.scheduled_job_type.scheduled_job_type.run_scheduled_jo..., kwargs={'job_type': 'frappe.email.queue.retry_sending_emails'}, method='frappe.core.doctype.scheduled_job_type.scheduled_job_type.run_scheduled_jo..., site='task.local', user='Administrator') (task.local::scheduled_job::frappe.email.queue.retry_sending_emails)
2026-05-01 00:24:33,853 home-mahmoudtawfeek-task-manger:default: Job OK (task.local::scheduled_job::frappe.email.queue.retry_sending_emails)
2026-05-01 00:24:33,853 Result is kept for 600 seconds
2026-05-01 00:24:33,925 home-mahmoudtawfeek-task-manger:default: frappe.utils.background_jobs.execute_job(event=None, is_async=True, job_name='frappe.core.doctype.scheduled_job_type.scheduled_job_type.run_scheduled_jo..., kwargs={'job_type': 'frappe.email.queue.flush'}, method='frappe.core.doctype.scheduled_job_type.scheduled_job_type.run_scheduled_jo..., site='task.local', user='Administrator') (task.local::scheduled_job::frappe.email.queue.flush)
2026-05-01 00:24:35,265 home-mahmoudtawfeek-task-manger:default: Job OK (task.local::scheduled_job::frappe.email.queue.flush)
2026-05-01 00:24:35,265 Result is kept for 600 seconds
2026-05-01 00:24:35,275 home-mahmoudtawfeek-task-manger:default: frappe.utils.background_jobs.execute_job(event=None, is_async=True, job_name='frappe.core.doctype.scheduled_job_type.scheduled_job_type.run_scheduled_jo..., kwargs={'job_type': 'frappe.integrations.doctype.google_calendar.google_calendar.s..., method='frappe.core.doctype.scheduled_job_type.scheduled_job_type.run_scheduled_jo..., site='task.local', user='Administrator') (task.local::scheduled_job::frappe.integrations.doctype.google_calendar.google_calendar.sync)
2026-05-01 00:24:36,743 home-mahmoudtawfeek-task-manger:default: Job OK (task.local::scheduled_job::frappe.integrations.doctype.google_calendar.google_calendar.sync)
2026-05-01 00:24:36,744 Result is kept for 600 seconds
2026-05-01 00:24:36,759 home-mahmoudtawfeek-task-manger:default: frappe.utils.background_jobs.execute_job(event=None, is_async=True, job_name='frappe.core.doctype.scheduled_job_type.scheduled_job_type.run_scheduled_jo..., kwargs={'job_type': 'frappe.monitor.flush'}, method='frappe.core.doctype.scheduled_job_type.scheduled_job_type.run_scheduled_jo..., site='task.local', user='Administrator') (task.local::scheduled_job::frappe.monitor.flush)
2026-05-01 00:24:37,053 home-mahmoudtawfeek-task-manger:default: Job OK (task.local::scheduled_job::frappe.monitor.flush)
2026-05-01 00:24:37,054 Result is kept for 600 seconds
2026-05-01 00:28:31,142 home-mahmoudtawfeek-task-manger:default: frappe.utils.background_jobs.execute_job(event=None, is_async=True, job_name='frappe.core.doctype.scheduled_job_type.scheduled_job_type.run_scheduled_jo..., kwargs={'job_type': 'frappe.email.queue.flush'}, method='frappe.core.doctype.scheduled_job_type.scheduled_job_type.run_scheduled_jo..., site='task.local', user='Administrator') (task.local::scheduled_job::frappe.email.queue.flush)
2026-05-01 00:28:32,383 home-mahmoudtawfeek-task-manger:default: Job OK (task.local::scheduled_job::frappe.email.queue.flush)
2026-05-01 00:28:32,383 Result is kept for 600 seconds
2026-05-01 00:28:32,398 home-mahmoudtawfeek-task-manger:default: frappe.utils.background_jobs.execute_job(event=None, is_async=True, job_name='frappe.core.doctype.scheduled_job_type.scheduled_job_type.run_scheduled_jo..., kwargs={'job_type': 'frappe.integrations.doctype.google_calendar.google_calendar.s..., method='frappe.core.doctype.scheduled_job_type.scheduled_job_type.run_scheduled_jo..., site='task.local', user='Administrator') (task.local::scheduled_job::frappe.integrations.doctype.google_calendar.google_calendar.sync)
2026-05-01 00:28:33,070 home-mahmoudtawfeek-task-manger:default: Job OK (task.local::scheduled_job::frappe.integrations.doctype.google_calendar.google_calendar.sync)
2026-05-01 00:28:33,070 Result is kept for 600 seconds
2026-05-01 00:28:33,083 home-mahmoudtawfeek-task-manger:default: frappe.utils.background_jobs.execute_job(event=None, is_async=True, job_name='frappe.core.doctype.scheduled_job_type.scheduled_job_type.run_scheduled_jo..., kwargs={'job_type': 'frappe.email.queue.retry_sending_emails'}, method='frappe.core.doctype.scheduled_job_type.scheduled_job_type.run_scheduled_jo..., site='task.local', user='Administrator') (task.local::scheduled_job::frappe.email.queue.retry_sending_emails)
2026-05-01 00:28:34,317 home-mahmoudtawfeek-task-manger:default: Job OK (task.local::scheduled_job::frappe.email.queue.retry_sending_emails)
2026-05-01 00:28:34,317 Result is kept for 600 seconds
2026-05-01 00:28:34,328 home-mahmoudtawfeek-task-manger:default: frappe.utils.background_jobs.execute_job(event=None, is_async=True, job_name='frappe.core.doctype.scheduled_job_type.scheduled_job_type.run_scheduled_jo..., kwargs={'job_type': 'frappe.monitor.flush'}, method='frappe.core.doctype.scheduled_job_type.scheduled_job_type.run_scheduled_jo..., site='task.local', user='Administrator') (task.local::scheduled_job::frappe.monitor.flush)
2026-05-01 00:28:34,708 home-mahmoudtawfeek-task-manger:default: Job OK (task.local::scheduled_job::frappe.monitor.flush)
2026-05-01 00:28:34,709 Result is kept for 600 seconds
2026-05-01 00:30:32,550 home-mahmoudtawfeek-task-manger:default: frappe.utils.background_jobs.execute_job(event=None, is_async=True, job_name='frappe.core.doctype.scheduled_job_type.scheduled_job_type.run_scheduled_jo..., kwargs={'job_type': 'frappe.automation.doctype.reminder.reminder.send_reminders'}, method='frappe.core.doctype.scheduled_job_type.scheduled_job_type.run_scheduled_jo..., site='task.local', user='Administrator') (task.local::scheduled_job::frappe.automation.doctype.reminder.reminder.send_reminders)
2026-05-01 00:30:34,017 home-mahmoudtawfeek-task-manger:default: Job OK (task.local::scheduled_job::frappe.automation.doctype.reminder.reminder.send_reminders)
2026-05-01 00:30:34,017 Result is kept for 600 seconds
2026-05-01 00:30:34,026 Cleaning registries for queue: home-mahmoudtawfeek-task-manger:short
2026-05-01 00:30:34,094 Cleaning registries for queue: home-mahmoudtawfeek-task-manger:default
2026-05-01 00:30:34,098 Cleaning registries for queue: home-mahmoudtawfeek-task-manger:long
2026-05-01 00:30:34,103 home-mahmoudtawfeek-task-manger:default: frappe.utils.background_jobs.execute_job(event=None, is_async=True, job_name='frappe.core.doctype.scheduled_job_type.scheduled_job_type.run_scheduled_jo..., kwargs={'job_type': 'erpnext.manufacturing.doctype.bom_update_log.bom_update_log.r..., method='frappe.core.doctype.scheduled_job_type.scheduled_job_type.run_scheduled_jo..., site='task.local', user='Administrator') (task.local::scheduled_job::erpnext.manufacturing.doctype.bom_update_log.bom_update_log.resume_bom_cost_update_jobs)
2026-05-01 00:30:34,867 home-mahmoudtawfeek-task-manger:default: Job OK (task.local::scheduled_job::erpnext.manufacturing.doctype.bom_update_log.bom_update_log.resume_bom_cost_update_jobs)
2026-05-01 00:30:34,868 Result is kept for 600 seconds
2026-05-01 00:30:34,881 home-mahmoudtawfeek-task-manger:default: frappe.utils.background_jobs.execute_job(event=None, is_async=True, job_name='frappe.core.doctype.scheduled_job_type.scheduled_job_type.run_scheduled_jo..., kwargs={'job_type': 'frappe.email.doctype.email_account.email_account.notify_unrep..., method='frappe.core.doctype.scheduled_job_type.scheduled_job_type.run_scheduled_jo..., site='task.local', user='Administrator') (task.local::scheduled_job::frappe.email.doctype.email_account.email_account.notify_unreplied)
2026-05-01 00:30:35,612 home-mahmoudtawfeek-task-manger:default: Job OK (task.local::scheduled_job::frappe.email.doctype.email_account.email_account.notify_unreplied)
2026-05-01 00:30:35,613 Result is kept for 600 seconds
2026-05-01 00:30:35,629 home-mahmoudtawfeek-task-manger:default: frappe.utils.background_jobs.execute_job(event=None, is_async=True, job_name='frappe.core.doctype.scheduled_job_type.scheduled_job_type.run_scheduled_jo..., kwargs={'job_type': 'frappe.email.doctype.email_account.email_account.pull'}, method='frappe.core.doctype.scheduled_job_type.scheduled_job_type.run_scheduled_jo..., site='task.local', user='Administrator') (task.local::scheduled_job::frappe.email.doctype.email_account.email_account.pull)
2026-05-01 00:30:37,294 home-mahmoudtawfeek-task-manger:default: Job OK (task.local::scheduled_job::frappe.email.doctype.email_account.email_account.pull)
2026-05-01 00:30:37,294 Result is kept for 600 seconds
2026-05-01 00:30:37,306 home-mahmoudtawfeek-task-manger:default: frappe.utils.background_jobs.execute_job(event=None, is_async=True, job_name='frappe.core.doctype.scheduled_job_type.scheduled_job_type.run_scheduled_jo..., kwargs={'job_type': 'frappe.model.utils.link_count.update_link_count'}, method='frappe.core.doctype.scheduled_job_type.scheduled_job_type.run_scheduled_jo..., site='task.local', user='Administrator') (task.local::scheduled_job::frappe.model.utils.link_count.update_link_count)
2026-05-01 00:30:40,043 home-mahmoudtawfeek-task-manger:default: Job OK (task.local::scheduled_job::frappe.model.utils.link_count.update_link_count)
2026-05-01 00:30:40,044 Result is kept for 600 seconds
2026-05-01 00:30:40,053 home-mahmoudtawfeek-task-manger:default: frappe.utils.background_jobs.execute_job(event=None, is_async=True, job_name='frappe.core.doctype.scheduled_job_type.scheduled_job_type.run_scheduled_jo..., kwargs={'job_type': 'frappe.utils.global_search.sync_global_search'}, method='frappe.core.doctype.scheduled_job_type.scheduled_job_type.run_scheduled_jo..., site='task.local', user='Administrator') (task.local::scheduled_job::frappe.utils.global_search.sync_global_search)
2026-05-01 00:30:40,580 home-mahmoudtawfeek-task-manger:default: Job OK (task.local::scheduled_job::frappe.utils.global_search.sync_global_search)
2026-05-01 00:30:40,581 Result is kept for 600 seconds
2026-05-01 00:30:40,589 home-mahmoudtawfeek-task-manger:default: frappe.utils.background_jobs.execute_job(event=None, is_async=True, job_name='frappe.core.doctype.scheduled_job_type.scheduled_job_type.run_scheduled_jo..., kwargs={'job_type': 'erpnext.accounts.doctype.gl_entry.gl_entry.rename_gle_sle_doc..., method='frappe.core.doctype.scheduled_job_type.scheduled_job_type.run_scheduled_jo..., site='task.local', user='Administrator') (task.local::scheduled_job::erpnext.accounts.doctype.gl_entry.gl_entry.rename_gle_sle_docs)
2026-05-01 00:30:42,409 home-mahmoudtawfeek-task-manger:default: Job OK (task.local::scheduled_job::erpnext.accounts.doctype.gl_entry.gl_entry.rename_gle_sle_docs)
2026-05-01 00:30:42,409 Result is kept for 600 seconds
2026-05-01 00:30:42,418 home-mahmoudtawfeek-task-manger:default: frappe.utils.background_jobs.execute_job(event=None, is_async=True, job_name='frappe.core.doctype.scheduled_job_type.scheduled_job_type.run_scheduled_jo..., kwargs={'job_type': 'frappe.deferred_insert.save_to_db'}, method='frappe.core.doctype.scheduled_job_type.scheduled_job_type.run_scheduled_jo..., site='task.local', user='Administrator') (task.local::scheduled_job::frappe.deferred_insert.save_to_db)
2026-05-01 00:30:43,937 home-mahmoudtawfeek-task-manger:default: Job OK (task.local::scheduled_job::frappe.deferred_insert.save_to_db)
2026-05-01 00:30:43,937 Result is kept for 600 seconds
2026-05-01 00:30:43,948 home-mahmoudtawfeek-task-manger:default: frappe.utils.background_jobs.execute_job(event=None, is_async=True, job_name='frappe.core.doctype.scheduled_job_type.scheduled_job_type.run_scheduled_jo..., kwargs={'job_type': 'frappe.search.sqlite_search.build_index_if_not_exists'}, method='frappe.core.doctype.scheduled_job_type.scheduled_job_type.run_scheduled_jo..., site='task.local', user='Administrator') (task.local::scheduled_job::frappe.search.sqlite_search.build_index_if_not_exists)
2026-05-01 00:30:44,455 home-mahmoudtawfeek-task-manger:default: Job OK (task.local::scheduled_job::frappe.search.sqlite_search.build_index_if_not_exists)
2026-05-01 00:30:44,456 Result is kept for 600 seconds
2026-05-01 00:30:44,472 home-mahmoudtawfeek-task-manger:default: frappe.utils.background_jobs.execute_job(event=None, is_async=True, job_name='frappe.core.doctype.scheduled_job_type.scheduled_job_type.run_scheduled_jo..., kwargs={'job_type': 'frappe.utils.telemetry.pulse.client.send_queued_events'}, method='frappe.core.doctype.scheduled_job_type.scheduled_job_type.run_scheduled_jo..., site='task.local', user='Administrator') (task.local::scheduled_job::frappe.utils.telemetry.pulse.client.send_queued_events)
2026-05-01 00:30:46,084 home-mahmoudtawfeek-task-manger:default: Job OK (task.local::scheduled_job::frappe.utils.telemetry.pulse.client.send_queued_events)
2026-05-01 00:30:46,084 Result is kept for 600 seconds
2026-05-01 00:32:33,937 home-mahmoudtawfeek-task-manger:default: frappe.utils.background_jobs.execute_job(event=None, is_async=True, job_name='frappe.core.doctype.scheduled_job_type.scheduled_job_type.run_scheduled_jo..., kwargs={'job_type': 'frappe.integrations.doctype.google_calendar.google_calendar.s..., method='frappe.core.doctype.scheduled_job_type.scheduled_job_type.run_scheduled_jo..., site='task.local', user='Administrator') (task.local::scheduled_job::frappe.integrations.doctype.google_calendar.google_calendar.sync)
2026-05-01 00:32:36,249 home-mahmoudtawfeek-task-manger:default: Job OK (task.local::scheduled_job::frappe.integrations.doctype.google_calendar.google_calendar.sync)
2026-05-01 00:32:36,249 Result is kept for 600 seconds
2026-05-01 00:32:36,266 home-mahmoudtawfeek-task-manger:default: frappe.utils.background_jobs.execute_job(event=None, is_async=True, job_name='frappe.core.doctype.scheduled_job_type.scheduled_job_type.run_scheduled_jo..., kwargs={'job_type': 'frappe.email.queue.retry_sending_emails'}, method='frappe.core.doctype.scheduled_job_type.scheduled_job_type.run_scheduled_jo..., site='task.local', user='Administrator') (task.local::scheduled_job::frappe.email.queue.retry_sending_emails)
2026-05-01 00:32:37,343 home-mahmoudtawfeek-task-manger:default: Job OK (task.local::scheduled_job::frappe.email.queue.retry_sending_emails)
2026-05-01 00:32:37,343 Result is kept for 600 seconds
2026-05-01 00:32:37,351 home-mahmoudtawfeek-task-manger:default: frappe.utils.background_jobs.execute_job(event=None, is_async=True, job_name='frappe.core.doctype.scheduled_job_type.scheduled_job_type.run_scheduled_jo..., kwargs={'job_type': 'frappe.email.queue.flush'}, method='frappe.core.doctype.scheduled_job_type.scheduled_job_type.run_scheduled_jo..., site='task.local', user='Administrator') (task.local::scheduled_job::frappe.email.queue.flush)
2026-05-01 00:32:38,169 home-mahmoudtawfeek-task-manger:default: Job OK (task.local::scheduled_job::frappe.email.queue.flush)
2026-05-01 00:32:38,169 Result is kept for 600 seconds
2026-05-01 00:32:38,178 home-mahmoudtawfeek-task-manger:default: frappe.utils.background_jobs.execute_job(event=None, is_async=True, job_name='frappe.core.doctype.scheduled_job_type.scheduled_job_type.run_scheduled_jo..., kwargs={'job_type': 'frappe.monitor.flush'}, method='frappe.core.doctype.scheduled_job_type.scheduled_job_type.run_scheduled_jo..., site='task.local', user='Administrator') (task.local::scheduled_job::frappe.monitor.flush)
2026-05-01 00:32:38,424 home-mahmoudtawfeek-task-manger:default: Job OK (task.local::scheduled_job::frappe.monitor.flush)
2026-05-01 00:32:38,424 Result is kept for 600 seconds
2026-05-01 00:36:36,084 home-mahmoudtawfeek-task-manger:default: frappe.utils.background_jobs.execute_job(event=None, is_async=True, job_name='frappe.core.doctype.scheduled_job_type.scheduled_job_type.run_scheduled_jo..., kwargs={'job_type': 'frappe.email.queue.retry_sending_emails'}, method='frappe.core.doctype.scheduled_job_type.scheduled_job_type.run_scheduled_jo..., site='task.local', user='Administrator') (task.local::scheduled_job::frappe.email.queue.retry_sending_emails)
2026-05-01 00:36:38,433 home-mahmoudtawfeek-task-manger:default: Job OK (task.local::scheduled_job::frappe.email.queue.retry_sending_emails)
2026-05-01 00:36:38,434 Result is kept for 600 seconds
2026-05-01 00:36:38,547 home-mahmoudtawfeek-task-manger:default: frappe.utils.background_jobs.execute_job(event=None, is_async=True, job_name='frappe.core.doctype.scheduled_job_type.scheduled_job_type.run_scheduled_jo..., kwargs={'job_type': 'frappe.integrations.doctype.google_calendar.google_calendar.s..., method='frappe.core.doctype.scheduled_job_type.scheduled_job_type.run_scheduled_jo..., site='task.local', user='Administrator') (task.local::scheduled_job::frappe.integrations.doctype.google_calendar.google_calendar.sync)
2026-05-01 00:36:42,197 home-mahmoudtawfeek-task-manger:default: Job OK (task.local::scheduled_job::frappe.integrations.doctype.google_calendar.google_calendar.sync)
2026-05-01 00:36:42,217 Result is kept for 600 seconds
2026-05-01 00:36:42,301 home-mahmoudtawfeek-task-manger:default: frappe.utils.background_jobs.execute_job(event=None, is_async=True, job_name='frappe.core.doctype.scheduled_job_type.scheduled_job_type.run_scheduled_jo..., kwargs={'job_type': 'frappe.monitor.flush'}, method='frappe.core.doctype.scheduled_job_type.scheduled_job_type.run_scheduled_jo..., site='task.local', user='Administrator') (task.local::scheduled_job::frappe.monitor.flush)
2026-05-01 00:36:42,653 home-mahmoudtawfeek-task-manger:default: Job OK (task.local::scheduled_job::frappe.monitor.flush)
2026-05-01 00:36:42,653 Result is kept for 600 seconds
2026-05-01 00:36:42,660 home-mahmoudtawfeek-task-manger:default: frappe.utils.background_jobs.execute_job(event=None, is_async=True, job_name='frappe.core.doctype.scheduled_job_type.scheduled_job_type.run_scheduled_jo..., kwargs={'job_type': 'frappe.email.queue.flush'}, method='frappe.core.doctype.scheduled_job_type.scheduled_job_type.run_scheduled_jo..., site='task.local', user='Administrator') (task.local::scheduled_job::frappe.email.queue.flush)
2026-05-01 00:36:44,974 home-mahmoudtawfeek-task-manger:default: Job OK (task.local::scheduled_job::frappe.email.queue.flush)
2026-05-01 00:36:44,974 Result is kept for 600 seconds
2026-05-01 00:40:37,814 home-mahmoudtawfeek-task-manger:default: frappe.utils.background_jobs.execute_job(event=None, is_async=True, job_name='frappe.core.doctype.scheduled_job_type.scheduled_job_type.run_scheduled_jo..., kwargs={'job_type': 'frappe.email.doctype.email_account.email_account.pull'}, method='frappe.core.doctype.scheduled_job_type.scheduled_job_type.run_scheduled_jo..., site='task.local', user='Administrator') (task.local::scheduled_job::frappe.email.doctype.email_account.email_account.pull)
2026-05-01 00:40:40,378 home-mahmoudtawfeek-task-manger:default: Job OK (task.local::scheduled_job::frappe.email.doctype.email_account.email_account.pull)
2026-05-01 00:40:40,378 Result is kept for 600 seconds
2026-05-01 00:40:40,390 home-mahmoudtawfeek-task-manger:default: frappe.utils.background_jobs.execute_job(event=None, is_async=True, job_name='frappe.core.doctype.scheduled_job_type.scheduled_job_type.run_scheduled_jo..., kwargs={'job_type': 'frappe.email.queue.retry_sending_emails'}, method='frappe.core.doctype.scheduled_job_type.scheduled_job_type.run_scheduled_jo..., site='task.local', user='Administrator') (task.local::scheduled_job::frappe.email.queue.retry_sending_emails)
2026-05-01 00:40:42,429 home-mahmoudtawfeek-task-manger:default: Job OK (task.local::scheduled_job::frappe.email.queue.retry_sending_emails)
2026-05-01 00:40:42,433 Result is kept for 600 seconds
2026-05-01 00:40:42,548 home-mahmoudtawfeek-task-manger:default: frappe.utils.background_jobs.execute_job(event=None, is_async=True, job_name='frappe.core.doctype.scheduled_job_type.scheduled_job_type.run_scheduled_jo..., kwargs={'job_type': 'frappe.monitor.flush'}, method='frappe.core.doctype.scheduled_job_type.scheduled_job_type.run_scheduled_jo..., site='task.local', user='Administrator') (task.local::scheduled_job::frappe.monitor.flush)
2026-05-01 00:40:43,033 home-mahmoudtawfeek-task-manger:default: Job OK (task.local::scheduled_job::frappe.monitor.flush)
2026-05-01 00:40:43,033 Result is kept for 600 seconds
2026-05-01 00:40:43,041 home-mahmoudtawfeek-task-manger:default: frappe.utils.background_jobs.execute_job(event=None, is_async=True, job_name='frappe.core.doctype.scheduled_job_type.scheduled_job_type.run_scheduled_jo..., kwargs={'job_type': 'frappe.integrations.doctype.google_calendar.google_calendar.s..., method='frappe.core.doctype.scheduled_job_type.scheduled_job_type.run_scheduled_jo..., site='task.local', user='Administrator') (task.local::scheduled_job::frappe.integrations.doctype.google_calendar.google_calendar.sync)
2026-05-01 00:40:44,738 home-mahmoudtawfeek-task-manger:default: Job OK (task.local::scheduled_job::frappe.integrations.doctype.google_calendar.google_calendar.sync)
2026-05-01 00:40:44,802 Result is kept for 600 seconds
2026-05-01 00:40:44,834 home-mahmoudtawfeek-task-manger:default: frappe.utils.background_jobs.execute_job(event=None, is_async=True, job_name='frappe.core.doctype.scheduled_job_type.scheduled_job_type.run_scheduled_jo..., kwargs={'job_type': 'frappe.email.queue.flush'}, method='frappe.core.doctype.scheduled_job_type.scheduled_job_type.run_scheduled_jo..., site='task.local', user='Administrator') (task.local::scheduled_job::frappe.email.queue.flush)
2026-05-01 00:40:46,662 home-mahmoudtawfeek-task-manger:default: Job OK (task.local::scheduled_job::frappe.email.queue.flush)
2026-05-01 00:40:46,662 Result is kept for 600 seconds
2026-05-01 00:44:39,369 home-mahmoudtawfeek-task-manger:default: frappe.utils.background_jobs.execute_job(event=None, is_async=True, job_name='frappe.core.doctype.scheduled_job_type.scheduled_job_type.run_scheduled_jo..., kwargs={'job_type': 'frappe.monitor.flush'}, method='frappe.core.doctype.scheduled_job_type.scheduled_job_type.run_scheduled_jo..., site='task.local', user='Administrator') (task.local::scheduled_job::frappe.monitor.flush)
2026-05-01 00:44:39,886 home-mahmoudtawfeek-task-manger:default: Job OK (task.local::scheduled_job::frappe.monitor.flush)
2026-05-01 00:44:39,887 Result is kept for 600 seconds
2026-05-01 00:44:39,895 home-mahmoudtawfeek-task-manger:default: frappe.utils.background_jobs.execute_job(event=None, is_async=True, job_name='frappe.core.doctype.scheduled_job_type.scheduled_job_type.run_scheduled_jo..., kwargs={'job_type': 'frappe.email.queue.flush'}, method='frappe.core.doctype.scheduled_job_type.scheduled_job_type.run_scheduled_jo..., site='task.local', user='Administrator') (task.local::scheduled_job::frappe.email.queue.flush)
2026-05-01 00:44:41,391 home-mahmoudtawfeek-task-manger:default: Job OK (task.local::scheduled_job::frappe.email.queue.flush)
2026-05-01 00:44:41,392 Result is kept for 600 seconds
2026-05-01 00:44:41,454 home-mahmoudtawfeek-task-manger:default: frappe.utils.background_jobs.execute_job(event=None, is_async=True, job_name='frappe.core.doctype.scheduled_job_type.scheduled_job_type.run_scheduled_jo..., kwargs={'job_type': 'frappe.integrations.doctype.google_calendar.google_calendar.s..., method='frappe.core.doctype.scheduled_job_type.scheduled_job_type.run_scheduled_jo..., site='task.local', user='Administrator') (task.local::scheduled_job::frappe.integrations.doctype.google_calendar.google_calendar.sync)
2026-05-01 00:44:42,678 home-mahmoudtawfeek-task-manger:default: Job OK (task.local::scheduled_job::frappe.integrations.doctype.google_calendar.google_calendar.sync)
2026-05-01 00:44:42,679 Result is kept for 600 seconds
2026-05-01 00:44:42,689 home-mahmoudtawfeek-task-manger:default: frappe.utils.background_jobs.execute_job(event=None, is_async=True, job_name='frappe.core.doctype.scheduled_job_type.scheduled_job_type.run_scheduled_jo..., kwargs={'job_type': 'frappe.email.queue.retry_sending_emails'}, method='frappe.core.doctype.scheduled_job_type.scheduled_job_type.run_scheduled_jo..., site='task.local', user='Administrator') (task.local::scheduled_job::frappe.email.queue.retry_sending_emails)
2026-05-01 00:44:43,823 home-mahmoudtawfeek-task-manger:default: Job OK (task.local::scheduled_job::frappe.email.queue.retry_sending_emails)
2026-05-01 00:44:43,823 Result is kept for 600 seconds
2026-05-01 00:45:39,722 home-mahmoudtawfeek-task-manger:default: frappe.utils.background_jobs.execute_job(event=None, is_async=True, job_name='frappe.core.doctype.scheduled_job_type.scheduled_job_type.run_scheduled_jo..., kwargs={'job_type': 'frappe.deferred_insert.save_to_db'}, method='frappe.core.doctype.scheduled_job_type.scheduled_job_type.run_scheduled_jo..., site='task.local', user='Administrator') (task.local::scheduled_job::frappe.deferred_insert.save_to_db)
2026-05-01 00:45:40,830 home-mahmoudtawfeek-task-manger:default: Job OK (task.local::scheduled_job::frappe.deferred_insert.save_to_db)
2026-05-01 00:45:40,830 Result is kept for 600 seconds
2026-05-01 00:45:40,839 home-mahmoudtawfeek-task-manger:default: frappe.utils.background_jobs.execute_job(event=None, is_async=True, job_name='frappe.core.doctype.scheduled_job_type.scheduled_job_type.run_scheduled_jo..., kwargs={'job_type': 'erpnext.manufacturing.doctype.bom_update_log.bom_update_log.r..., method='frappe.core.doctype.scheduled_job_type.scheduled_job_type.run_scheduled_jo..., site='task.local', user='Administrator') (task.local::scheduled_job::erpnext.manufacturing.doctype.bom_update_log.bom_update_log.resume_bom_cost_update_jobs)
2026-05-01 00:45:41,591 home-mahmoudtawfeek-task-manger:default: Job OK (task.local::scheduled_job::erpnext.manufacturing.doctype.bom_update_log.bom_update_log.resume_bom_cost_update_jobs)
2026-05-01 00:45:41,591 Result is kept for 600 seconds
2026-05-01 00:45:41,603 home-mahmoudtawfeek-task-manger:default: frappe.utils.background_jobs.execute_job(event=None, is_async=True, job_name='frappe.core.doctype.scheduled_job_type.scheduled_job_type.run_scheduled_jo..., kwargs={'job_type': 'frappe.automation.doctype.reminder.reminder.send_reminders'}, method='frappe.core.doctype.scheduled_job_type.scheduled_job_type.run_scheduled_jo..., site='task.local', user='Administrator') (task.local::scheduled_job::frappe.automation.doctype.reminder.reminder.send_reminders)
2026-05-01 00:45:42,337 home-mahmoudtawfeek-task-manger:default: Job OK (task.local::scheduled_job::frappe.automation.doctype.reminder.reminder.send_reminders)
2026-05-01 00:45:42,337 Result is kept for 600 seconds
2026-05-01 00:45:42,348 home-mahmoudtawfeek-task-manger:default: frappe.utils.background_jobs.execute_job(event=None, is_async=True, job_name='frappe.core.doctype.scheduled_job_type.scheduled_job_type.run_scheduled_jo..., kwargs={'job_type': 'frappe.model.utils.link_count.update_link_count'}, method='frappe.core.doctype.scheduled_job_type.scheduled_job_type.run_scheduled_jo..., site='task.local', user='Administrator') (task.local::scheduled_job::frappe.model.utils.link_count.update_link_count)
2026-05-01 00:45:42,948 home-mahmoudtawfeek-task-manger:default: Job OK (task.local::scheduled_job::frappe.model.utils.link_count.update_link_count)
2026-05-01 00:45:42,948 Result is kept for 600 seconds
2026-05-01 00:45:42,963 home-mahmoudtawfeek-task-manger:default: frappe.utils.background_jobs.execute_job(event=None, is_async=True, job_name='frappe.core.doctype.scheduled_job_type.scheduled_job_type.run_scheduled_jo..., kwargs={'job_type': 'frappe.utils.telemetry.pulse.client.send_queued_events'}, method='frappe.core.doctype.scheduled_job_type.scheduled_job_type.run_scheduled_jo..., site='task.local', user='Administrator') (task.local::scheduled_job::frappe.utils.telemetry.pulse.client.send_queued_events)
2026-05-01 00:45:43,543 home-mahmoudtawfeek-task-manger:default: Job OK (task.local::scheduled_job::frappe.utils.telemetry.pulse.client.send_queued_events)
2026-05-01 00:45:43,544 Result is kept for 600 seconds
2026-05-01 00:45:43,552 home-mahmoudtawfeek-task-manger:default: frappe.utils.background_jobs.execute_job(event=None, is_async=True, job_name='frappe.core.doctype.scheduled_job_type.scheduled_job_type.run_scheduled_jo..., kwargs={'job_type': 'frappe.utils.global_search.sync_global_search'}, method='frappe.core.doctype.scheduled_job_type.scheduled_job_type.run_scheduled_jo..., site='task.local', user='Administrator') (task.local::scheduled_job::frappe.utils.global_search.sync_global_search)
2026-05-01 00:45:45,605 home-mahmoudtawfeek-task-manger:default: Job OK (task.local::scheduled_job::frappe.utils.global_search.sync_global_search)
2026-05-01 00:45:45,606 Result is kept for 600 seconds
2026-05-01 00:45:45,624 home-mahmoudtawfeek-task-manger:default: frappe.utils.background_jobs.execute_job(event=None, is_async=True, job_name='frappe.core.doctype.scheduled_job_type.scheduled_job_type.run_scheduled_jo..., kwargs={'job_type': 'frappe.search.sqlite_search.build_index_if_not_exists'}, method='frappe.core.doctype.scheduled_job_type.scheduled_job_type.run_scheduled_jo..., site='task.local', user='Administrator') (task.local::scheduled_job::frappe.search.sqlite_search.build_index_if_not_exists)
2026-05-01 00:45:46,533 home-mahmoudtawfeek-task-manger:default: Job OK (task.local::scheduled_job::frappe.search.sqlite_search.build_index_if_not_exists)
2026-05-01 00:45:46,534 Result is kept for 600 seconds
2026-05-01 00:45:46,542 home-mahmoudtawfeek-task-manger:default: frappe.utils.background_jobs.execute_job(event=None, is_async=True, job_name='frappe.core.doctype.scheduled_job_type.scheduled_job_type.run_scheduled_jo..., kwargs={'job_type': 'frappe.email.doctype.email_account.email_account.notify_unrep..., method='frappe.core.doctype.scheduled_job_type.scheduled_job_type.run_scheduled_jo..., site='task.local', user='Administrator') (task.local::scheduled_job::frappe.email.doctype.email_account.email_account.notify_unreplied)
2026-05-01 00:45:47,203 home-mahmoudtawfeek-task-manger:default: Job OK (task.local::scheduled_job::frappe.email.doctype.email_account.email_account.notify_unreplied)
2026-05-01 00:45:47,204 Result is kept for 600 seconds
2026-05-01 00:48:40,802 home-mahmoudtawfeek-task-manger:default: frappe.utils.background_jobs.execute_job(event=None, is_async=True, job_name='frappe.core.doctype.scheduled_job_type.scheduled_job_type.run_scheduled_jo..., kwargs={'job_type': 'frappe.email.queue.retry_sending_emails'}, method='frappe.core.doctype.scheduled_job_type.scheduled_job_type.run_scheduled_jo..., site='task.local', user='Administrator') (task.local::scheduled_job::frappe.email.queue.retry_sending_emails)
2026-05-01 00:48:42,551 home-mahmoudtawfeek-task-manger:default: Job OK (task.local::scheduled_job::frappe.email.queue.retry_sending_emails)
2026-05-01 00:48:42,551 Result is kept for 600 seconds
2026-05-01 00:48:42,562 home-mahmoudtawfeek-task-manger:default: frappe.utils.background_jobs.execute_job(event=None, is_async=True, job_name='frappe.core.doctype.scheduled_job_type.scheduled_job_type.run_scheduled_jo..., kwargs={'job_type': 'frappe.integrations.doctype.google_calendar.google_calendar.s..., method='frappe.core.doctype.scheduled_job_type.scheduled_job_type.run_scheduled_jo..., site='task.local', user='Administrator') (task.local::scheduled_job::frappe.integrations.doctype.google_calendar.google_calendar.sync)
2026-05-01 00:48:43,273 home-mahmoudtawfeek-task-manger:default: Job OK (task.local::scheduled_job::frappe.integrations.doctype.google_calendar.google_calendar.sync)
2026-05-01 00:48:43,273 Result is kept for 600 seconds
2026-05-01 00:48:43,287 home-mahmoudtawfeek-task-manger:default: frappe.utils.background_jobs.execute_job(event=None, is_async=True, job_name='frappe.core.doctype.scheduled_job_type.scheduled_job_type.run_scheduled_jo..., kwargs={'job_type': 'frappe.email.queue.flush'}, method='frappe.core.doctype.scheduled_job_type.scheduled_job_type.run_scheduled_jo..., site='task.local', user='Administrator') (task.local::scheduled_job::frappe.email.queue.flush)
2026-05-01 00:48:43,946 home-mahmoudtawfeek-task-manger:default: Job OK (task.local::scheduled_job::frappe.email.queue.flush)
2026-05-01 00:48:43,946 Result is kept for 600 seconds
2026-05-01 00:48:43,954 home-mahmoudtawfeek-task-manger:default: frappe.utils.background_jobs.execute_job(event=None, is_async=True, job_name='frappe.core.doctype.scheduled_job_type.scheduled_job_type.run_scheduled_jo..., kwargs={'job_type': 'frappe.monitor.flush'}, method='frappe.core.doctype.scheduled_job_type.scheduled_job_type.run_scheduled_jo..., site='task.local', user='Administrator') (task.local::scheduled_job::frappe.monitor.flush)
2026-05-01 00:48:44,282 home-mahmoudtawfeek-task-manger:default: Job OK (task.local::scheduled_job::frappe.monitor.flush)
2026-05-01 00:48:44,282 Result is kept for 600 seconds
2026-05-01 00:50:41,518 home-mahmoudtawfeek-task-manger:default: frappe.utils.background_jobs.execute_job(event=None, is_async=True, job_name='frappe.core.doctype.scheduled_job_type.scheduled_job_type.run_scheduled_jo..., kwargs={'job_type': 'frappe.email.doctype.email_account.email_account.pull'}, method='frappe.core.doctype.scheduled_job_type.scheduled_job_type.run_scheduled_jo..., site='task.local', user='Administrator') (task.local::scheduled_job::frappe.email.doctype.email_account.email_account.pull)
2026-05-01 00:50:42,460 home-mahmoudtawfeek-task-manger:default: Job OK (task.local::scheduled_job::frappe.email.doctype.email_account.email_account.pull)
2026-05-01 00:50:42,461 Result is kept for 600 seconds
2026-05-01 00:50:42,517 Cleaning registries for queue: home-mahmoudtawfeek-task-manger:short
2026-05-01 00:50:42,573 Cleaning registries for queue: home-mahmoudtawfeek-task-manger:default
2026-05-01 00:50:42,576 Cleaning registries for queue: home-mahmoudtawfeek-task-manger:long
2026-05-01 00:52:41,912 home-mahmoudtawfeek-task-manger:default: frappe.utils.background_jobs.execute_job(event=None, is_async=True, job_name='frappe.core.doctype.scheduled_job_type.scheduled_job_type.run_scheduled_jo..., kwargs={'job_type': 'frappe.integrations.doctype.google_calendar.google_calendar.s..., method='frappe.core.doctype.scheduled_job_type.scheduled_job_type.run_scheduled_jo..., site='task.local', user='Administrator') (task.local::scheduled_job::frappe.integrations.doctype.google_calendar.google_calendar.sync)
2026-05-01 00:52:43,020 home-mahmoudtawfeek-task-manger:default: Job OK (task.local::scheduled_job::frappe.integrations.doctype.google_calendar.google_calendar.sync)
2026-05-01 00:52:43,089 Result is kept for 600 seconds
2026-05-01 00:52:43,098 home-mahmoudtawfeek-task-manger:default: frappe.utils.background_jobs.execute_job(event=None, is_async=True, job_name='frappe.core.doctype.scheduled_job_type.scheduled_job_type.run_scheduled_jo..., kwargs={'job_type': 'frappe.monitor.flush'}, method='frappe.core.doctype.scheduled_job_type.scheduled_job_type.run_scheduled_jo..., site='task.local', user='Administrator') (task.local::scheduled_job::frappe.monitor.flush)
2026-05-01 00:52:43,528 home-mahmoudtawfeek-task-manger:default: Job OK (task.local::scheduled_job::frappe.monitor.flush)
2026-05-01 00:52:43,528 Result is kept for 600 seconds
2026-05-01 00:52:43,539 home-mahmoudtawfeek-task-manger:default: frappe.utils.background_jobs.execute_job(event=None, is_async=True, job_name='frappe.core.doctype.scheduled_job_type.scheduled_job_type.run_scheduled_jo..., kwargs={'job_type': 'frappe.email.queue.retry_sending_emails'}, method='frappe.core.doctype.scheduled_job_type.scheduled_job_type.run_scheduled_jo..., site='task.local', user='Administrator') (task.local::scheduled_job::frappe.email.queue.retry_sending_emails)
2026-05-01 00:52:45,495 home-mahmoudtawfeek-task-manger:default: Job OK (task.local::scheduled_job::frappe.email.queue.retry_sending_emails)
2026-05-01 00:52:45,496 Result is kept for 600 seconds
2026-05-01 00:52:45,509 home-mahmoudtawfeek-task-manger:default: frappe.utils.background_jobs.execute_job(event=None, is_async=True, job_name='frappe.core.doctype.scheduled_job_type.scheduled_job_type.run_scheduled_jo..., kwargs={'job_type': 'frappe.email.queue.flush'}, method='frappe.core.doctype.scheduled_job_type.scheduled_job_type.run_scheduled_jo..., site='task.local', user='Administrator') (task.local::scheduled_job::frappe.email.queue.flush)
2026-05-01 00:52:46,968 home-mahmoudtawfeek-task-manger:default: Job OK (task.local::scheduled_job::frappe.email.queue.flush)
2026-05-01 00:52:46,968 Result is kept for 600 seconds
2026-05-01 00:56:43,289 home-mahmoudtawfeek-task-manger:default: frappe.utils.background_jobs.execute_job(event=None, is_async=True, job_name='frappe.core.doctype.scheduled_job_type.scheduled_job_type.run_scheduled_jo..., kwargs={'job_type': 'frappe.integrations.doctype.google_calendar.google_calendar.s..., method='frappe.core.doctype.scheduled_job_type.scheduled_job_type.run_scheduled_jo..., site='task.local', user='Administrator') (task.local::scheduled_job::frappe.integrations.doctype.google_calendar.google_calendar.sync)
2026-05-01 00:56:49,750 home-mahmoudtawfeek-task-manger:default: Job OK (task.local::scheduled_job::frappe.integrations.doctype.google_calendar.google_calendar.sync)
2026-05-01 00:56:49,751 Result is kept for 600 seconds
2026-05-01 00:56:49,787 home-mahmoudtawfeek-task-manger:default: frappe.utils.background_jobs.execute_job(event=None, is_async=True, job_name='frappe.core.doctype.scheduled_job_type.scheduled_job_type.run_scheduled_jo..., kwargs={'job_type': 'frappe.email.queue.retry_sending_emails'}, method='frappe.core.doctype.scheduled_job_type.scheduled_job_type.run_scheduled_jo..., site='task.local', user='Administrator') (task.local::scheduled_job::frappe.email.queue.retry_sending_emails)
2026-05-01 00:56:51,496 home-mahmoudtawfeek-task-manger:default: Job OK (task.local::scheduled_job::frappe.email.queue.retry_sending_emails)
2026-05-01 00:56:51,497 Result is kept for 600 seconds
2026-05-01 00:56:51,506 home-mahmoudtawfeek-task-manger:default: frappe.utils.background_jobs.execute_job(event=None, is_async=True, job_name='frappe.core.doctype.scheduled_job_type.scheduled_job_type.run_scheduled_jo..., kwargs={'job_type': 'frappe.email.queue.flush'}, method='frappe.core.doctype.scheduled_job_type.scheduled_job_type.run_scheduled_jo..., site='task.local', user='Administrator') (task.local::scheduled_job::frappe.email.queue.flush)
2026-05-01 00:56:52,751 home-mahmoudtawfeek-task-manger:default: Job OK (task.local::scheduled_job::frappe.email.queue.flush)
2026-05-01 00:56:52,751 Result is kept for 600 seconds
2026-05-01 00:56:52,759 home-mahmoudtawfeek-task-manger:default: frappe.utils.background_jobs.execute_job(event=None, is_async=True, job_name='frappe.core.doctype.scheduled_job_type.scheduled_job_type.run_scheduled_jo..., kwargs={'job_type': 'frappe.monitor.flush'}, method='frappe.core.doctype.scheduled_job_type.scheduled_job_type.run_scheduled_jo..., site='task.local', user='Administrator') (task.local::scheduled_job::frappe.monitor.flush)
2026-05-01 00:56:53,037 home-mahmoudtawfeek-task-manger:default: Job OK (task.local::scheduled_job::frappe.monitor.flush)
2026-05-01 00:56:53,038 Result is kept for 600 seconds
2026-05-01 01:00:45,045 home-mahmoudtawfeek-task-manger:long: frappe.utils.background_jobs.execute_job(event=None, is_async=True, job_name='frappe.core.doctype.scheduled_job_type.scheduled_job_type.run_scheduled_jo..., kwargs={'job_type': 'erpnext.erpnext_integrations.doctype.plaid_settings.plaid_set..., method='frappe.core.doctype.scheduled_job_type.scheduled_job_type.run_scheduled_jo..., site='task.local', user='Administrator') (task.local::scheduled_job::erpnext.erpnext_integrations.doctype.plaid_settings.plaid_settings.automatic_synchronization)
2026-05-01 01:00:54,021 home-mahmoudtawfeek-task-manger:long: Job OK (task.local::scheduled_job::erpnext.erpnext_integrations.doctype.plaid_settings.plaid_settings.automatic_synchronization)
2026-05-01 01:00:54,021 Result is kept for 600 seconds
2026-05-01 01:00:54,031 home-mahmoudtawfeek-task-manger:default: frappe.utils.background_jobs.execute_job(event=None, is_async=True, job_name='frappe.core.doctype.scheduled_job_type.scheduled_job_type.run_scheduled_jo..., kwargs={'job_type': 'frappe.search.sqlite_search.build_index_if_not_exists'}, method='frappe.core.doctype.scheduled_job_type.scheduled_job_type.run_scheduled_jo..., site='task.local', user='Administrator') (task.local::scheduled_job::frappe.search.sqlite_search.build_index_if_not_exists)
2026-05-01 01:00:54,501 home-mahmoudtawfeek-task-manger:default: Job OK (task.local::scheduled_job::frappe.search.sqlite_search.build_index_if_not_exists)
2026-05-01 01:00:54,502 Result is kept for 600 seconds
2026-05-01 01:00:54,515 home-mahmoudtawfeek-task-manger:default: frappe.utils.background_jobs.execute_job(event=None, is_async=True, job_name='frappe.core.doctype.scheduled_job_type.scheduled_job_type.run_scheduled_jo..., kwargs={'job_type': 'erpnext.projects.doctype.project.project.hourly_reminder'}, method='frappe.core.doctype.scheduled_job_type.scheduled_job_type.run_scheduled_jo..., site='task.local', user='Administrator') (task.local::scheduled_job::erpnext.projects.doctype.project.project.hourly_reminder)
2026-05-01 01:01:02,845 home-mahmoudtawfeek-task-manger:default: Job OK (task.local::scheduled_job::erpnext.projects.doctype.project.project.hourly_reminder)
2026-05-01 01:01:02,846 Result is kept for 600 seconds
2026-05-01 01:01:02,863 home-mahmoudtawfeek-task-manger:default: frappe.utils.background_jobs.execute_job(event=None, is_async=True, job_name='frappe.core.doctype.scheduled_job_type.scheduled_job_type.run_scheduled_jo..., kwargs={'job_type': 'frappe.automation.doctype.reminder.reminder.send_reminders'}, method='frappe.core.doctype.scheduled_job_type.scheduled_job_type.run_scheduled_jo..., site='task.local', user='Administrator') (task.local::scheduled_job::frappe.automation.doctype.reminder.reminder.send_reminders)
2026-05-01 01:01:04,039 home-mahmoudtawfeek-task-manger:default: Job OK (task.local::scheduled_job::frappe.automation.doctype.reminder.reminder.send_reminders)
2026-05-01 01:01:04,040 Result is kept for 600 seconds
2026-05-01 01:01:04,048 home-mahmoudtawfeek-task-manger:default: frappe.utils.background_jobs.execute_job(event=None, is_async=True, job_name='frappe.core.doctype.scheduled_job_type.scheduled_job_type.run_scheduled_jo..., kwargs={'job_type': 'frappe.utils.global_search.sync_global_search'}, method='frappe.core.doctype.scheduled_job_type.scheduled_job_type.run_scheduled_jo..., site='task.local', user='Administrator') (task.local::scheduled_job::frappe.utils.global_search.sync_global_search)
2026-05-01 01:01:05,425 home-mahmoudtawfeek-task-manger:default: Job OK (task.local::scheduled_job::frappe.utils.global_search.sync_global_search)
2026-05-01 01:01:05,426 Result is kept for 600 seconds
2026-05-01 01:01:05,435 home-mahmoudtawfeek-task-manger:default: frappe.utils.background_jobs.execute_job(event=None, is_async=True, job_name='frappe.core.doctype.scheduled_job_type.scheduled_job_type.run_scheduled_jo..., kwargs={'job_type': 'frappe.monitor.flush'}, method='frappe.core.doctype.scheduled_job_type.scheduled_job_type.run_scheduled_jo..., site='task.local', user='Administrator') (task.local::scheduled_job::frappe.monitor.flush)
2026-05-01 01:01:05,756 home-mahmoudtawfeek-task-manger:default: Job OK (task.local::scheduled_job::frappe.monitor.flush)
2026-05-01 01:01:05,756 Result is kept for 600 seconds
2026-05-01 01:01:05,765 home-mahmoudtawfeek-task-manger:default: frappe.utils.background_jobs.execute_job(event=None, is_async=True, job_name='frappe.core.doctype.scheduled_job_type.scheduled_job_type.run_scheduled_jo..., kwargs={'job_type': 'frappe.email.doctype.email_account.email_account.pull'}, method='frappe.core.doctype.scheduled_job_type.scheduled_job_type.run_scheduled_jo..., site='task.local', user='Administrator') (task.local::scheduled_job::frappe.email.doctype.email_account.email_account.pull)
2026-05-01 01:01:10,718 home-mahmoudtawfeek-task-manger:default: Job OK (task.local::scheduled_job::frappe.email.doctype.email_account.email_account.pull)
2026-05-01 01:01:10,718 Result is kept for 600 seconds
2026-05-01 01:01:10,731 home-mahmoudtawfeek-task-manger:default: frappe.utils.background_jobs.execute_job(event=None, is_async=True, job_name='frappe.core.doctype.scheduled_job_type.scheduled_job_type.run_scheduled_jo..., kwargs={'job_type': 'frappe.email.doctype.email_account.email_account.notify_unrep..., method='frappe.core.doctype.scheduled_job_type.scheduled_job_type.run_scheduled_jo..., site='task.local', user='Administrator') (task.local::scheduled_job::frappe.email.doctype.email_account.email_account.notify_unreplied)
2026-05-01 01:01:12,411 home-mahmoudtawfeek-task-manger:default: Job OK (task.local::scheduled_job::frappe.email.doctype.email_account.email_account.notify_unreplied)
2026-05-01 01:01:12,411 Result is kept for 600 seconds
2026-05-01 01:01:12,424 home-mahmoudtawfeek-task-manger:default: frappe.utils.background_jobs.execute_job(event=None, is_async=True, job_name='frappe.core.doctype.scheduled_job_type.scheduled_job_type.run_scheduled_jo..., kwargs={'job_type': 'erpnext.manufacturing.doctype.bom_update_log.bom_update_log.r..., method='frappe.core.doctype.scheduled_job_type.scheduled_job_type.run_scheduled_jo..., site='task.local', user='Administrator') (task.local::scheduled_job::erpnext.manufacturing.doctype.bom_update_log.bom_update_log.resume_bom_cost_update_jobs)
2026-05-01 01:01:13,530 home-mahmoudtawfeek-task-manger:default: Job OK (task.local::scheduled_job::erpnext.manufacturing.doctype.bom_update_log.bom_update_log.resume_bom_cost_update_jobs)
2026-05-01 01:01:13,530 Result is kept for 600 seconds
2026-05-01 01:01:13,551 home-mahmoudtawfeek-task-manger:default: frappe.utils.background_jobs.execute_job(event=None, is_async=True, job_name='frappe.core.doctype.scheduled_job_type.scheduled_job_type.run_scheduled_jo..., kwargs={'job_type': 'frappe.email.queue.retry_sending_emails'}, method='frappe.core.doctype.scheduled_job_type.scheduled_job_type.run_scheduled_jo..., site='task.local', user='Administrator') (task.local::scheduled_job::frappe.email.queue.retry_sending_emails)
2026-05-01 01:01:14,942 home-mahmoudtawfeek-task-manger:default: Job OK (task.local::scheduled_job::frappe.email.queue.retry_sending_emails)
2026-05-01 01:01:14,943 Result is kept for 600 seconds
2026-05-01 01:01:14,964 home-mahmoudtawfeek-task-manger:default: frappe.utils.background_jobs.execute_job(event=None, is_async=True, job_name='frappe.core.doctype.scheduled_job_type.scheduled_job_type.run_scheduled_jo..., kwargs={'job_type': 'frappe.utils.telemetry.pulse.client.send_queued_events'}, method='frappe.core.doctype.scheduled_job_type.scheduled_job_type.run_scheduled_jo..., site='task.local', user='Administrator') (task.local::scheduled_job::frappe.utils.telemetry.pulse.client.send_queued_events)
2026-05-01 01:01:16,178 home-mahmoudtawfeek-task-manger:default: Job OK (task.local::scheduled_job::frappe.utils.telemetry.pulse.client.send_queued_events)
2026-05-01 01:01:16,178 Result is kept for 600 seconds
2026-05-01 01:01:16,186 home-mahmoudtawfeek-task-manger:default: frappe.utils.background_jobs.execute_job(event=None, is_async=True, job_name='frappe.core.doctype.scheduled_job_type.scheduled_job_type.run_scheduled_jo..., kwargs={'job_type': 'frappe.model.utils.link_count.update_link_count'}, method='frappe.core.doctype.scheduled_job_type.scheduled_job_type.run_scheduled_jo..., site='task.local', user='Administrator') (task.local::scheduled_job::frappe.model.utils.link_count.update_link_count)
2026-05-01 01:01:16,743 home-mahmoudtawfeek-task-manger:default: Job OK (task.local::scheduled_job::frappe.model.utils.link_count.update_link_count)
2026-05-01 01:01:16,743 Result is kept for 600 seconds
2026-05-01 01:01:16,771 home-mahmoudtawfeek-task-manger:default: frappe.utils.background_jobs.execute_job(event=None, is_async=True, job_name='frappe.core.doctype.scheduled_job_type.scheduled_job_type.run_scheduled_jo..., kwargs={'job_type': 'frappe.email.queue.flush'}, method='frappe.core.doctype.scheduled_job_type.scheduled_job_type.run_scheduled_jo..., site='task.local', user='Administrator') (task.local::scheduled_job::frappe.email.queue.flush)
2026-05-01 01:01:18,132 home-mahmoudtawfeek-task-manger:default: Job OK (task.local::scheduled_job::frappe.email.queue.flush)
2026-05-01 01:01:18,133 Result is kept for 600 seconds
2026-05-01 01:01:18,155 home-mahmoudtawfeek-task-manger:default: frappe.utils.background_jobs.execute_job(event=None, is_async=True, job_name='frappe.core.doctype.scheduled_job_type.scheduled_job_type.run_scheduled_jo..., kwargs={'job_type': 'frappe.integrations.doctype.google_calendar.google_calendar.s..., method='frappe.core.doctype.scheduled_job_type.scheduled_job_type.run_scheduled_jo..., site='task.local', user='Administrator') (task.local::scheduled_job::frappe.integrations.doctype.google_calendar.google_calendar.sync)
2026-05-01 01:01:19,318 home-mahmoudtawfeek-task-manger:default: Job OK (task.local::scheduled_job::frappe.integrations.doctype.google_calendar.google_calendar.sync)
2026-05-01 01:01:19,319 Result is kept for 600 seconds
2026-05-01 01:01:19,339 home-mahmoudtawfeek-task-manger:default: frappe.utils.background_jobs.execute_job(event=None, is_async=True, job_name='frappe.core.doctype.scheduled_job_type.scheduled_job_type.run_scheduled_jo..., kwargs={'job_type': 'frappe.email.doctype.newsletter.newsletter.send_scheduled_ema..., method='frappe.core.doctype.scheduled_job_type.scheduled_job_type.run_scheduled_jo..., site='task.local', user='Administrator') (task.local::scheduled_job::frappe.email.doctype.newsletter.newsletter.send_scheduled_email)
2026-05-01 01:01:21,073 home-mahmoudtawfeek-task-manger:default: Job OK (task.local::scheduled_job::frappe.email.doctype.newsletter.newsletter.send_scheduled_email)
2026-05-01 01:01:21,073 Result is kept for 600 seconds
2026-05-01 01:01:21,085 home-mahmoudtawfeek-task-manger:default: frappe.utils.background_jobs.execute_job(event=None, is_async=True, job_name='frappe.core.doctype.scheduled_job_type.scheduled_job_type.run_scheduled_jo..., kwargs={'job_type': 'frappe.deferred_insert.save_to_db'}, method='frappe.core.doctype.scheduled_job_type.scheduled_job_type.run_scheduled_jo..., site='task.local', user='Administrator') (task.local::scheduled_job::frappe.deferred_insert.save_to_db)
2026-05-01 01:01:21,807 home-mahmoudtawfeek-task-manger:default: Job OK (task.local::scheduled_job::frappe.deferred_insert.save_to_db)
2026-05-01 01:01:21,807 Result is kept for 600 seconds
2026-05-01 01:01:21,815 home-mahmoudtawfeek-task-manger:long: frappe.utils.background_jobs.execute_job(event=None, is_async=True, job_name='frappe.core.doctype.scheduled_job_type.scheduled_job_type.run_scheduled_jo..., kwargs={'job_type': 'frappe.website.doctype.personal_data_deletion_request.persona..., method='frappe.core.doctype.scheduled_job_type.scheduled_job_type.run_scheduled_jo..., site='task.local', user='Administrator') (task.local::scheduled_job::frappe.website.doctype.personal_data_deletion_request.personal_data_deletion_request.process_data_deletion_request)
2026-05-01 01:01:22,782 home-mahmoudtawfeek-task-manger:long: Job OK (task.local::scheduled_job::frappe.website.doctype.personal_data_deletion_request.personal_data_deletion_request.process_data_deletion_request)
2026-05-01 01:01:22,782 Result is kept for 600 seconds
2026-05-01 01:01:22,791 home-mahmoudtawfeek-task-manger:long: frappe.utils.background_jobs.execute_job(event=None, is_async=True, job_name='frappe.core.doctype.scheduled_job_type.scheduled_job_type.run_scheduled_jo..., kwargs={'job_type': 'erpnext.stock.doctype.repost_item_valuation.repost_item_valua..., method='frappe.core.doctype.scheduled_job_type.scheduled_job_type.run_scheduled_jo..., site='task.local', user='Administrator') (task.local::scheduled_job::erpnext.stock.doctype.repost_item_valuation.repost_item_valuation.repost_entries)
2026-05-01 01:01:25,508 home-mahmoudtawfeek-task-manger:long: Job OK (task.local::scheduled_job::erpnext.stock.doctype.repost_item_valuation.repost_item_valuation.repost_entries)
2026-05-01 01:01:25,508 Result is kept for 600 seconds
2026-05-01 01:01:25,520 home-mahmoudtawfeek-task-manger:long: frappe.utils.background_jobs.execute_job(event=None, is_async=True, job_name='frappe.core.doctype.scheduled_job_type.scheduled_job_type.run_scheduled_jo..., kwargs={'job_type': 'erpnext.projects.doctype.project.project.project_status_updat..., method='frappe.core.doctype.scheduled_job_type.scheduled_job_type.run_scheduled_jo..., site='task.local', user='Administrator') (task.local::scheduled_job::erpnext.projects.doctype.project.project.project_status_update_reminder)
2026-05-01 01:01:26,002 home-mahmoudtawfeek-task-manger:long: Job OK (task.local::scheduled_job::erpnext.projects.doctype.project.project.project_status_update_reminder)
2026-05-01 01:01:26,002 Result is kept for 600 seconds
2026-05-01 01:01:26,010 home-mahmoudtawfeek-task-manger:long: frappe.utils.background_jobs.execute_job(event=None, is_async=True, job_name='frappe.core.doctype.scheduled_job_type.scheduled_job_type.run_scheduled_jo..., kwargs={'job_type': 'frappe.desk.page.backups.backups.delete_downloadable_backups'..., method='frappe.core.doctype.scheduled_job_type.scheduled_job_type.run_scheduled_jo..., site='task.local', user='Administrator') (task.local::scheduled_job::frappe.desk.page.backups.backups.delete_downloadable_backups)
2026-05-01 01:01:26,844 home-mahmoudtawfeek-task-manger:long: Job OK (task.local::scheduled_job::frappe.desk.page.backups.backups.delete_downloadable_backups)
2026-05-01 01:01:26,844 Result is kept for 600 seconds
2026-05-01 01:01:26,853 home-mahmoudtawfeek-task-manger:long: frappe.utils.background_jobs.execute_job(event=None, is_async=True, job_name='frappe.core.doctype.scheduled_job_type.scheduled_job_type.run_scheduled_jo..., kwargs={'job_type': 'erpnext.utilities.doctype.video.video.update_youtube_data'}, method='frappe.core.doctype.scheduled_job_type.scheduled_job_type.run_scheduled_jo..., site='task.local', user='Administrator') (task.local::scheduled_job::erpnext.utilities.doctype.video.video.update_youtube_data)
2026-05-01 01:01:29,601 home-mahmoudtawfeek-task-manger:long: Job OK (task.local::scheduled_job::erpnext.utilities.doctype.video.video.update_youtube_data)
2026-05-01 01:01:29,601 Result is kept for 600 seconds
2026-05-01 01:01:29,612 home-mahmoudtawfeek-task-manger:long: frappe.utils.background_jobs.execute_job(event=None, is_async=True, job_name='frappe.core.doctype.scheduled_job_type.scheduled_job_type.run_scheduled_jo..., kwargs={'job_type': 'frappe.twofactor.delete_all_barcodes_for_users'}, method='frappe.core.doctype.scheduled_job_type.scheduled_job_type.run_scheduled_jo..., site='task.local', user='Administrator') (task.local::scheduled_job::frappe.twofactor.delete_all_barcodes_for_users)
2026-05-01 01:01:30,247 home-mahmoudtawfeek-task-manger:long: Job OK (task.local::scheduled_job::frappe.twofactor.delete_all_barcodes_for_users)
2026-05-01 01:01:30,248 Result is kept for 600 seconds
2026-05-01 01:01:30,272 home-mahmoudtawfeek-task-manger:long: frappe.utils.background_jobs.execute_job(event=None, is_async=True, job_name='frappe.core.doctype.scheduled_job_type.scheduled_job_type.run_scheduled_jo..., kwargs={'job_type': 'erpnext.projects.doctype.project.project.collect_project_stat..., method='frappe.core.doctype.scheduled_job_type.scheduled_job_type.run_scheduled_jo..., site='task.local', user='Administrator') (task.local::scheduled_job::erpnext.projects.doctype.project.project.collect_project_status)
2026-05-01 01:01:31,731 home-mahmoudtawfeek-task-manger:long: Job OK (task.local::scheduled_job::erpnext.projects.doctype.project.project.collect_project_status)
2026-05-01 01:01:31,778 Result is kept for 600 seconds
2026-05-01 01:01:31,787 home-mahmoudtawfeek-task-manger:long: frappe.utils.background_jobs.execute_job(event=None, is_async=True, job_name='frappe.core.doctype.scheduled_job_type.scheduled_job_type.run_scheduled_jo..., kwargs={'job_type': 'erpnext.utilities.bulk_transaction.retry'}, method='frappe.core.doctype.scheduled_job_type.scheduled_job_type.run_scheduled_jo..., site='task.local', user='Administrator') (task.local::scheduled_job::erpnext.utilities.bulk_transaction.retry)
2026-05-01 01:01:33,103 home-mahmoudtawfeek-task-manger:long: Job OK (task.local::scheduled_job::erpnext.utilities.bulk_transaction.retry)
2026-05-01 01:01:33,103 Result is kept for 600 seconds
2026-05-01 01:01:33,113 home-mahmoudtawfeek-task-manger:long: frappe.utils.background_jobs.execute_job(event=None, is_async=True, job_name='frappe.core.doctype.scheduled_job_type.scheduled_job_type.run_scheduled_jo..., kwargs={'job_type': 'frappe.desk.form.document_follow.send_hourly_updates'}, method='frappe.core.doctype.scheduled_job_type.scheduled_job_type.run_scheduled_jo..., site='task.local', user='Administrator') (task.local::scheduled_job::frappe.desk.form.document_follow.send_hourly_updates)
2026-05-01 01:01:33,577 home-mahmoudtawfeek-task-manger:long: Job OK (task.local::scheduled_job::frappe.desk.form.document_follow.send_hourly_updates)
2026-05-01 01:01:33,578 Result is kept for 600 seconds
2026-05-01 01:01:33,589 home-mahmoudtawfeek-task-manger:long: frappe.utils.background_jobs.execute_job(event=None, is_async=True, job_name='frappe.core.doctype.scheduled_job_type.scheduled_job_type.run_scheduled_jo..., kwargs={'job_type': 'frappe.desk.utils.delete_old_exported_report_files'}, method='frappe.core.doctype.scheduled_job_type.scheduled_job_type.run_scheduled_jo..., site='task.local', user='Administrator') (task.local::scheduled_job::frappe.desk.utils.delete_old_exported_report_files)
2026-05-01 01:01:34,085 home-mahmoudtawfeek-task-manger:long: Job OK (task.local::scheduled_job::frappe.desk.utils.delete_old_exported_report_files)
2026-05-01 01:01:34,085 Result is kept for 600 seconds
2026-05-01 01:01:34,105 home-mahmoudtawfeek-task-manger:long: frappe.utils.background_jobs.execute_job(event=None, is_async=True, job_name='frappe.core.doctype.scheduled_job_type.scheduled_job_type.run_scheduled_jo..., kwargs={'job_type': 'frappe.oauth.delete_oauth2_data'}, method='frappe.core.doctype.scheduled_job_type.scheduled_job_type.run_scheduled_jo..., site='task.local', user='Administrator') (task.local::scheduled_job::frappe.oauth.delete_oauth2_data)
2026-05-01 01:01:36,238 home-mahmoudtawfeek-task-manger:long: Job OK (task.local::scheduled_job::frappe.oauth.delete_oauth2_data)
2026-05-01 01:01:36,238 Result is kept for 600 seconds
2026-05-01 01:01:36,253 home-mahmoudtawfeek-task-manger:long: frappe.utils.background_jobs.execute_job(event=None, is_async=True, job_name='frappe.core.doctype.scheduled_job_type.scheduled_job_type.run_scheduled_jo..., kwargs={'job_type': 'frappe.website.doctype.web_page.web_page.check_publish_status..., method='frappe.core.doctype.scheduled_job_type.scheduled_job_type.run_scheduled_jo..., site='task.local', user='Administrator') (task.local::scheduled_job::frappe.website.doctype.web_page.web_page.check_publish_status)
2026-05-01 01:01:38,938 home-mahmoudtawfeek-task-manger:long: Job OK (task.local::scheduled_job::frappe.website.doctype.web_page.web_page.check_publish_status)
2026-05-01 01:01:38,938 Result is kept for 600 seconds
2026-05-01 01:01:38,947 home-mahmoudtawfeek-task-manger:long: frappe.utils.background_jobs.execute_job(event=None, is_async=True, job_name='frappe.core.doctype.scheduled_job_type.scheduled_job_type.run_scheduled_jo..., kwargs={'job_type': 'frappe.core.doctype.prepared_report.prepared_report.expire_st..., method='frappe.core.doctype.scheduled_job_type.scheduled_job_type.run_scheduled_jo..., site='task.local', user='Administrator') (task.local::scheduled_job::frappe.core.doctype.prepared_report.prepared_report.expire_stalled_report)
2026-05-01 01:01:40,275 home-mahmoudtawfeek-task-manger:long: Job OK (task.local::scheduled_job::frappe.core.doctype.prepared_report.prepared_report.expire_stalled_report)
2026-05-01 01:01:40,276 Result is kept for 600 seconds
2026-05-01 01:01:40,283 home-mahmoudtawfeek-task-manger:long: frappe.utils.background_jobs.execute_job(event=None, is_async=True, job_name='frappe.core.doctype.scheduled_job_type.scheduled_job_type.run_scheduled_jo..., kwargs={'job_type': 'frappe.model.utils.user_settings.sync_user_settings'}, method='frappe.core.doctype.scheduled_job_type.scheduled_job_type.run_scheduled_jo..., site='task.local', user='Administrator') (task.local::scheduled_job::frappe.model.utils.user_settings.sync_user_settings)
2026-05-01 01:01:41,264 home-mahmoudtawfeek-task-manger:long: Job OK (task.local::scheduled_job::frappe.model.utils.user_settings.sync_user_settings)
2026-05-01 01:01:41,265 Result is kept for 600 seconds
2026-05-01 01:04:48,048 home-mahmoudtawfeek-task-manger:default: frappe.utils.background_jobs.execute_job(event=None, is_async=True, job_name='frappe.core.doctype.scheduled_job_type.scheduled_job_type.run_scheduled_jo..., kwargs={'job_type': 'frappe.email.queue.retry_sending_emails'}, method='frappe.core.doctype.scheduled_job_type.scheduled_job_type.run_scheduled_jo..., site='task.local', user='Administrator') (task.local::scheduled_job::frappe.email.queue.retry_sending_emails)
2026-05-01 01:04:53,669 home-mahmoudtawfeek-task-manger:default: Job OK (task.local::scheduled_job::frappe.email.queue.retry_sending_emails)
2026-05-01 01:04:53,670 Result is kept for 600 seconds
2026-05-01 01:04:53,699 home-mahmoudtawfeek-task-manger:default: frappe.utils.background_jobs.execute_job(event=None, is_async=True, job_name='frappe.core.doctype.scheduled_job_type.scheduled_job_type.run_scheduled_jo..., kwargs={'job_type': 'frappe.monitor.flush'}, method='frappe.core.doctype.scheduled_job_type.scheduled_job_type.run_scheduled_jo..., site='task.local', user='Administrator') (task.local::scheduled_job::frappe.monitor.flush)
2026-05-01 01:04:54,364 home-mahmoudtawfeek-task-manger:default: Job OK (task.local::scheduled_job::frappe.monitor.flush)
2026-05-01 01:04:54,364 Result is kept for 600 seconds
2026-05-01 01:04:54,371 home-mahmoudtawfeek-task-manger:default: frappe.utils.background_jobs.execute_job(event=None, is_async=True, job_name='frappe.core.doctype.scheduled_job_type.scheduled_job_type.run_scheduled_jo..., kwargs={'job_type': 'frappe.integrations.doctype.google_calendar.google_calendar.s..., method='frappe.core.doctype.scheduled_job_type.scheduled_job_type.run_scheduled_jo..., site='task.local', user='Administrator') (task.local::scheduled_job::frappe.integrations.doctype.google_calendar.google_calendar.sync)
2026-05-01 01:04:56,310 home-mahmoudtawfeek-task-manger:default: Job OK (task.local::scheduled_job::frappe.integrations.doctype.google_calendar.google_calendar.sync)
2026-05-01 01:04:56,310 Result is kept for 600 seconds
2026-05-01 01:04:56,320 home-mahmoudtawfeek-task-manger:default: frappe.utils.background_jobs.execute_job(event=None, is_async=True, job_name='frappe.core.doctype.scheduled_job_type.scheduled_job_type.run_scheduled_jo..., kwargs={'job_type': 'frappe.email.queue.flush'}, method='frappe.core.doctype.scheduled_job_type.scheduled_job_type.run_scheduled_jo..., site='task.local', user='Administrator') (task.local::scheduled_job::frappe.email.queue.flush)
2026-05-01 01:04:57,608 home-mahmoudtawfeek-task-manger:default: Job OK (task.local::scheduled_job::frappe.email.queue.flush)
2026-05-01 01:04:57,608 Result is kept for 600 seconds
2026-05-01 01:08:50,018 home-mahmoudtawfeek-task-manger:default: frappe.utils.background_jobs.execute_job(event=None, is_async=True, job_name='frappe.core.doctype.scheduled_job_type.scheduled_job_type.run_scheduled_jo..., kwargs={'job_type': 'frappe.email.queue.flush'}, method='frappe.core.doctype.scheduled_job_type.scheduled_job_type.run_scheduled_jo..., site='task.local', user='Administrator') (task.local::scheduled_job::frappe.email.queue.flush)
2026-05-01 01:08:51,828 home-mahmoudtawfeek-task-manger:default: Job OK (task.local::scheduled_job::frappe.email.queue.flush)
2026-05-01 01:08:51,828 Result is kept for 600 seconds
2026-05-01 01:08:51,840 home-mahmoudtawfeek-task-manger:default: frappe.utils.background_jobs.execute_job(event=None, is_async=True, job_name='frappe.core.doctype.scheduled_job_type.scheduled_job_type.run_scheduled_jo..., kwargs={'job_type': 'frappe.email.queue.retry_sending_emails'}, method='frappe.core.doctype.scheduled_job_type.scheduled_job_type.run_scheduled_jo..., site='task.local', user='Administrator') (task.local::scheduled_job::frappe.email.queue.retry_sending_emails)
2026-05-01 01:08:53,121 home-mahmoudtawfeek-task-manger:default: Job OK (task.local::scheduled_job::frappe.email.queue.retry_sending_emails)
2026-05-01 01:08:53,121 Result is kept for 600 seconds
2026-05-01 01:08:53,129 home-mahmoudtawfeek-task-manger:default: frappe.utils.background_jobs.execute_job(event=None, is_async=True, job_name='frappe.core.doctype.scheduled_job_type.scheduled_job_type.run_scheduled_jo..., kwargs={'job_type': 'frappe.integrations.doctype.google_calendar.google_calendar.s..., method='frappe.core.doctype.scheduled_job_type.scheduled_job_type.run_scheduled_jo..., site='task.local', user='Administrator') (task.local::scheduled_job::frappe.integrations.doctype.google_calendar.google_calendar.sync)
2026-05-01 01:08:53,969 home-mahmoudtawfeek-task-manger:default: Job OK (task.local::scheduled_job::frappe.integrations.doctype.google_calendar.google_calendar.sync)
2026-05-01 01:08:53,969 Result is kept for 600 seconds
2026-05-01 01:08:53,978 home-mahmoudtawfeek-task-manger:default: frappe.utils.background_jobs.execute_job(event=None, is_async=True, job_name='frappe.core.doctype.scheduled_job_type.scheduled_job_type.run_scheduled_jo..., kwargs={'job_type': 'frappe.monitor.flush'}, method='frappe.core.doctype.scheduled_job_type.scheduled_job_type.run_scheduled_jo..., site='task.local', user='Administrator') (task.local::scheduled_job::frappe.monitor.flush)
2026-05-01 01:08:54,676 home-mahmoudtawfeek-task-manger:default: Job OK (task.local::scheduled_job::frappe.monitor.flush)
2026-05-01 01:08:54,676 Result is kept for 600 seconds
2026-05-01 01:10:51,168 home-mahmoudtawfeek-task-manger:default: frappe.utils.background_jobs.execute_job(event=None, is_async=True, job_name='frappe.core.doctype.scheduled_job_type.scheduled_job_type.run_scheduled_jo..., kwargs={'job_type': 'frappe.email.doctype.email_account.email_account.pull'}, method='frappe.core.doctype.scheduled_job_type.scheduled_job_type.run_scheduled_jo..., site='task.local', user='Administrator') (task.local::scheduled_job::frappe.email.doctype.email_account.email_account.pull)
2026-05-01 01:10:57,828 home-mahmoudtawfeek-task-manger:default: Job OK (task.local::scheduled_job::frappe.email.doctype.email_account.email_account.pull)
2026-05-01 01:10:57,829 Result is kept for 600 seconds
2026-05-01 01:10:57,928 Cleaning registries for queue: home-mahmoudtawfeek-task-manger:short
2026-05-01 01:10:58,148 Cleaning registries for queue: home-mahmoudtawfeek-task-manger:default
2026-05-01 01:10:58,151 Cleaning registries for queue: home-mahmoudtawfeek-task-manger:long
2026-05-01 01:12:51,983 home-mahmoudtawfeek-task-manger:default: frappe.utils.background_jobs.execute_job(event=None, is_async=True, job_name='frappe.core.doctype.scheduled_job_type.scheduled_job_type.run_scheduled_jo..., kwargs={'job_type': 'frappe.integrations.doctype.google_calendar.google_calendar.s..., method='frappe.core.doctype.scheduled_job_type.scheduled_job_type.run_scheduled_jo..., site='task.local', user='Administrator') (task.local::scheduled_job::frappe.integrations.doctype.google_calendar.google_calendar.sync)
2026-05-01 01:12:54,542 home-mahmoudtawfeek-task-manger:default: Job OK (task.local::scheduled_job::frappe.integrations.doctype.google_calendar.google_calendar.sync)
2026-05-01 01:12:54,542 Result is kept for 600 seconds
2026-05-01 01:12:54,553 home-mahmoudtawfeek-task-manger:default: frappe.utils.background_jobs.execute_job(event=None, is_async=True, job_name='frappe.core.doctype.scheduled_job_type.scheduled_job_type.run_scheduled_jo..., kwargs={'job_type': 'frappe.monitor.flush'}, method='frappe.core.doctype.scheduled_job_type.scheduled_job_type.run_scheduled_jo..., site='task.local', user='Administrator') (task.local::scheduled_job::frappe.monitor.flush)
2026-05-01 01:12:54,929 home-mahmoudtawfeek-task-manger:default: Job OK (task.local::scheduled_job::frappe.monitor.flush)
2026-05-01 01:12:54,930 Result is kept for 600 seconds
2026-05-01 01:12:54,939 home-mahmoudtawfeek-task-manger:default: frappe.utils.background_jobs.execute_job(event=None, is_async=True, job_name='frappe.core.doctype.scheduled_job_type.scheduled_job_type.run_scheduled_jo..., kwargs={'job_type': 'frappe.email.queue.retry_sending_emails'}, method='frappe.core.doctype.scheduled_job_type.scheduled_job_type.run_scheduled_jo..., site='task.local', user='Administrator') (task.local::scheduled_job::frappe.email.queue.retry_sending_emails)
2026-05-01 01:12:56,068 home-mahmoudtawfeek-task-manger:default: Job OK (task.local::scheduled_job::frappe.email.queue.retry_sending_emails)
2026-05-01 01:12:56,069 Result is kept for 600 seconds
2026-05-01 01:12:56,077 home-mahmoudtawfeek-task-manger:default: frappe.utils.background_jobs.execute_job(event=None, is_async=True, job_name='frappe.core.doctype.scheduled_job_type.scheduled_job_type.run_scheduled_jo..., kwargs={'job_type': 'frappe.email.queue.flush'}, method='frappe.core.doctype.scheduled_job_type.scheduled_job_type.run_scheduled_jo..., site='task.local', user='Administrator') (task.local::scheduled_job::frappe.email.queue.flush)
2026-05-01 01:12:57,009 home-mahmoudtawfeek-task-manger:default: Job OK (task.local::scheduled_job::frappe.email.queue.flush)
2026-05-01 01:12:57,010 Result is kept for 600 seconds
2026-05-01 01:15:54,191 home-mahmoudtawfeek-task-manger:default: frappe.utils.background_jobs.execute_job(event=None, is_async=True, job_name='frappe.core.doctype.scheduled_job_type.scheduled_job_type.run_scheduled_jo..., kwargs={'job_type': 'frappe.email.doctype.email_account.email_account.notify_unrep..., method='frappe.core.doctype.scheduled_job_type.scheduled_job_type.run_scheduled_jo..., site='task.local', user='Administrator') (task.local::scheduled_job::frappe.email.doctype.email_account.email_account.notify_unreplied)
2026-05-01 01:16:04,530 home-mahmoudtawfeek-task-manger:default: Job OK (task.local::scheduled_job::frappe.email.doctype.email_account.email_account.notify_unreplied)
2026-05-01 01:16:04,530 Result is kept for 600 seconds
2026-05-01 01:16:04,572 home-mahmoudtawfeek-task-manger:default: frappe.utils.background_jobs.execute_job(event=None, is_async=True, job_name='frappe.core.doctype.scheduled_job_type.scheduled_job_type.run_scheduled_jo..., kwargs={'job_type': 'frappe.utils.global_search.sync_global_search'}, method='frappe.core.doctype.scheduled_job_type.scheduled_job_type.run_scheduled_jo..., site='task.local', user='Administrator') (task.local::scheduled_job::frappe.utils.global_search.sync_global_search)
2026-05-01 01:16:05,876 home-mahmoudtawfeek-task-manger:default: Job OK (task.local::scheduled_job::frappe.utils.global_search.sync_global_search)
2026-05-01 01:16:05,876 Result is kept for 600 seconds
2026-05-01 01:16:05,890 home-mahmoudtawfeek-task-manger:default: frappe.utils.background_jobs.execute_job(event=None, is_async=True, job_name='frappe.core.doctype.scheduled_job_type.scheduled_job_type.run_scheduled_jo..., kwargs={'job_type': 'frappe.search.sqlite_search.build_index_if_not_exists'}, method='frappe.core.doctype.scheduled_job_type.scheduled_job_type.run_scheduled_jo..., site='task.local', user='Administrator') (task.local::scheduled_job::frappe.search.sqlite_search.build_index_if_not_exists)
2026-05-01 01:16:06,299 home-mahmoudtawfeek-task-manger:default: Job OK (task.local::scheduled_job::frappe.search.sqlite_search.build_index_if_not_exists)
2026-05-01 01:16:06,300 Result is kept for 600 seconds
2026-05-01 01:16:06,308 home-mahmoudtawfeek-task-manger:default: frappe.utils.background_jobs.execute_job(event=None, is_async=True, job_name='frappe.core.doctype.scheduled_job_type.scheduled_job_type.run_scheduled_jo..., kwargs={'job_type': 'erpnext.manufacturing.doctype.bom_update_log.bom_update_log.r..., method='frappe.core.doctype.scheduled_job_type.scheduled_job_type.run_scheduled_jo..., site='task.local', user='Administrator') (task.local::scheduled_job::erpnext.manufacturing.doctype.bom_update_log.bom_update_log.resume_bom_cost_update_jobs)
2026-05-01 01:16:06,889 home-mahmoudtawfeek-task-manger:default: Job OK (task.local::scheduled_job::erpnext.manufacturing.doctype.bom_update_log.bom_update_log.resume_bom_cost_update_jobs)
2026-05-01 01:16:06,889 Result is kept for 600 seconds
2026-05-01 01:16:06,899 home-mahmoudtawfeek-task-manger:default: frappe.utils.background_jobs.execute_job(event=None, is_async=True, job_name='frappe.core.doctype.scheduled_job_type.scheduled_job_type.run_scheduled_jo..., kwargs={'job_type': 'frappe.model.utils.link_count.update_link_count'}, method='frappe.core.doctype.scheduled_job_type.scheduled_job_type.run_scheduled_jo..., site='task.local', user='Administrator') (task.local::scheduled_job::frappe.model.utils.link_count.update_link_count)
2026-05-01 01:16:07,620 home-mahmoudtawfeek-task-manger:default: Job OK (task.local::scheduled_job::frappe.model.utils.link_count.update_link_count)
2026-05-01 01:16:07,621 Result is kept for 600 seconds
2026-05-01 01:16:07,629 home-mahmoudtawfeek-task-manger:default: frappe.utils.background_jobs.execute_job(event=None, is_async=True, job_name='frappe.core.doctype.scheduled_job_type.scheduled_job_type.run_scheduled_jo..., kwargs={'job_type': 'frappe.automation.doctype.reminder.reminder.send_reminders'}, method='frappe.core.doctype.scheduled_job_type.scheduled_job_type.run_scheduled_jo..., site='task.local', user='Administrator') (task.local::scheduled_job::frappe.automation.doctype.reminder.reminder.send_reminders)
2026-05-01 01:16:08,476 home-mahmoudtawfeek-task-manger:default: Job OK (task.local::scheduled_job::frappe.automation.doctype.reminder.reminder.send_reminders)
2026-05-01 01:16:08,477 Result is kept for 600 seconds
2026-05-01 01:16:08,486 home-mahmoudtawfeek-task-manger:default: frappe.utils.background_jobs.execute_job(event=None, is_async=True, job_name='frappe.core.doctype.scheduled_job_type.scheduled_job_type.run_scheduled_jo..., kwargs={'job_type': 'frappe.utils.telemetry.pulse.client.send_queued_events'}, method='frappe.core.doctype.scheduled_job_type.scheduled_job_type.run_scheduled_jo..., site='task.local', user='Administrator') (task.local::scheduled_job::frappe.utils.telemetry.pulse.client.send_queued_events)
2026-05-01 01:16:10,290 home-mahmoudtawfeek-task-manger:default: Job OK (task.local::scheduled_job::frappe.utils.telemetry.pulse.client.send_queued_events)
2026-05-01 01:16:10,291 Result is kept for 600 seconds
2026-05-01 01:16:10,312 home-mahmoudtawfeek-task-manger:default: frappe.utils.background_jobs.execute_job(event=None, is_async=True, job_name='frappe.core.doctype.scheduled_job_type.scheduled_job_type.run_scheduled_jo..., kwargs={'job_type': 'frappe.deferred_insert.save_to_db'}, method='frappe.core.doctype.scheduled_job_type.scheduled_job_type.run_scheduled_jo..., site='task.local', user='Administrator') (task.local::scheduled_job::frappe.deferred_insert.save_to_db)
2026-05-01 01:16:11,285 home-mahmoudtawfeek-task-manger:default: Job OK (task.local::scheduled_job::frappe.deferred_insert.save_to_db)
2026-05-01 01:16:11,286 Result is kept for 600 seconds
2026-05-01 01:16:55,655 home-mahmoudtawfeek-task-manger:default: frappe.utils.background_jobs.execute_job(event=None, is_async=True, job_name='frappe.core.doctype.scheduled_job_type.scheduled_job_type.run_scheduled_jo..., kwargs={'job_type': 'frappe.email.queue.retry_sending_emails'}, method='frappe.core.doctype.scheduled_job_type.scheduled_job_type.run_scheduled_jo..., site='task.local', user='Administrator') (task.local::scheduled_job::frappe.email.queue.retry_sending_emails)
2026-05-01 01:17:02,093 home-mahmoudtawfeek-task-manger:default: Job OK (task.local::scheduled_job::frappe.email.queue.retry_sending_emails)
2026-05-01 01:17:02,094 Result is kept for 600 seconds
2026-05-01 01:17:02,104 home-mahmoudtawfeek-task-manger:default: frappe.utils.background_jobs.execute_job(event=None, is_async=True, job_name='frappe.core.doctype.scheduled_job_type.scheduled_job_type.run_scheduled_jo..., kwargs={'job_type': 'frappe.email.queue.flush'}, method='frappe.core.doctype.scheduled_job_type.scheduled_job_type.run_scheduled_jo..., site='task.local', user='Administrator') (task.local::scheduled_job::frappe.email.queue.flush)
2026-05-01 01:17:04,767 home-mahmoudtawfeek-task-manger:default: Job OK (task.local::scheduled_job::frappe.email.queue.flush)
2026-05-01 01:17:04,767 Result is kept for 600 seconds
2026-05-01 01:17:04,776 home-mahmoudtawfeek-task-manger:default: frappe.utils.background_jobs.execute_job(event=None, is_async=True, job_name='frappe.core.doctype.scheduled_job_type.scheduled_job_type.run_scheduled_jo..., kwargs={'job_type': 'frappe.monitor.flush'}, method='frappe.core.doctype.scheduled_job_type.scheduled_job_type.run_scheduled_jo..., site='task.local', user='Administrator') (task.local::scheduled_job::frappe.monitor.flush)
2026-05-01 01:17:05,315 home-mahmoudtawfeek-task-manger:default: Job OK (task.local::scheduled_job::frappe.monitor.flush)
2026-05-01 01:17:05,315 Result is kept for 600 seconds
2026-05-01 01:17:05,324 home-mahmoudtawfeek-task-manger:default: frappe.utils.background_jobs.execute_job(event=None, is_async=True, job_name='frappe.core.doctype.scheduled_job_type.scheduled_job_type.run_scheduled_jo..., kwargs={'job_type': 'frappe.integrations.doctype.google_calendar.google_calendar.s..., method='frappe.core.doctype.scheduled_job_type.scheduled_job_type.run_scheduled_jo..., site='task.local', user='Administrator') (task.local::scheduled_job::frappe.integrations.doctype.google_calendar.google_calendar.sync)
2026-05-01 01:17:08,221 home-mahmoudtawfeek-task-manger:default: Job OK (task.local::scheduled_job::frappe.integrations.doctype.google_calendar.google_calendar.sync)
2026-05-01 01:17:08,222 Result is kept for 600 seconds
2026-05-01 01:20:57,038 home-mahmoudtawfeek-task-manger:default: frappe.utils.background_jobs.execute_job(event=None, is_async=True, job_name='frappe.core.doctype.scheduled_job_type.scheduled_job_type.run_scheduled_jo..., kwargs={'job_type': 'frappe.email.queue.retry_sending_emails'}, method='frappe.core.doctype.scheduled_job_type.scheduled_job_type.run_scheduled_jo..., site='task.local', user='Administrator') (task.local::scheduled_job::frappe.email.queue.retry_sending_emails)
2026-05-01 01:20:58,513 home-mahmoudtawfeek-task-manger:default: Job OK (task.local::scheduled_job::frappe.email.queue.retry_sending_emails)
2026-05-01 01:20:58,513 Result is kept for 600 seconds
2026-05-01 01:20:58,540 home-mahmoudtawfeek-task-manger:default: frappe.utils.background_jobs.execute_job(event=None, is_async=True, job_name='frappe.core.doctype.scheduled_job_type.scheduled_job_type.run_scheduled_jo..., kwargs={'job_type': 'frappe.integrations.doctype.google_calendar.google_calendar.s..., method='frappe.core.doctype.scheduled_job_type.scheduled_job_type.run_scheduled_jo..., site='task.local', user='Administrator') (task.local::scheduled_job::frappe.integrations.doctype.google_calendar.google_calendar.sync)
2026-05-01 01:20:59,168 home-mahmoudtawfeek-task-manger:default: Job OK (task.local::scheduled_job::frappe.integrations.doctype.google_calendar.google_calendar.sync)
2026-05-01 01:20:59,168 Result is kept for 600 seconds
2026-05-01 01:20:59,175 home-mahmoudtawfeek-task-manger:default: frappe.utils.background_jobs.execute_job(event=None, is_async=True, job_name='frappe.core.doctype.scheduled_job_type.scheduled_job_type.run_scheduled_jo..., kwargs={'job_type': 'frappe.email.queue.flush'}, method='frappe.core.doctype.scheduled_job_type.scheduled_job_type.run_scheduled_jo..., site='task.local', user='Administrator') (task.local::scheduled_job::frappe.email.queue.flush)
2026-05-01 01:21:00,439 home-mahmoudtawfeek-task-manger:default: Job OK (task.local::scheduled_job::frappe.email.queue.flush)
2026-05-01 01:21:00,439 Result is kept for 600 seconds
2026-05-01 01:21:00,448 home-mahmoudtawfeek-task-manger:default: frappe.utils.background_jobs.execute_job(event=None, is_async=True, job_name='frappe.core.doctype.scheduled_job_type.scheduled_job_type.run_scheduled_jo..., kwargs={'job_type': 'frappe.monitor.flush'}, method='frappe.core.doctype.scheduled_job_type.scheduled_job_type.run_scheduled_jo..., site='task.local', user='Administrator') (task.local::scheduled_job::frappe.monitor.flush)
2026-05-01 01:21:00,794 home-mahmoudtawfeek-task-manger:default: Job OK (task.local::scheduled_job::frappe.monitor.flush)
2026-05-01 01:21:00,794 Result is kept for 600 seconds
2026-05-01 01:21:57,914 home-mahmoudtawfeek-task-manger:default: frappe.utils.background_jobs.execute_job(event=None, is_async=True, job_name='frappe.core.doctype.scheduled_job_type.scheduled_job_type.run_scheduled_jo..., kwargs={'job_type': 'frappe.email.doctype.email_account.email_account.pull'}, method='frappe.core.doctype.scheduled_job_type.scheduled_job_type.run_scheduled_jo..., site='task.local', user='Administrator') (task.local::scheduled_job::frappe.email.doctype.email_account.email_account.pull)
2026-05-01 01:21:58,787 home-mahmoudtawfeek-task-manger:default: Job OK (task.local::scheduled_job::frappe.email.doctype.email_account.email_account.pull)
2026-05-01 01:21:58,788 Result is kept for 600 seconds
2026-05-01 01:24:58,760 home-mahmoudtawfeek-task-manger:default: frappe.utils.background_jobs.execute_job(event=None, is_async=True, job_name='frappe.core.doctype.scheduled_job_type.scheduled_job_type.run_scheduled_jo..., kwargs={'job_type': 'frappe.email.queue.flush'}, method='frappe.core.doctype.scheduled_job_type.scheduled_job_type.run_scheduled_jo..., site='task.local', user='Administrator') (task.local::scheduled_job::frappe.email.queue.flush)
2026-05-01 01:25:04,350 home-mahmoudtawfeek-task-manger:default: Job OK (task.local::scheduled_job::frappe.email.queue.flush)
2026-05-01 01:25:04,350 Result is kept for 600 seconds
2026-05-01 01:25:04,358 home-mahmoudtawfeek-task-manger:default: frappe.utils.background_jobs.execute_job(event=None, is_async=True, job_name='frappe.core.doctype.scheduled_job_type.scheduled_job_type.run_scheduled_jo..., kwargs={'job_type': 'frappe.integrations.doctype.google_calendar.google_calendar.s..., method='frappe.core.doctype.scheduled_job_type.scheduled_job_type.run_scheduled_jo..., site='task.local', user='Administrator') (task.local::scheduled_job::frappe.integrations.doctype.google_calendar.google_calendar.sync)
2026-05-01 01:25:05,817 home-mahmoudtawfeek-task-manger:default: Job OK (task.local::scheduled_job::frappe.integrations.doctype.google_calendar.google_calendar.sync)
2026-05-01 01:25:05,817 Result is kept for 600 seconds
2026-05-01 01:25:05,825 home-mahmoudtawfeek-task-manger:default: frappe.utils.background_jobs.execute_job(event=None, is_async=True, job_name='frappe.core.doctype.scheduled_job_type.scheduled_job_type.run_scheduled_jo..., kwargs={'job_type': 'frappe.email.queue.retry_sending_emails'}, method='frappe.core.doctype.scheduled_job_type.scheduled_job_type.run_scheduled_jo..., site='task.local', user='Administrator') (task.local::scheduled_job::frappe.email.queue.retry_sending_emails)
2026-05-01 01:25:07,476 home-mahmoudtawfeek-task-manger:default: Job OK (task.local::scheduled_job::frappe.email.queue.retry_sending_emails)
2026-05-01 01:25:07,477 Result is kept for 600 seconds
2026-05-01 01:25:07,487 home-mahmoudtawfeek-task-manger:default: frappe.utils.background_jobs.execute_job(event=None, is_async=True, job_name='frappe.core.doctype.scheduled_job_type.scheduled_job_type.run_scheduled_jo..., kwargs={'job_type': 'frappe.monitor.flush'}, method='frappe.core.doctype.scheduled_job_type.scheduled_job_type.run_scheduled_jo..., site='task.local', user='Administrator') (task.local::scheduled_job::frappe.monitor.flush)
2026-05-01 01:25:08,390 home-mahmoudtawfeek-task-manger:default: Job OK (task.local::scheduled_job::frappe.monitor.flush)
2026-05-01 01:25:08,390 Result is kept for 600 seconds
2026-05-01 01:29:00,106 home-mahmoudtawfeek-task-manger:default: frappe.utils.background_jobs.execute_job(event=None, is_async=True, job_name='frappe.core.doctype.scheduled_job_type.scheduled_job_type.run_scheduled_jo..., kwargs={'job_type': 'frappe.email.queue.flush'}, method='frappe.core.doctype.scheduled_job_type.scheduled_job_type.run_scheduled_jo..., site='task.local', user='Administrator') (task.local::scheduled_job::frappe.email.queue.flush)
2026-05-01 01:29:02,211 home-mahmoudtawfeek-task-manger:default: Job OK (task.local::scheduled_job::frappe.email.queue.flush)
2026-05-01 01:29:02,212 Result is kept for 600 seconds
2026-05-01 01:29:02,226 home-mahmoudtawfeek-task-manger:default: frappe.utils.background_jobs.execute_job(event=None, is_async=True, job_name='frappe.core.doctype.scheduled_job_type.scheduled_job_type.run_scheduled_jo..., kwargs={'job_type': 'frappe.email.queue.retry_sending_emails'}, method='frappe.core.doctype.scheduled_job_type.scheduled_job_type.run_scheduled_jo..., site='task.local', user='Administrator') (task.local::scheduled_job::frappe.email.queue.retry_sending_emails)
2026-05-01 01:29:03,385 home-mahmoudtawfeek-task-manger:default: Job OK (task.local::scheduled_job::frappe.email.queue.retry_sending_emails)
2026-05-01 01:29:03,386 Result is kept for 600 seconds
2026-05-01 01:29:03,400 home-mahmoudtawfeek-task-manger:default: frappe.utils.background_jobs.execute_job(event=None, is_async=True, job_name='frappe.core.doctype.scheduled_job_type.scheduled_job_type.run_scheduled_jo..., kwargs={'job_type': 'frappe.monitor.flush'}, method='frappe.core.doctype.scheduled_job_type.scheduled_job_type.run_scheduled_jo..., site='task.local', user='Administrator') (task.local::scheduled_job::frappe.monitor.flush)
2026-05-01 01:29:03,801 home-mahmoudtawfeek-task-manger:default: Job OK (task.local::scheduled_job::frappe.monitor.flush)
2026-05-01 01:29:03,801 Result is kept for 600 seconds
2026-05-01 01:29:03,809 home-mahmoudtawfeek-task-manger:default: frappe.utils.background_jobs.execute_job(event=None, is_async=True, job_name='frappe.core.doctype.scheduled_job_type.scheduled_job_type.run_scheduled_jo..., kwargs={'job_type': 'frappe.integrations.doctype.google_calendar.google_calendar.s..., method='frappe.core.doctype.scheduled_job_type.scheduled_job_type.run_scheduled_jo..., site='task.local', user='Administrator') (task.local::scheduled_job::frappe.integrations.doctype.google_calendar.google_calendar.sync)
2026-05-01 01:29:04,609 home-mahmoudtawfeek-task-manger:default: Job OK (task.local::scheduled_job::frappe.integrations.doctype.google_calendar.google_calendar.sync)
2026-05-01 01:29:04,610 Result is kept for 600 seconds
2026-05-01 01:30:00,946 home-mahmoudtawfeek-task-manger:default: frappe.utils.background_jobs.execute_job(event=None, is_async=True, job_name='frappe.core.doctype.scheduled_job_type.scheduled_job_type.run_scheduled_jo..., kwargs={'job_type': 'frappe.utils.telemetry.pulse.client.send_queued_events'}, method='frappe.core.doctype.scheduled_job_type.scheduled_job_type.run_scheduled_jo..., site='task.local', user='Administrator') (task.local::scheduled_job::frappe.utils.telemetry.pulse.client.send_queued_events)
2026-05-01 01:30:08,022 home-mahmoudtawfeek-task-manger:default: Job OK (task.local::scheduled_job::frappe.utils.telemetry.pulse.client.send_queued_events)
2026-05-01 01:30:08,022 Result is kept for 600 seconds
2026-05-01 01:30:08,037 home-mahmoudtawfeek-task-manger:default: frappe.utils.background_jobs.execute_job(event=None, is_async=True, job_name='frappe.core.doctype.scheduled_job_type.scheduled_job_type.run_scheduled_jo..., kwargs={'job_type': 'frappe.email.doctype.email_account.email_account.notify_unrep..., method='frappe.core.doctype.scheduled_job_type.scheduled_job_type.run_scheduled_jo..., site='task.local', user='Administrator') (task.local::scheduled_job::frappe.email.doctype.email_account.email_account.notify_unreplied)
2026-05-01 01:30:09,221 home-mahmoudtawfeek-task-manger:default: Job OK (task.local::scheduled_job::frappe.email.doctype.email_account.email_account.notify_unreplied)
2026-05-01 01:30:09,222 Result is kept for 600 seconds
2026-05-01 01:30:09,235 home-mahmoudtawfeek-task-manger:default: frappe.utils.background_jobs.execute_job(event=None, is_async=True, job_name='frappe.core.doctype.scheduled_job_type.scheduled_job_type.run_scheduled_jo..., kwargs={'job_type': 'frappe.search.sqlite_search.build_index_if_not_exists'}, method='frappe.core.doctype.scheduled_job_type.scheduled_job_type.run_scheduled_jo..., site='task.local', user='Administrator') (task.local::scheduled_job::frappe.search.sqlite_search.build_index_if_not_exists)
2026-05-01 01:30:09,762 home-mahmoudtawfeek-task-manger:default: Job OK (task.local::scheduled_job::frappe.search.sqlite_search.build_index_if_not_exists)
2026-05-01 01:30:09,763 Result is kept for 600 seconds
2026-05-01 01:30:09,773 home-mahmoudtawfeek-task-manger:default: frappe.utils.background_jobs.execute_job(event=None, is_async=True, job_name='frappe.core.doctype.scheduled_job_type.scheduled_job_type.run_scheduled_jo..., kwargs={'job_type': 'erpnext.accounts.doctype.gl_entry.gl_entry.rename_gle_sle_doc..., method='frappe.core.doctype.scheduled_job_type.scheduled_job_type.run_scheduled_jo..., site='task.local', user='Administrator') (task.local::scheduled_job::erpnext.accounts.doctype.gl_entry.gl_entry.rename_gle_sle_docs)
2026-05-01 01:30:16,034 home-mahmoudtawfeek-task-manger:default: Job OK (task.local::scheduled_job::erpnext.accounts.doctype.gl_entry.gl_entry.rename_gle_sle_docs)
2026-05-01 01:30:16,035 Result is kept for 600 seconds
2026-05-01 01:30:16,046 home-mahmoudtawfeek-task-manger:default: frappe.utils.background_jobs.execute_job(event=None, is_async=True, job_name='frappe.core.doctype.scheduled_job_type.scheduled_job_type.run_scheduled_jo..., kwargs={'job_type': 'frappe.email.doctype.email_account.email_account.pull'}, method='frappe.core.doctype.scheduled_job_type.scheduled_job_type.run_scheduled_jo..., site='task.local', user='Administrator') (task.local::scheduled_job::frappe.email.doctype.email_account.email_account.pull)
2026-05-01 01:30:18,093 home-mahmoudtawfeek-task-manger:default: Job OK (task.local::scheduled_job::frappe.email.doctype.email_account.email_account.pull)
2026-05-01 01:30:18,094 Result is kept for 600 seconds
2026-05-01 01:30:18,121 home-mahmoudtawfeek-task-manger:default: frappe.utils.background_jobs.execute_job(event=None, is_async=True, job_name='frappe.core.doctype.scheduled_job_type.scheduled_job_type.run_scheduled_jo..., kwargs={'job_type': 'erpnext.manufacturing.doctype.bom_update_log.bom_update_log.r..., method='frappe.core.doctype.scheduled_job_type.scheduled_job_type.run_scheduled_jo..., site='task.local', user='Administrator') (task.local::scheduled_job::erpnext.manufacturing.doctype.bom_update_log.bom_update_log.resume_bom_cost_update_jobs)
2026-05-01 01:30:18,828 home-mahmoudtawfeek-task-manger:default: Job OK (task.local::scheduled_job::erpnext.manufacturing.doctype.bom_update_log.bom_update_log.resume_bom_cost_update_jobs)
2026-05-01 01:30:18,828 Result is kept for 600 seconds
2026-05-01 01:30:18,845 home-mahmoudtawfeek-task-manger:default: frappe.utils.background_jobs.execute_job(event=None, is_async=True, job_name='frappe.core.doctype.scheduled_job_type.scheduled_job_type.run_scheduled_jo..., kwargs={'job_type': 'frappe.utils.global_search.sync_global_search'}, method='frappe.core.doctype.scheduled_job_type.scheduled_job_type.run_scheduled_jo..., site='task.local', user='Administrator') (task.local::scheduled_job::frappe.utils.global_search.sync_global_search)
2026-05-01 01:30:19,842 home-mahmoudtawfeek-task-manger:default: Job OK (task.local::scheduled_job::frappe.utils.global_search.sync_global_search)
2026-05-01 01:30:19,843 Result is kept for 600 seconds
2026-05-01 01:30:19,859 home-mahmoudtawfeek-task-manger:default: frappe.utils.background_jobs.execute_job(event=None, is_async=True, job_name='frappe.core.doctype.scheduled_job_type.scheduled_job_type.run_scheduled_jo..., kwargs={'job_type': 'frappe.model.utils.link_count.update_link_count'}, method='frappe.core.doctype.scheduled_job_type.scheduled_job_type.run_scheduled_jo..., site='task.local', user='Administrator') (task.local::scheduled_job::frappe.model.utils.link_count.update_link_count)
2026-05-01 01:30:20,255 home-mahmoudtawfeek-task-manger:default: Job OK (task.local::scheduled_job::frappe.model.utils.link_count.update_link_count)
2026-05-01 01:30:20,256 Result is kept for 600 seconds
2026-05-01 01:30:20,264 home-mahmoudtawfeek-task-manger:default: frappe.utils.background_jobs.execute_job(event=None, is_async=True, job_name='frappe.core.doctype.scheduled_job_type.scheduled_job_type.run_scheduled_jo..., kwargs={'job_type': 'frappe.deferred_insert.save_to_db'}, method='frappe.core.doctype.scheduled_job_type.scheduled_job_type.run_scheduled_jo..., site='task.local', user='Administrator') (task.local::scheduled_job::frappe.deferred_insert.save_to_db)
2026-05-01 01:30:21,872 home-mahmoudtawfeek-task-manger:default: Job OK (task.local::scheduled_job::frappe.deferred_insert.save_to_db)
2026-05-01 01:30:21,872 Result is kept for 600 seconds
2026-05-01 01:30:21,882 home-mahmoudtawfeek-task-manger:default: frappe.utils.background_jobs.execute_job(event=None, is_async=True, job_name='frappe.core.doctype.scheduled_job_type.scheduled_job_type.run_scheduled_jo..., kwargs={'job_type': 'frappe.automation.doctype.reminder.reminder.send_reminders'}, method='frappe.core.doctype.scheduled_job_type.scheduled_job_type.run_scheduled_jo..., site='task.local', user='Administrator') (task.local::scheduled_job::frappe.automation.doctype.reminder.reminder.send_reminders)
2026-05-01 01:30:22,846 home-mahmoudtawfeek-task-manger:default: Job OK (task.local::scheduled_job::frappe.automation.doctype.reminder.reminder.send_reminders)
2026-05-01 01:30:22,847 Result is kept for 600 seconds
2026-05-01 01:32:02,298 home-mahmoudtawfeek-task-manger:default: frappe.utils.background_jobs.execute_job(event=None, is_async=True, job_name='frappe.core.doctype.scheduled_job_type.scheduled_job_type.run_scheduled_jo..., kwargs={'job_type': 'frappe.monitor.flush'}, method='frappe.core.doctype.scheduled_job_type.scheduled_job_type.run_scheduled_jo..., site='task.local', user='Administrator') (task.local::scheduled_job::frappe.monitor.flush)
2026-05-01 01:32:02,794 home-mahmoudtawfeek-task-manger:default: Job OK (task.local::scheduled_job::frappe.monitor.flush)
2026-05-01 01:32:02,795 Result is kept for 600 seconds
2026-05-01 01:32:02,807 Cleaning registries for queue: home-mahmoudtawfeek-task-manger:short
2026-05-01 01:32:02,940 Cleaning registries for queue: home-mahmoudtawfeek-task-manger:default
2026-05-01 01:32:02,942 Cleaning registries for queue: home-mahmoudtawfeek-task-manger:long
2026-05-01 01:32:02,960 home-mahmoudtawfeek-task-manger:default: frappe.utils.background_jobs.execute_job(event=None, is_async=True, job_name='frappe.core.doctype.scheduled_job_type.scheduled_job_type.run_scheduled_jo..., kwargs={'job_type': 'frappe.email.queue.retry_sending_emails'}, method='frappe.core.doctype.scheduled_job_type.scheduled_job_type.run_scheduled_jo..., site='task.local', user='Administrator') (task.local::scheduled_job::frappe.email.queue.retry_sending_emails)
2026-05-01 01:32:04,260 home-mahmoudtawfeek-task-manger:default: Job OK (task.local::scheduled_job::frappe.email.queue.retry_sending_emails)
2026-05-01 01:32:04,260 Result is kept for 600 seconds
2026-05-01 01:32:04,269 home-mahmoudtawfeek-task-manger:default: frappe.utils.background_jobs.execute_job(event=None, is_async=True, job_name='frappe.core.doctype.scheduled_job_type.scheduled_job_type.run_scheduled_jo..., kwargs={'job_type': 'frappe.email.queue.flush'}, method='frappe.core.doctype.scheduled_job_type.scheduled_job_type.run_scheduled_jo..., site='task.local', user='Administrator') (task.local::scheduled_job::frappe.email.queue.flush)
2026-05-01 01:32:05,208 home-mahmoudtawfeek-task-manger:default: Job OK (task.local::scheduled_job::frappe.email.queue.flush)
2026-05-01 01:32:05,208 Result is kept for 600 seconds
2026-05-01 01:32:05,216 home-mahmoudtawfeek-task-manger:default: frappe.utils.background_jobs.execute_job(event=None, is_async=True, job_name='frappe.core.doctype.scheduled_job_type.scheduled_job_type.run_scheduled_jo..., kwargs={'job_type': 'frappe.integrations.doctype.google_calendar.google_calendar.s..., method='frappe.core.doctype.scheduled_job_type.scheduled_job_type.run_scheduled_jo..., site='task.local', user='Administrator') (task.local::scheduled_job::frappe.integrations.doctype.google_calendar.google_calendar.sync)
2026-05-01 01:32:05,917 home-mahmoudtawfeek-task-manger:default: Job OK (task.local::scheduled_job::frappe.integrations.doctype.google_calendar.google_calendar.sync)
2026-05-01 01:32:05,918 Result is kept for 600 seconds
2026-05-01 01:36:03,479 home-mahmoudtawfeek-task-manger:default: frappe.utils.background_jobs.execute_job(event=None, is_async=True, job_name='frappe.core.doctype.scheduled_job_type.scheduled_job_type.run_scheduled_jo..., kwargs={'job_type': 'frappe.monitor.flush'}, method='frappe.core.doctype.scheduled_job_type.scheduled_job_type.run_scheduled_jo..., site='task.local', user='Administrator') (task.local::scheduled_job::frappe.monitor.flush)
2026-05-01 01:36:03,875 home-mahmoudtawfeek-task-manger:default: Job OK (task.local::scheduled_job::frappe.monitor.flush)
2026-05-01 01:36:03,876 Result is kept for 600 seconds
2026-05-01 01:36:03,898 home-mahmoudtawfeek-task-manger:default: frappe.utils.background_jobs.execute_job(event=None, is_async=True, job_name='frappe.core.doctype.scheduled_job_type.scheduled_job_type.run_scheduled_jo..., kwargs={'job_type': 'frappe.email.queue.flush'}, method='frappe.core.doctype.scheduled_job_type.scheduled_job_type.run_scheduled_jo..., site='task.local', user='Administrator') (task.local::scheduled_job::frappe.email.queue.flush)
2026-05-01 01:36:04,702 home-mahmoudtawfeek-task-manger:default: Job OK (task.local::scheduled_job::frappe.email.queue.flush)
2026-05-01 01:36:04,702 Result is kept for 600 seconds
2026-05-01 01:36:04,711 home-mahmoudtawfeek-task-manger:default: frappe.utils.background_jobs.execute_job(event=None, is_async=True, job_name='frappe.core.doctype.scheduled_job_type.scheduled_job_type.run_scheduled_jo..., kwargs={'job_type': 'frappe.email.queue.retry_sending_emails'}, method='frappe.core.doctype.scheduled_job_type.scheduled_job_type.run_scheduled_jo..., site='task.local', user='Administrator') (task.local::scheduled_job::frappe.email.queue.retry_sending_emails)
2026-05-01 01:36:05,500 home-mahmoudtawfeek-task-manger:default: Job OK (task.local::scheduled_job::frappe.email.queue.retry_sending_emails)
2026-05-01 01:36:05,500 Result is kept for 600 seconds
2026-05-01 01:36:05,511 home-mahmoudtawfeek-task-manger:default: frappe.utils.background_jobs.execute_job(event=None, is_async=True, job_name='frappe.core.doctype.scheduled_job_type.scheduled_job_type.run_scheduled_jo..., kwargs={'job_type': 'frappe.integrations.doctype.google_calendar.google_calendar.s..., method='frappe.core.doctype.scheduled_job_type.scheduled_job_type.run_scheduled_jo..., site='task.local', user='Administrator') (task.local::scheduled_job::frappe.integrations.doctype.google_calendar.google_calendar.sync)
2026-05-01 01:36:06,952 home-mahmoudtawfeek-task-manger:default: Job OK (task.local::scheduled_job::frappe.integrations.doctype.google_calendar.google_calendar.sync)
2026-05-01 01:36:06,953 Result is kept for 600 seconds
2026-05-01 01:40:04,895 home-mahmoudtawfeek-task-manger:default: frappe.utils.background_jobs.execute_job(event=None, is_async=True, job_name='frappe.core.doctype.scheduled_job_type.scheduled_job_type.run_scheduled_jo..., kwargs={'job_type': 'frappe.integrations.doctype.google_calendar.google_calendar.s..., method='frappe.core.doctype.scheduled_job_type.scheduled_job_type.run_scheduled_jo..., site='task.local', user='Administrator') (task.local::scheduled_job::frappe.integrations.doctype.google_calendar.google_calendar.sync)
2026-05-01 01:40:06,711 home-mahmoudtawfeek-task-manger:default: Job OK (task.local::scheduled_job::frappe.integrations.doctype.google_calendar.google_calendar.sync)
2026-05-01 01:40:06,711 Result is kept for 600 seconds
2026-05-01 01:40:06,720 home-mahmoudtawfeek-task-manger:default: frappe.utils.background_jobs.execute_job(event=None, is_async=True, job_name='frappe.core.doctype.scheduled_job_type.scheduled_job_type.run_scheduled_jo..., kwargs={'job_type': 'frappe.email.queue.retry_sending_emails'}, method='frappe.core.doctype.scheduled_job_type.scheduled_job_type.run_scheduled_jo..., site='task.local', user='Administrator') (task.local::scheduled_job::frappe.email.queue.retry_sending_emails)
2026-05-01 01:40:07,540 home-mahmoudtawfeek-task-manger:default: Job OK (task.local::scheduled_job::frappe.email.queue.retry_sending_emails)
2026-05-01 01:40:07,540 Result is kept for 600 seconds
2026-05-01 01:40:07,547 home-mahmoudtawfeek-task-manger:default: frappe.utils.background_jobs.execute_job(event=None, is_async=True, job_name='frappe.core.doctype.scheduled_job_type.scheduled_job_type.run_scheduled_jo..., kwargs={'job_type': 'frappe.monitor.flush'}, method='frappe.core.doctype.scheduled_job_type.scheduled_job_type.run_scheduled_jo..., site='task.local', user='Administrator') (task.local::scheduled_job::frappe.monitor.flush)
2026-05-01 01:40:07,751 home-mahmoudtawfeek-task-manger:default: Job OK (task.local::scheduled_job::frappe.monitor.flush)
2026-05-01 01:40:07,751 Result is kept for 600 seconds
2026-05-01 01:40:07,758 home-mahmoudtawfeek-task-manger:default: frappe.utils.background_jobs.execute_job(event=None, is_async=True, job_name='frappe.core.doctype.scheduled_job_type.scheduled_job_type.run_scheduled_jo..., kwargs={'job_type': 'frappe.email.doctype.email_account.email_account.pull'}, method='frappe.core.doctype.scheduled_job_type.scheduled_job_type.run_scheduled_jo..., site='task.local', user='Administrator') (task.local::scheduled_job::frappe.email.doctype.email_account.email_account.pull)
2026-05-01 01:40:08,121 home-mahmoudtawfeek-task-manger:default: Job OK (task.local::scheduled_job::frappe.email.doctype.email_account.email_account.pull)
2026-05-01 01:40:08,121 Result is kept for 600 seconds
2026-05-01 01:40:08,129 home-mahmoudtawfeek-task-manger:default: frappe.utils.background_jobs.execute_job(event=None, is_async=True, job_name='frappe.core.doctype.scheduled_job_type.scheduled_job_type.run_scheduled_jo..., kwargs={'job_type': 'frappe.email.queue.flush'}, method='frappe.core.doctype.scheduled_job_type.scheduled_job_type.run_scheduled_jo..., site='task.local', user='Administrator') (task.local::scheduled_job::frappe.email.queue.flush)
2026-05-01 01:40:08,829 home-mahmoudtawfeek-task-manger:default: Job OK (task.local::scheduled_job::frappe.email.queue.flush)
2026-05-01 01:40:08,829 Result is kept for 600 seconds
2026-05-01 01:44:06,074 home-mahmoudtawfeek-task-manger:default: frappe.utils.background_jobs.execute_job(event=None, is_async=True, job_name='frappe.core.doctype.scheduled_job_type.scheduled_job_type.run_scheduled_jo..., kwargs={'job_type': 'frappe.monitor.flush'}, method='frappe.core.doctype.scheduled_job_type.scheduled_job_type.run_scheduled_jo..., site='task.local', user='Administrator') (task.local::scheduled_job::frappe.monitor.flush)
2026-05-01 01:44:06,931 home-mahmoudtawfeek-task-manger:default: Job OK (task.local::scheduled_job::frappe.monitor.flush)
2026-05-01 01:44:06,931 Result is kept for 600 seconds
2026-05-01 01:44:06,954 home-mahmoudtawfeek-task-manger:default: frappe.utils.background_jobs.execute_job(event=None, is_async=True, job_name='frappe.core.doctype.scheduled_job_type.scheduled_job_type.run_scheduled_jo..., kwargs={'job_type': 'frappe.integrations.doctype.google_calendar.google_calendar.s..., method='frappe.core.doctype.scheduled_job_type.scheduled_job_type.run_scheduled_jo..., site='task.local', user='Administrator') (task.local::scheduled_job::frappe.integrations.doctype.google_calendar.google_calendar.sync)
2026-05-01 01:44:07,594 home-mahmoudtawfeek-task-manger:default: Job OK (task.local::scheduled_job::frappe.integrations.doctype.google_calendar.google_calendar.sync)
2026-05-01 01:44:07,594 Result is kept for 600 seconds
2026-05-01 01:44:07,601 home-mahmoudtawfeek-task-manger:default: frappe.utils.background_jobs.execute_job(event=None, is_async=True, job_name='frappe.core.doctype.scheduled_job_type.scheduled_job_type.run_scheduled_jo..., kwargs={'job_type': 'frappe.email.queue.flush'}, method='frappe.core.doctype.scheduled_job_type.scheduled_job_type.run_scheduled_jo..., site='task.local', user='Administrator') (task.local::scheduled_job::frappe.email.queue.flush)
2026-05-01 01:44:08,355 home-mahmoudtawfeek-task-manger:default: Job OK (task.local::scheduled_job::frappe.email.queue.flush)
2026-05-01 01:44:08,356 Result is kept for 600 seconds
2026-05-01 01:44:08,363 home-mahmoudtawfeek-task-manger:default: frappe.utils.background_jobs.execute_job(event=None, is_async=True, job_name='frappe.core.doctype.scheduled_job_type.scheduled_job_type.run_scheduled_jo..., kwargs={'job_type': 'frappe.email.queue.retry_sending_emails'}, method='frappe.core.doctype.scheduled_job_type.scheduled_job_type.run_scheduled_jo..., site='task.local', user='Administrator') (task.local::scheduled_job::frappe.email.queue.retry_sending_emails)
2026-05-01 01:44:09,163 home-mahmoudtawfeek-task-manger:default: Job OK (task.local::scheduled_job::frappe.email.queue.retry_sending_emails)
2026-05-01 01:44:09,163 Result is kept for 600 seconds
2026-05-01 01:45:06,283 home-mahmoudtawfeek-task-manger:default: frappe.utils.background_jobs.execute_job(event=None, is_async=True, job_name='frappe.core.doctype.scheduled_job_type.scheduled_job_type.run_scheduled_jo..., kwargs={'job_type': 'frappe.deferred_insert.save_to_db'}, method='frappe.core.doctype.scheduled_job_type.scheduled_job_type.run_scheduled_jo..., site='task.local', user='Administrator') (task.local::scheduled_job::frappe.deferred_insert.save_to_db)
2026-05-01 01:45:06,925 home-mahmoudtawfeek-task-manger:default: Job OK (task.local::scheduled_job::frappe.deferred_insert.save_to_db)
2026-05-01 01:45:06,925 Result is kept for 600 seconds
2026-05-01 01:45:06,933 home-mahmoudtawfeek-task-manger:default: frappe.utils.background_jobs.execute_job(event=None, is_async=True, job_name='frappe.core.doctype.scheduled_job_type.scheduled_job_type.run_scheduled_jo..., kwargs={'job_type': 'frappe.search.sqlite_search.build_index_if_not_exists'}, method='frappe.core.doctype.scheduled_job_type.scheduled_job_type.run_scheduled_jo..., site='task.local', user='Administrator') (task.local::scheduled_job::frappe.search.sqlite_search.build_index_if_not_exists)
2026-05-01 01:45:07,397 home-mahmoudtawfeek-task-manger:default: Job OK (task.local::scheduled_job::frappe.search.sqlite_search.build_index_if_not_exists)
2026-05-01 01:45:07,397 Result is kept for 600 seconds
2026-05-01 01:45:07,404 home-mahmoudtawfeek-task-manger:default: frappe.utils.background_jobs.execute_job(event=None, is_async=True, job_name='frappe.core.doctype.scheduled_job_type.scheduled_job_type.run_scheduled_jo..., kwargs={'job_type': 'frappe.automation.doctype.reminder.reminder.send_reminders'}, method='frappe.core.doctype.scheduled_job_type.scheduled_job_type.run_scheduled_jo..., site='task.local', user='Administrator') (task.local::scheduled_job::frappe.automation.doctype.reminder.reminder.send_reminders)
2026-05-01 01:45:07,742 home-mahmoudtawfeek-task-manger:default: Job OK (task.local::scheduled_job::frappe.automation.doctype.reminder.reminder.send_reminders)
2026-05-01 01:45:07,742 Result is kept for 600 seconds
2026-05-01 01:45:07,750 home-mahmoudtawfeek-task-manger:default: frappe.utils.background_jobs.execute_job(event=None, is_async=True, job_name='frappe.core.doctype.scheduled_job_type.scheduled_job_type.run_scheduled_jo..., kwargs={'job_type': 'frappe.utils.global_search.sync_global_search'}, method='frappe.core.doctype.scheduled_job_type.scheduled_job_type.run_scheduled_jo..., site='task.local', user='Administrator') (task.local::scheduled_job::frappe.utils.global_search.sync_global_search)
2026-05-01 01:45:08,094 home-mahmoudtawfeek-task-manger:default: Job OK (task.local::scheduled_job::frappe.utils.global_search.sync_global_search)
2026-05-01 01:45:08,094 Result is kept for 600 seconds
2026-05-01 01:45:08,102 home-mahmoudtawfeek-task-manger:default: frappe.utils.background_jobs.execute_job(event=None, is_async=True, job_name='frappe.core.doctype.scheduled_job_type.scheduled_job_type.run_scheduled_jo..., kwargs={'job_type': 'erpnext.manufacturing.doctype.bom_update_log.bom_update_log.r..., method='frappe.core.doctype.scheduled_job_type.scheduled_job_type.run_scheduled_jo..., site='task.local', user='Administrator') (task.local::scheduled_job::erpnext.manufacturing.doctype.bom_update_log.bom_update_log.resume_bom_cost_update_jobs)
2026-05-01 01:45:08,415 home-mahmoudtawfeek-task-manger:default: Job OK (task.local::scheduled_job::erpnext.manufacturing.doctype.bom_update_log.bom_update_log.resume_bom_cost_update_jobs)
2026-05-01 01:45:08,415 Result is kept for 600 seconds
2026-05-01 01:45:08,423 home-mahmoudtawfeek-task-manger:default: frappe.utils.background_jobs.execute_job(event=None, is_async=True, job_name='frappe.core.doctype.scheduled_job_type.scheduled_job_type.run_scheduled_jo..., kwargs={'job_type': 'frappe.model.utils.link_count.update_link_count'}, method='frappe.core.doctype.scheduled_job_type.scheduled_job_type.run_scheduled_jo..., site='task.local', user='Administrator') (task.local::scheduled_job::frappe.model.utils.link_count.update_link_count)
2026-05-01 01:45:08,792 home-mahmoudtawfeek-task-manger:default: Job OK (task.local::scheduled_job::frappe.model.utils.link_count.update_link_count)
2026-05-01 01:45:08,792 Result is kept for 600 seconds
2026-05-01 01:45:08,802 home-mahmoudtawfeek-task-manger:default: frappe.utils.background_jobs.execute_job(event=None, is_async=True, job_name='frappe.core.doctype.scheduled_job_type.scheduled_job_type.run_scheduled_jo..., kwargs={'job_type': 'frappe.email.doctype.email_account.email_account.notify_unrep..., method='frappe.core.doctype.scheduled_job_type.scheduled_job_type.run_scheduled_jo..., site='task.local', user='Administrator') (task.local::scheduled_job::frappe.email.doctype.email_account.email_account.notify_unreplied)
2026-05-01 01:45:09,312 home-mahmoudtawfeek-task-manger:default: Job OK (task.local::scheduled_job::frappe.email.doctype.email_account.email_account.notify_unreplied)
2026-05-01 01:45:09,312 Result is kept for 600 seconds
2026-05-01 01:45:09,322 home-mahmoudtawfeek-task-manger:default: frappe.utils.background_jobs.execute_job(event=None, is_async=True, job_name='frappe.core.doctype.scheduled_job_type.scheduled_job_type.run_scheduled_jo..., kwargs={'job_type': 'frappe.utils.telemetry.pulse.client.send_queued_events'}, method='frappe.core.doctype.scheduled_job_type.scheduled_job_type.run_scheduled_jo..., site='task.local', user='Administrator') (task.local::scheduled_job::frappe.utils.telemetry.pulse.client.send_queued_events)
2026-05-01 01:45:09,822 home-mahmoudtawfeek-task-manger:default: Job OK (task.local::scheduled_job::frappe.utils.telemetry.pulse.client.send_queued_events)
2026-05-01 01:45:09,823 Result is kept for 600 seconds
2026-05-01 01:48:07,190 home-mahmoudtawfeek-task-manger:default: frappe.utils.background_jobs.execute_job(event=None, is_async=True, job_name='frappe.core.doctype.scheduled_job_type.scheduled_job_type.run_scheduled_jo..., kwargs={'job_type': 'frappe.monitor.flush'}, method='frappe.core.doctype.scheduled_job_type.scheduled_job_type.run_scheduled_jo..., site='task.local', user='Administrator') (task.local::scheduled_job::frappe.monitor.flush)
2026-05-01 01:48:07,504 home-mahmoudtawfeek-task-manger:default: Job OK (task.local::scheduled_job::frappe.monitor.flush)
2026-05-01 01:48:07,505 Result is kept for 600 seconds
2026-05-01 01:48:07,531 home-mahmoudtawfeek-task-manger:default: frappe.utils.background_jobs.execute_job(event=None, is_async=True, job_name='frappe.core.doctype.scheduled_job_type.scheduled_job_type.run_scheduled_jo..., kwargs={'job_type': 'frappe.email.queue.retry_sending_emails'}, method='frappe.core.doctype.scheduled_job_type.scheduled_job_type.run_scheduled_jo..., site='task.local', user='Administrator') (task.local::scheduled_job::frappe.email.queue.retry_sending_emails)
2026-05-01 01:48:08,244 home-mahmoudtawfeek-task-manger:default: Job OK (task.local::scheduled_job::frappe.email.queue.retry_sending_emails)
2026-05-01 01:48:08,244 Result is kept for 600 seconds
2026-05-01 01:48:08,252 home-mahmoudtawfeek-task-manger:default: frappe.utils.background_jobs.execute_job(event=None, is_async=True, job_name='frappe.core.doctype.scheduled_job_type.scheduled_job_type.run_scheduled_jo..., kwargs={'job_type': 'frappe.email.queue.flush'}, method='frappe.core.doctype.scheduled_job_type.scheduled_job_type.run_scheduled_jo..., site='task.local', user='Administrator') (task.local::scheduled_job::frappe.email.queue.flush)
2026-05-01 01:48:08,985 home-mahmoudtawfeek-task-manger:default: Job OK (task.local::scheduled_job::frappe.email.queue.flush)
2026-05-01 01:48:08,986 Result is kept for 600 seconds
2026-05-01 01:48:08,994 home-mahmoudtawfeek-task-manger:default: frappe.utils.background_jobs.execute_job(event=None, is_async=True, job_name='frappe.core.doctype.scheduled_job_type.scheduled_job_type.run_scheduled_jo..., kwargs={'job_type': 'frappe.integrations.doctype.google_calendar.google_calendar.s..., method='frappe.core.doctype.scheduled_job_type.scheduled_job_type.run_scheduled_jo..., site='task.local', user='Administrator') (task.local::scheduled_job::frappe.integrations.doctype.google_calendar.google_calendar.sync)
2026-05-01 01:48:09,640 home-mahmoudtawfeek-task-manger:default: Job OK (task.local::scheduled_job::frappe.integrations.doctype.google_calendar.google_calendar.sync)
2026-05-01 01:48:09,641 Result is kept for 600 seconds
2026-05-01 01:50:07,770 home-mahmoudtawfeek-task-manger:default: frappe.utils.background_jobs.execute_job(event=None, is_async=True, job_name='frappe.core.doctype.scheduled_job_type.scheduled_job_type.run_scheduled_jo..., kwargs={'job_type': 'frappe.email.doctype.email_account.email_account.pull'}, method='frappe.core.doctype.scheduled_job_type.scheduled_job_type.run_scheduled_jo..., site='task.local', user='Administrator') (task.local::scheduled_job::frappe.email.doctype.email_account.email_account.pull)
2026-05-01 01:50:09,455 home-mahmoudtawfeek-task-manger:default: Job OK (task.local::scheduled_job::frappe.email.doctype.email_account.email_account.pull)
2026-05-01 01:50:09,456 Result is kept for 600 seconds
2026-05-01 01:52:08,287 home-mahmoudtawfeek-task-manger:default: frappe.utils.background_jobs.execute_job(event=None, is_async=True, job_name='frappe.core.doctype.scheduled_job_type.scheduled_job_type.run_scheduled_jo..., kwargs={'job_type': 'frappe.email.queue.retry_sending_emails'}, method='frappe.core.doctype.scheduled_job_type.scheduled_job_type.run_scheduled_jo..., site='task.local', user='Administrator') (task.local::scheduled_job::frappe.email.queue.retry_sending_emails)
2026-05-01 01:52:09,107 home-mahmoudtawfeek-task-manger:default: Job OK (task.local::scheduled_job::frappe.email.queue.retry_sending_emails)
2026-05-01 01:52:09,107 Result is kept for 600 seconds
2026-05-01 01:52:09,117 home-mahmoudtawfeek-task-manger:default: frappe.utils.background_jobs.execute_job(event=None, is_async=True, job_name='frappe.core.doctype.scheduled_job_type.scheduled_job_type.run_scheduled_jo..., kwargs={'job_type': 'frappe.email.queue.flush'}, method='frappe.core.doctype.scheduled_job_type.scheduled_job_type.run_scheduled_jo..., site='task.local', user='Administrator') (task.local::scheduled_job::frappe.email.queue.flush)
2026-05-01 01:52:10,100 home-mahmoudtawfeek-task-manger:default: Job OK (task.local::scheduled_job::frappe.email.queue.flush)
2026-05-01 01:52:10,100 Result is kept for 600 seconds
2026-05-01 01:52:10,109 home-mahmoudtawfeek-task-manger:default: frappe.utils.background_jobs.execute_job(event=None, is_async=True, job_name='frappe.core.doctype.scheduled_job_type.scheduled_job_type.run_scheduled_jo..., kwargs={'job_type': 'frappe.monitor.flush'}, method='frappe.core.doctype.scheduled_job_type.scheduled_job_type.run_scheduled_jo..., site='task.local', user='Administrator') (task.local::scheduled_job::frappe.monitor.flush)
2026-05-01 01:52:10,329 home-mahmoudtawfeek-task-manger:default: Job OK (task.local::scheduled_job::frappe.monitor.flush)
2026-05-01 01:52:10,330 Result is kept for 600 seconds
2026-05-01 01:52:10,336 home-mahmoudtawfeek-task-manger:default: frappe.utils.background_jobs.execute_job(event=None, is_async=True, job_name='frappe.core.doctype.scheduled_job_type.scheduled_job_type.run_scheduled_jo..., kwargs={'job_type': 'frappe.integrations.doctype.google_calendar.google_calendar.s..., method='frappe.core.doctype.scheduled_job_type.scheduled_job_type.run_scheduled_jo..., site='task.local', user='Administrator') (task.local::scheduled_job::frappe.integrations.doctype.google_calendar.google_calendar.sync)
2026-05-01 01:52:11,018 home-mahmoudtawfeek-task-manger:default: Job OK (task.local::scheduled_job::frappe.integrations.doctype.google_calendar.google_calendar.sync)
2026-05-01 01:52:11,018 Result is kept for 600 seconds
2026-05-01 01:56:09,377 home-mahmoudtawfeek-task-manger:default: frappe.utils.background_jobs.execute_job(event=None, is_async=True, job_name='frappe.core.doctype.scheduled_job_type.scheduled_job_type.run_scheduled_jo..., kwargs={'job_type': 'frappe.monitor.flush'}, method='frappe.core.doctype.scheduled_job_type.scheduled_job_type.run_scheduled_jo..., site='task.local', user='Administrator') (task.local::scheduled_job::frappe.monitor.flush)
2026-05-01 01:56:09,650 home-mahmoudtawfeek-task-manger:default: Job OK (task.local::scheduled_job::frappe.monitor.flush)
2026-05-01 01:56:09,650 Result is kept for 600 seconds
2026-05-01 01:56:09,656 Cleaning registries for queue: home-mahmoudtawfeek-task-manger:short
2026-05-01 01:56:09,717 Cleaning registries for queue: home-mahmoudtawfeek-task-manger:default
2026-05-01 01:56:09,768 Cleaning registries for queue: home-mahmoudtawfeek-task-manger:long
2026-05-01 01:56:09,784 home-mahmoudtawfeek-task-manger:default: frappe.utils.background_jobs.execute_job(event=None, is_async=True, job_name='frappe.core.doctype.scheduled_job_type.scheduled_job_type.run_scheduled_jo..., kwargs={'job_type': 'frappe.email.queue.flush'}, method='frappe.core.doctype.scheduled_job_type.scheduled_job_type.run_scheduled_jo..., site='task.local', user='Administrator') (task.local::scheduled_job::frappe.email.queue.flush)
2026-05-01 01:56:10,641 home-mahmoudtawfeek-task-manger:default: Job OK (task.local::scheduled_job::frappe.email.queue.flush)
2026-05-01 01:56:10,641 Result is kept for 600 seconds
2026-05-01 01:56:10,660 home-mahmoudtawfeek-task-manger:default: frappe.utils.background_jobs.execute_job(event=None, is_async=True, job_name='frappe.core.doctype.scheduled_job_type.scheduled_job_type.run_scheduled_jo..., kwargs={'job_type': 'frappe.email.queue.retry_sending_emails'}, method='frappe.core.doctype.scheduled_job_type.scheduled_job_type.run_scheduled_jo..., site='task.local', user='Administrator') (task.local::scheduled_job::frappe.email.queue.retry_sending_emails)
2026-05-01 01:56:11,681 home-mahmoudtawfeek-task-manger:default: Job OK (task.local::scheduled_job::frappe.email.queue.retry_sending_emails)
2026-05-01 01:56:11,681 Result is kept for 600 seconds
2026-05-01 01:56:11,690 home-mahmoudtawfeek-task-manger:default: frappe.utils.background_jobs.execute_job(event=None, is_async=True, job_name='frappe.core.doctype.scheduled_job_type.scheduled_job_type.run_scheduled_jo..., kwargs={'job_type': 'frappe.integrations.doctype.google_calendar.google_calendar.s..., method='frappe.core.doctype.scheduled_job_type.scheduled_job_type.run_scheduled_jo..., site='task.local', user='Administrator') (task.local::scheduled_job::frappe.integrations.doctype.google_calendar.google_calendar.sync)
2026-05-01 01:56:12,366 home-mahmoudtawfeek-task-manger:default: Job OK (task.local::scheduled_job::frappe.integrations.doctype.google_calendar.google_calendar.sync)
2026-05-01 01:56:12,366 Result is kept for 600 seconds
2026-05-01 02:00:10,223 home-mahmoudtawfeek-task-manger:default: frappe.utils.background_jobs.execute_job(event=None, is_async=True, job_name='frappe.core.doctype.scheduled_job_type.scheduled_job_type.run_scheduled_jo..., kwargs={'job_type': 'frappe.email.doctype.email_account.email_account.pull'}, method='frappe.core.doctype.scheduled_job_type.scheduled_job_type.run_scheduled_jo..., site='task.local', user='Administrator') (task.local::scheduled_job::frappe.email.doctype.email_account.email_account.pull)
2026-05-01 02:00:10,990 home-mahmoudtawfeek-task-manger:default: Job OK (task.local::scheduled_job::frappe.email.doctype.email_account.email_account.pull)
2026-05-01 02:00:10,991 Result is kept for 600 seconds
2026-05-01 02:00:11,017 home-mahmoudtawfeek-task-manger:default: frappe.utils.background_jobs.execute_job(event=None, is_async=True, job_name='frappe.core.doctype.scheduled_job_type.scheduled_job_type.run_scheduled_jo..., kwargs={'job_type': 'frappe.deferred_insert.save_to_db'}, method='frappe.core.doctype.scheduled_job_type.scheduled_job_type.run_scheduled_jo..., site='task.local', user='Administrator') (task.local::scheduled_job::frappe.deferred_insert.save_to_db)
2026-05-01 02:00:11,489 home-mahmoudtawfeek-task-manger:default: Job OK (task.local::scheduled_job::frappe.deferred_insert.save_to_db)
2026-05-01 02:00:11,490 Result is kept for 600 seconds
2026-05-01 02:00:11,502 home-mahmoudtawfeek-task-manger:default: frappe.utils.background_jobs.execute_job(event=None, is_async=True, job_name='frappe.core.doctype.scheduled_job_type.scheduled_job_type.run_scheduled_jo..., kwargs={'job_type': 'erpnext.manufacturing.doctype.bom_update_log.bom_update_log.r..., method='frappe.core.doctype.scheduled_job_type.scheduled_job_type.run_scheduled_jo..., site='task.local', user='Administrator') (task.local::scheduled_job::erpnext.manufacturing.doctype.bom_update_log.bom_update_log.resume_bom_cost_update_jobs)
2026-05-01 02:00:11,963 home-mahmoudtawfeek-task-manger:default: Job OK (task.local::scheduled_job::erpnext.manufacturing.doctype.bom_update_log.bom_update_log.resume_bom_cost_update_jobs)
2026-05-01 02:00:11,964 Result is kept for 600 seconds
2026-05-01 02:00:11,972 home-mahmoudtawfeek-task-manger:default: frappe.utils.background_jobs.execute_job(event=None, is_async=True, job_name='frappe.core.doctype.scheduled_job_type.scheduled_job_type.run_scheduled_jo..., kwargs={'job_type': 'frappe.email.doctype.email_account.email_account.notify_unrep..., method='frappe.core.doctype.scheduled_job_type.scheduled_job_type.run_scheduled_jo..., site='task.local', user='Administrator') (task.local::scheduled_job::frappe.email.doctype.email_account.email_account.notify_unreplied)
2026-05-01 02:00:12,496 home-mahmoudtawfeek-task-manger:default: Job OK (task.local::scheduled_job::frappe.email.doctype.email_account.email_account.notify_unreplied)
2026-05-01 02:00:12,496 Result is kept for 600 seconds
2026-05-01 02:00:12,507 home-mahmoudtawfeek-task-manger:default: frappe.utils.background_jobs.execute_job(event=None, is_async=True, job_name='frappe.core.doctype.scheduled_job_type.scheduled_job_type.run_scheduled_jo..., kwargs={'job_type': 'erpnext.projects.doctype.project.project.hourly_reminder'}, method='frappe.core.doctype.scheduled_job_type.scheduled_job_type.run_scheduled_jo..., site='task.local', user='Administrator') (task.local::scheduled_job::erpnext.projects.doctype.project.project.hourly_reminder)
2026-05-01 02:00:16,862 home-mahmoudtawfeek-task-manger:default: Job OK (task.local::scheduled_job::erpnext.projects.doctype.project.project.hourly_reminder)
2026-05-01 02:00:16,863 Result is kept for 600 seconds
2026-05-01 02:00:16,891 home-mahmoudtawfeek-task-manger:default: frappe.utils.background_jobs.execute_job(event=None, is_async=True, job_name='frappe.core.doctype.scheduled_job_type.scheduled_job_type.run_scheduled_jo..., kwargs={'job_type': 'frappe.email.doctype.newsletter.newsletter.send_scheduled_ema..., method='frappe.core.doctype.scheduled_job_type.scheduled_job_type.run_scheduled_jo..., site='task.local', user='Administrator') (task.local::scheduled_job::frappe.email.doctype.newsletter.newsletter.send_scheduled_email)
2026-05-01 02:00:18,269 home-mahmoudtawfeek-task-manger:default: Job OK (task.local::scheduled_job::frappe.email.doctype.newsletter.newsletter.send_scheduled_email)
2026-05-01 02:00:18,269 Result is kept for 600 seconds
2026-05-01 02:00:18,278 home-mahmoudtawfeek-task-manger:default: frappe.utils.background_jobs.execute_job(event=None, is_async=True, job_name='frappe.core.doctype.scheduled_job_type.scheduled_job_type.run_scheduled_jo..., kwargs={'job_type': 'frappe.integrations.doctype.google_calendar.google_calendar.s..., method='frappe.core.doctype.scheduled_job_type.scheduled_job_type.run_scheduled_jo..., site='task.local', user='Administrator') (task.local::scheduled_job::frappe.integrations.doctype.google_calendar.google_calendar.sync)
2026-05-01 02:00:18,839 home-mahmoudtawfeek-task-manger:default: Job OK (task.local::scheduled_job::frappe.integrations.doctype.google_calendar.google_calendar.sync)
2026-05-01 02:00:18,839 Result is kept for 600 seconds
2026-05-01 02:00:18,846 home-mahmoudtawfeek-task-manger:default: frappe.utils.background_jobs.execute_job(event=None, is_async=True, job_name='frappe.core.doctype.scheduled_job_type.scheduled_job_type.run_scheduled_jo..., kwargs={'job_type': 'frappe.monitor.flush'}, method='frappe.core.doctype.scheduled_job_type.scheduled_job_type.run_scheduled_jo..., site='task.local', user='Administrator') (task.local::scheduled_job::frappe.monitor.flush)
2026-05-01 02:00:19,187 home-mahmoudtawfeek-task-manger:default: Job OK (task.local::scheduled_job::frappe.monitor.flush)
2026-05-01 02:00:19,188 Result is kept for 600 seconds
2026-05-01 02:00:19,205 home-mahmoudtawfeek-task-manger:default: frappe.utils.background_jobs.execute_job(event=None, is_async=True, job_name='frappe.core.doctype.scheduled_job_type.scheduled_job_type.run_scheduled_jo..., kwargs={'job_type': 'frappe.utils.telemetry.pulse.client.send_queued_events'}, method='frappe.core.doctype.scheduled_job_type.scheduled_job_type.run_scheduled_jo..., site='task.local', user='Administrator') (task.local::scheduled_job::frappe.utils.telemetry.pulse.client.send_queued_events)
2026-05-01 02:00:19,602 home-mahmoudtawfeek-task-manger:default: Job OK (task.local::scheduled_job::frappe.utils.telemetry.pulse.client.send_queued_events)
2026-05-01 02:00:19,603 Result is kept for 600 seconds
2026-05-01 02:00:19,675 home-mahmoudtawfeek-task-manger:default: frappe.utils.background_jobs.execute_job(event=None, is_async=True, job_name='frappe.core.doctype.scheduled_job_type.scheduled_job_type.run_scheduled_jo..., kwargs={'job_type': 'frappe.automation.doctype.reminder.reminder.send_reminders'}, method='frappe.core.doctype.scheduled_job_type.scheduled_job_type.run_scheduled_jo..., site='task.local', user='Administrator') (task.local::scheduled_job::frappe.automation.doctype.reminder.reminder.send_reminders)
2026-05-01 02:00:20,124 home-mahmoudtawfeek-task-manger:default: Job OK (task.local::scheduled_job::frappe.automation.doctype.reminder.reminder.send_reminders)
2026-05-01 02:00:20,125 Result is kept for 600 seconds
2026-05-01 02:00:20,143 home-mahmoudtawfeek-task-manger:default: frappe.utils.background_jobs.execute_job(event=None, is_async=True, job_name='frappe.core.doctype.scheduled_job_type.scheduled_job_type.run_scheduled_jo..., kwargs={'job_type': 'frappe.email.queue.flush'}, method='frappe.core.doctype.scheduled_job_type.scheduled_job_type.run_scheduled_jo..., site='task.local', user='Administrator') (task.local::scheduled_job::frappe.email.queue.flush)
2026-05-01 02:00:21,036 home-mahmoudtawfeek-task-manger:default: Job OK (task.local::scheduled_job::frappe.email.queue.flush)
2026-05-01 02:00:21,037 Result is kept for 600 seconds
2026-05-01 02:00:21,065 home-mahmoudtawfeek-task-manger:default: frappe.utils.background_jobs.execute_job(event=None, is_async=True, job_name='frappe.core.doctype.scheduled_job_type.scheduled_job_type.run_scheduled_jo..., kwargs={'job_type': 'frappe.utils.global_search.sync_global_search'}, method='frappe.core.doctype.scheduled_job_type.scheduled_job_type.run_scheduled_jo..., site='task.local', user='Administrator') (task.local::scheduled_job::frappe.utils.global_search.sync_global_search)
2026-05-01 02:00:21,607 home-mahmoudtawfeek-task-manger:default: Job OK (task.local::scheduled_job::frappe.utils.global_search.sync_global_search)
2026-05-01 02:00:21,608 Result is kept for 600 seconds
2026-05-01 02:00:21,618 home-mahmoudtawfeek-task-manger:default: frappe.utils.background_jobs.execute_job(event=None, is_async=True, job_name='frappe.core.doctype.scheduled_job_type.scheduled_job_type.run_scheduled_jo..., kwargs={'job_type': 'frappe.email.queue.retry_sending_emails'}, method='frappe.core.doctype.scheduled_job_type.scheduled_job_type.run_scheduled_jo..., site='task.local', user='Administrator') (task.local::scheduled_job::frappe.email.queue.retry_sending_emails)
2026-05-01 02:00:22,639 home-mahmoudtawfeek-task-manger:default: Job OK (task.local::scheduled_job::frappe.email.queue.retry_sending_emails)
2026-05-01 02:00:22,639 Result is kept for 600 seconds
2026-05-01 02:00:22,658 home-mahmoudtawfeek-task-manger:default: frappe.utils.background_jobs.execute_job(event=None, is_async=True, job_name='frappe.core.doctype.scheduled_job_type.scheduled_job_type.run_scheduled_jo..., kwargs={'job_type': 'frappe.search.sqlite_search.build_index_if_not_exists'}, method='frappe.core.doctype.scheduled_job_type.scheduled_job_type.run_scheduled_jo..., site='task.local', user='Administrator') (task.local::scheduled_job::frappe.search.sqlite_search.build_index_if_not_exists)
2026-05-01 02:00:23,112 home-mahmoudtawfeek-task-manger:default: Job OK (task.local::scheduled_job::frappe.search.sqlite_search.build_index_if_not_exists)
2026-05-01 02:00:23,112 Result is kept for 600 seconds
2026-05-01 02:00:23,119 home-mahmoudtawfeek-task-manger:default: frappe.utils.background_jobs.execute_job(event=None, is_async=True, job_name='frappe.core.doctype.scheduled_job_type.scheduled_job_type.run_scheduled_jo..., kwargs={'job_type': 'frappe.model.utils.link_count.update_link_count'}, method='frappe.core.doctype.scheduled_job_type.scheduled_job_type.run_scheduled_jo..., site='task.local', user='Administrator') (task.local::scheduled_job::frappe.model.utils.link_count.update_link_count)
2026-05-01 02:00:23,633 home-mahmoudtawfeek-task-manger:default: Job OK (task.local::scheduled_job::frappe.model.utils.link_count.update_link_count)
2026-05-01 02:00:23,634 Result is kept for 600 seconds
2026-05-01 02:00:23,665 home-mahmoudtawfeek-task-manger:long: frappe.utils.background_jobs.execute_job(event=None, is_async=True, job_name='frappe.core.doctype.scheduled_job_type.scheduled_job_type.run_scheduled_jo..., kwargs={'job_type': 'frappe.desk.page.backups.backups.delete_downloadable_backups'..., method='frappe.core.doctype.scheduled_job_type.scheduled_job_type.run_scheduled_jo..., site='task.local', user='Administrator') (task.local::scheduled_job::frappe.desk.page.backups.backups.delete_downloadable_backups)
2026-05-01 02:00:25,148 home-mahmoudtawfeek-task-manger:long: Job OK (task.local::scheduled_job::frappe.desk.page.backups.backups.delete_downloadable_backups)
2026-05-01 02:00:25,148 Result is kept for 600 seconds
2026-05-01 02:00:25,155 home-mahmoudtawfeek-task-manger:long: frappe.utils.background_jobs.execute_job(event=None, is_async=True, job_name='frappe.core.doctype.scheduled_job_type.scheduled_job_type.run_scheduled_jo..., kwargs={'job_type': 'frappe.core.doctype.prepared_report.prepared_report.expire_st..., method='frappe.core.doctype.scheduled_job_type.scheduled_job_type.run_scheduled_jo..., site='task.local', user='Administrator') (task.local::scheduled_job::frappe.core.doctype.prepared_report.prepared_report.expire_stalled_report)
2026-05-01 02:00:26,346 home-mahmoudtawfeek-task-manger:long: Job OK (task.local::scheduled_job::frappe.core.doctype.prepared_report.prepared_report.expire_stalled_report)
2026-05-01 02:00:26,346 Result is kept for 600 seconds
2026-05-01 02:00:26,369 home-mahmoudtawfeek-task-manger:long: frappe.utils.background_jobs.execute_job(event=None, is_async=True, job_name='frappe.core.doctype.scheduled_job_type.scheduled_job_type.run_scheduled_jo..., kwargs={'job_type': 'erpnext.utilities.bulk_transaction.retry'}, method='frappe.core.doctype.scheduled_job_type.scheduled_job_type.run_scheduled_jo..., site='task.local', user='Administrator') (task.local::scheduled_job::erpnext.utilities.bulk_transaction.retry)
2026-05-01 02:00:29,999 home-mahmoudtawfeek-task-manger:long: Job OK (task.local::scheduled_job::erpnext.utilities.bulk_transaction.retry)
2026-05-01 02:00:30,000 Result is kept for 600 seconds
2026-05-01 02:00:30,010 home-mahmoudtawfeek-task-manger:long: frappe.utils.background_jobs.execute_job(event=None, is_async=True, job_name='frappe.core.doctype.scheduled_job_type.scheduled_job_type.run_scheduled_jo..., kwargs={'job_type': 'frappe.twofactor.delete_all_barcodes_for_users'}, method='frappe.core.doctype.scheduled_job_type.scheduled_job_type.run_scheduled_jo..., site='task.local', user='Administrator') (task.local::scheduled_job::frappe.twofactor.delete_all_barcodes_for_users)
2026-05-01 02:00:31,502 home-mahmoudtawfeek-task-manger:long: Job OK (task.local::scheduled_job::frappe.twofactor.delete_all_barcodes_for_users)
2026-05-01 02:00:31,502 Result is kept for 600 seconds
2026-05-01 02:00:31,521 home-mahmoudtawfeek-task-manger:long: frappe.utils.background_jobs.execute_job(event=None, is_async=True, job_name='frappe.core.doctype.scheduled_job_type.scheduled_job_type.run_scheduled_jo..., kwargs={'job_type': 'erpnext.stock.doctype.repost_item_valuation.repost_item_valua..., method='frappe.core.doctype.scheduled_job_type.scheduled_job_type.run_scheduled_jo..., site='task.local', user='Administrator') (task.local::scheduled_job::erpnext.stock.doctype.repost_item_valuation.repost_item_valuation.repost_entries)
2026-05-01 02:00:34,654 home-mahmoudtawfeek-task-manger:long: Job OK (task.local::scheduled_job::erpnext.stock.doctype.repost_item_valuation.repost_item_valuation.repost_entries)
2026-05-01 02:00:34,654 Result is kept for 600 seconds
2026-05-01 02:00:34,678 home-mahmoudtawfeek-task-manger:long: frappe.utils.background_jobs.execute_job(event=None, is_async=True, job_name='frappe.core.doctype.scheduled_job_type.scheduled_job_type.run_scheduled_jo..., kwargs={'job_type': 'erpnext.erpnext_integrations.doctype.plaid_settings.plaid_set..., method='frappe.core.doctype.scheduled_job_type.scheduled_job_type.run_scheduled_jo..., site='task.local', user='Administrator') (task.local::scheduled_job::erpnext.erpnext_integrations.doctype.plaid_settings.plaid_settings.automatic_synchronization)
2026-05-01 02:00:35,786 home-mahmoudtawfeek-task-manger:long: Job OK (task.local::scheduled_job::erpnext.erpnext_integrations.doctype.plaid_settings.plaid_settings.automatic_synchronization)
2026-05-01 02:00:35,787 Result is kept for 600 seconds
2026-05-01 02:00:35,794 home-mahmoudtawfeek-task-manger:long: frappe.utils.background_jobs.execute_job(event=None, is_async=True, job_name='frappe.core.doctype.scheduled_job_type.scheduled_job_type.run_scheduled_jo..., kwargs={'job_type': 'frappe.website.doctype.web_page.web_page.check_publish_status..., method='frappe.core.doctype.scheduled_job_type.scheduled_job_type.run_scheduled_jo..., site='task.local', user='Administrator') (task.local::scheduled_job::frappe.website.doctype.web_page.web_page.check_publish_status)
2026-05-01 02:00:38,216 home-mahmoudtawfeek-task-manger:long: Job OK (task.local::scheduled_job::frappe.website.doctype.web_page.web_page.check_publish_status)
2026-05-01 02:00:38,216 Result is kept for 600 seconds
2026-05-01 02:00:38,224 home-mahmoudtawfeek-task-manger:long: frappe.utils.background_jobs.execute_job(event=None, is_async=True, job_name='frappe.core.doctype.scheduled_job_type.scheduled_job_type.run_scheduled_jo..., kwargs={'job_type': 'frappe.model.utils.user_settings.sync_user_settings'}, method='frappe.core.doctype.scheduled_job_type.scheduled_job_type.run_scheduled_jo..., site='task.local', user='Administrator') (task.local::scheduled_job::frappe.model.utils.user_settings.sync_user_settings)
2026-05-01 02:00:38,787 home-mahmoudtawfeek-task-manger:long: Job OK (task.local::scheduled_job::frappe.model.utils.user_settings.sync_user_settings)
2026-05-01 02:00:38,788 Result is kept for 600 seconds
2026-05-01 02:00:38,795 home-mahmoudtawfeek-task-manger:long: frappe.utils.background_jobs.execute_job(event=None, is_async=True, job_name='frappe.core.doctype.scheduled_job_type.scheduled_job_type.run_scheduled_jo..., kwargs={'job_type': 'frappe.desk.utils.delete_old_exported_report_files'}, method='frappe.core.doctype.scheduled_job_type.scheduled_job_type.run_scheduled_jo..., site='task.local', user='Administrator') (task.local::scheduled_job::frappe.desk.utils.delete_old_exported_report_files)
2026-05-01 02:00:39,468 home-mahmoudtawfeek-task-manger:long: Job OK (task.local::scheduled_job::frappe.desk.utils.delete_old_exported_report_files)
2026-05-01 02:00:39,468 Result is kept for 600 seconds
2026-05-01 02:00:39,476 home-mahmoudtawfeek-task-manger:long: frappe.utils.background_jobs.execute_job(event=None, is_async=True, job_name='frappe.core.doctype.scheduled_job_type.scheduled_job_type.run_scheduled_jo..., kwargs={'job_type': 'frappe.desk.form.document_follow.send_hourly_updates'}, method='frappe.core.doctype.scheduled_job_type.scheduled_job_type.run_scheduled_jo..., site='task.local', user='Administrator') (task.local::scheduled_job::frappe.desk.form.document_follow.send_hourly_updates)
2026-05-01 02:00:40,674 home-mahmoudtawfeek-task-manger:long: Job OK (task.local::scheduled_job::frappe.desk.form.document_follow.send_hourly_updates)
2026-05-01 02:00:40,674 Result is kept for 600 seconds
2026-05-01 02:00:40,690 home-mahmoudtawfeek-task-manger:long: frappe.utils.background_jobs.execute_job(event=None, is_async=True, job_name='frappe.core.doctype.scheduled_job_type.scheduled_job_type.run_scheduled_jo..., kwargs={'job_type': 'erpnext.utilities.doctype.video.video.update_youtube_data'}, method='frappe.core.doctype.scheduled_job_type.scheduled_job_type.run_scheduled_jo..., site='task.local', user='Administrator') (task.local::scheduled_job::erpnext.utilities.doctype.video.video.update_youtube_data)
2026-05-01 02:00:44,208 home-mahmoudtawfeek-task-manger:long: Job OK (task.local::scheduled_job::erpnext.utilities.doctype.video.video.update_youtube_data)
2026-05-01 02:00:44,209 Result is kept for 600 seconds
2026-05-01 02:00:44,239 home-mahmoudtawfeek-task-manger:long: frappe.utils.background_jobs.execute_job(event=None, is_async=True, job_name='frappe.core.doctype.scheduled_job_type.scheduled_job_type.run_scheduled_jo..., kwargs={'job_type': 'frappe.oauth.delete_oauth2_data'}, method='frappe.core.doctype.scheduled_job_type.scheduled_job_type.run_scheduled_jo..., site='task.local', user='Administrator') (task.local::scheduled_job::frappe.oauth.delete_oauth2_data)
2026-05-01 02:00:46,459 home-mahmoudtawfeek-task-manger:long: Job OK (task.local::scheduled_job::frappe.oauth.delete_oauth2_data)
2026-05-01 02:00:46,459 Result is kept for 600 seconds
2026-05-01 02:00:46,467 home-mahmoudtawfeek-task-manger:long: frappe.utils.background_jobs.execute_job(event=None, is_async=True, job_name='frappe.core.doctype.scheduled_job_type.scheduled_job_type.run_scheduled_jo..., kwargs={'job_type': 'erpnext.projects.doctype.project.project.collect_project_stat..., method='frappe.core.doctype.scheduled_job_type.scheduled_job_type.run_scheduled_jo..., site='task.local', user='Administrator') (task.local::scheduled_job::erpnext.projects.doctype.project.project.collect_project_status)
2026-05-01 02:00:47,212 home-mahmoudtawfeek-task-manger:long: Job OK (task.local::scheduled_job::erpnext.projects.doctype.project.project.collect_project_status)
2026-05-01 02:00:47,214 Result is kept for 600 seconds
2026-05-01 02:00:47,241 home-mahmoudtawfeek-task-manger:long: frappe.utils.background_jobs.execute_job(event=None, is_async=True, job_name='frappe.core.doctype.scheduled_job_type.scheduled_job_type.run_scheduled_jo..., kwargs={'job_type': 'erpnext.projects.doctype.project.project.project_status_updat..., method='frappe.core.doctype.scheduled_job_type.scheduled_job_type.run_scheduled_jo..., site='task.local', user='Administrator') (task.local::scheduled_job::erpnext.projects.doctype.project.project.project_status_update_reminder)
2026-05-01 02:00:48,319 home-mahmoudtawfeek-task-manger:long: Job OK (task.local::scheduled_job::erpnext.projects.doctype.project.project.project_status_update_reminder)
2026-05-01 02:00:48,319 Result is kept for 600 seconds
2026-05-01 02:00:48,327 home-mahmoudtawfeek-task-manger:long: frappe.utils.background_jobs.execute_job(event=None, is_async=True, job_name='frappe.core.doctype.scheduled_job_type.scheduled_job_type.run_scheduled_jo..., kwargs={'job_type': 'frappe.website.doctype.personal_data_deletion_request.persona..., method='frappe.core.doctype.scheduled_job_type.scheduled_job_type.run_scheduled_jo..., site='task.local', user='Administrator') (task.local::scheduled_job::frappe.website.doctype.personal_data_deletion_request.personal_data_deletion_request.process_data_deletion_request)
2026-05-01 02:00:49,196 home-mahmoudtawfeek-task-manger:long: Job OK (task.local::scheduled_job::frappe.website.doctype.personal_data_deletion_request.personal_data_deletion_request.process_data_deletion_request)
2026-05-01 02:00:49,197 Result is kept for 600 seconds
2026-05-01 02:04:11,936 home-mahmoudtawfeek-task-manger:default: frappe.utils.background_jobs.execute_job(event=None, is_async=True, job_name='frappe.core.doctype.scheduled_job_type.scheduled_job_type.run_scheduled_jo..., kwargs={'job_type': 'frappe.monitor.flush'}, method='frappe.core.doctype.scheduled_job_type.scheduled_job_type.run_scheduled_jo..., site='task.local', user='Administrator') (task.local::scheduled_job::frappe.monitor.flush)
2026-05-01 02:04:13,430 home-mahmoudtawfeek-task-manger:default: Job OK (task.local::scheduled_job::frappe.monitor.flush)
2026-05-01 02:04:13,430 Result is kept for 600 seconds
2026-05-01 02:04:13,437 home-mahmoudtawfeek-task-manger:default: frappe.utils.background_jobs.execute_job(event=None, is_async=True, job_name='frappe.core.doctype.scheduled_job_type.scheduled_job_type.run_scheduled_jo..., kwargs={'job_type': 'frappe.integrations.doctype.google_calendar.google_calendar.s..., method='frappe.core.doctype.scheduled_job_type.scheduled_job_type.run_scheduled_jo..., site='task.local', user='Administrator') (task.local::scheduled_job::frappe.integrations.doctype.google_calendar.google_calendar.sync)
2026-05-01 02:04:14,694 home-mahmoudtawfeek-task-manger:default: Job OK (task.local::scheduled_job::frappe.integrations.doctype.google_calendar.google_calendar.sync)
2026-05-01 02:04:14,695 Result is kept for 600 seconds
2026-05-01 02:04:14,702 home-mahmoudtawfeek-task-manger:default: frappe.utils.background_jobs.execute_job(event=None, is_async=True, job_name='frappe.core.doctype.scheduled_job_type.scheduled_job_type.run_scheduled_jo..., kwargs={'job_type': 'frappe.email.queue.retry_sending_emails'}, method='frappe.core.doctype.scheduled_job_type.scheduled_job_type.run_scheduled_jo..., site='task.local', user='Administrator') (task.local::scheduled_job::frappe.email.queue.retry_sending_emails)
2026-05-01 02:04:15,741 home-mahmoudtawfeek-task-manger:default: Job OK (task.local::scheduled_job::frappe.email.queue.retry_sending_emails)
2026-05-01 02:04:15,741 Result is kept for 600 seconds
2026-05-01 02:04:15,751 home-mahmoudtawfeek-task-manger:default: frappe.utils.background_jobs.execute_job(event=None, is_async=True, job_name='frappe.core.doctype.scheduled_job_type.scheduled_job_type.run_scheduled_jo..., kwargs={'job_type': 'frappe.email.queue.flush'}, method='frappe.core.doctype.scheduled_job_type.scheduled_job_type.run_scheduled_jo..., site='task.local', user='Administrator') (task.local::scheduled_job::frappe.email.queue.flush)
2026-05-01 02:04:16,431 home-mahmoudtawfeek-task-manger:default: Job OK (task.local::scheduled_job::frappe.email.queue.flush)
2026-05-01 02:04:16,431 Result is kept for 600 seconds
2026-05-01 02:08:13,031 home-mahmoudtawfeek-task-manger:default: frappe.utils.background_jobs.execute_job(event=None, is_async=True, job_name='frappe.core.doctype.scheduled_job_type.scheduled_job_type.run_scheduled_jo..., kwargs={'job_type': 'frappe.monitor.flush'}, method='frappe.core.doctype.scheduled_job_type.scheduled_job_type.run_scheduled_jo..., site='task.local', user='Administrator') (task.local::scheduled_job::frappe.monitor.flush)
2026-05-01 02:08:13,460 home-mahmoudtawfeek-task-manger:default: Job OK (task.local::scheduled_job::frappe.monitor.flush)
2026-05-01 02:08:13,460 Result is kept for 600 seconds
2026-05-01 02:08:13,469 home-mahmoudtawfeek-task-manger:default: frappe.utils.background_jobs.execute_job(event=None, is_async=True, job_name='frappe.core.doctype.scheduled_job_type.scheduled_job_type.run_scheduled_jo..., kwargs={'job_type': 'frappe.email.queue.retry_sending_emails'}, method='frappe.core.doctype.scheduled_job_type.scheduled_job_type.run_scheduled_jo..., site='task.local', user='Administrator') (task.local::scheduled_job::frappe.email.queue.retry_sending_emails)
2026-05-01 02:08:14,722 home-mahmoudtawfeek-task-manger:default: Job OK (task.local::scheduled_job::frappe.email.queue.retry_sending_emails)
2026-05-01 02:08:14,723 Result is kept for 600 seconds
2026-05-01 02:08:14,737 home-mahmoudtawfeek-task-manger:default: frappe.utils.background_jobs.execute_job(event=None, is_async=True, job_name='frappe.core.doctype.scheduled_job_type.scheduled_job_type.run_scheduled_jo..., kwargs={'job_type': 'frappe.integrations.doctype.google_calendar.google_calendar.s..., method='frappe.core.doctype.scheduled_job_type.scheduled_job_type.run_scheduled_jo..., site='task.local', user='Administrator') (task.local::scheduled_job::frappe.integrations.doctype.google_calendar.google_calendar.sync)
2026-05-01 02:08:15,332 home-mahmoudtawfeek-task-manger:default: Job OK (task.local::scheduled_job::frappe.integrations.doctype.google_calendar.google_calendar.sync)
2026-05-01 02:08:15,333 Result is kept for 600 seconds
2026-05-01 02:08:15,348 home-mahmoudtawfeek-task-manger:default: frappe.utils.background_jobs.execute_job(event=None, is_async=True, job_name='frappe.core.doctype.scheduled_job_type.scheduled_job_type.run_scheduled_jo..., kwargs={'job_type': 'frappe.email.queue.flush'}, method='frappe.core.doctype.scheduled_job_type.scheduled_job_type.run_scheduled_jo..., site='task.local', user='Administrator') (task.local::scheduled_job::frappe.email.queue.flush)
2026-05-01 02:08:16,198 home-mahmoudtawfeek-task-manger:default: Job OK (task.local::scheduled_job::frappe.email.queue.flush)
2026-05-01 02:08:16,198 Result is kept for 600 seconds
2026-05-01 02:10:13,583 home-mahmoudtawfeek-task-manger:default: frappe.utils.background_jobs.execute_job(event=None, is_async=True, job_name='frappe.core.doctype.scheduled_job_type.scheduled_job_type.run_scheduled_jo..., kwargs={'job_type': 'frappe.email.doctype.email_account.email_account.pull'}, method='frappe.core.doctype.scheduled_job_type.scheduled_job_type.run_scheduled_jo..., site='task.local', user='Administrator') (task.local::scheduled_job::frappe.email.doctype.email_account.email_account.pull)
2026-05-01 02:10:14,048 home-mahmoudtawfeek-task-manger:default: Job OK (task.local::scheduled_job::frappe.email.doctype.email_account.email_account.pull)
2026-05-01 02:10:14,048 Result is kept for 600 seconds
2026-05-01 02:12:14,347 home-mahmoudtawfeek-task-manger:default: frappe.utils.background_jobs.execute_job(event=None, is_async=True, job_name='frappe.core.doctype.scheduled_job_type.scheduled_job_type.run_scheduled_jo..., kwargs={'job_type': 'frappe.email.queue.flush'}, method='frappe.core.doctype.scheduled_job_type.scheduled_job_type.run_scheduled_jo..., site='task.local', user='Administrator') (task.local::scheduled_job::frappe.email.queue.flush)
2026-05-01 02:12:15,420 home-mahmoudtawfeek-task-manger:default: Job OK (task.local::scheduled_job::frappe.email.queue.flush)
2026-05-01 02:12:15,420 Result is kept for 600 seconds
2026-05-01 02:12:15,431 home-mahmoudtawfeek-task-manger:default: frappe.utils.background_jobs.execute_job(event=None, is_async=True, job_name='frappe.core.doctype.scheduled_job_type.scheduled_job_type.run_scheduled_jo..., kwargs={'job_type': 'frappe.monitor.flush'}, method='frappe.core.doctype.scheduled_job_type.scheduled_job_type.run_scheduled_jo..., site='task.local', user='Administrator') (task.local::scheduled_job::frappe.monitor.flush)
2026-05-01 02:12:15,745 home-mahmoudtawfeek-task-manger:default: Job OK (task.local::scheduled_job::frappe.monitor.flush)
2026-05-01 02:12:15,746 Result is kept for 600 seconds
2026-05-01 02:12:15,760 home-mahmoudtawfeek-task-manger:default: frappe.utils.background_jobs.execute_job(event=None, is_async=True, job_name='frappe.core.doctype.scheduled_job_type.scheduled_job_type.run_scheduled_jo..., kwargs={'job_type': 'frappe.email.queue.retry_sending_emails'}, method='frappe.core.doctype.scheduled_job_type.scheduled_job_type.run_scheduled_jo..., site='task.local', user='Administrator') (task.local::scheduled_job::frappe.email.queue.retry_sending_emails)
2026-05-01 02:12:16,632 home-mahmoudtawfeek-task-manger:default: Job OK (task.local::scheduled_job::frappe.email.queue.retry_sending_emails)
2026-05-01 02:12:16,633 Result is kept for 600 seconds
2026-05-01 02:12:16,646 home-mahmoudtawfeek-task-manger:default: frappe.utils.background_jobs.execute_job(event=None, is_async=True, job_name='frappe.core.doctype.scheduled_job_type.scheduled_job_type.run_scheduled_jo..., kwargs={'job_type': 'frappe.integrations.doctype.google_calendar.google_calendar.s..., method='frappe.core.doctype.scheduled_job_type.scheduled_job_type.run_scheduled_jo..., site='task.local', user='Administrator') (task.local::scheduled_job::frappe.integrations.doctype.google_calendar.google_calendar.sync)
2026-05-01 02:12:17,323 home-mahmoudtawfeek-task-manger:default: Job OK (task.local::scheduled_job::frappe.integrations.doctype.google_calendar.google_calendar.sync)
2026-05-01 02:12:17,324 Result is kept for 600 seconds
2026-05-01 02:15:16,152 home-mahmoudtawfeek-task-manger:default: frappe.utils.background_jobs.execute_job(event=None, is_async=True, job_name='frappe.core.doctype.scheduled_job_type.scheduled_job_type.run_scheduled_jo..., kwargs={'job_type': 'frappe.deferred_insert.save_to_db'}, method='frappe.core.doctype.scheduled_job_type.scheduled_job_type.run_scheduled_jo..., site='task.local', user='Administrator') (task.local::scheduled_job::frappe.deferred_insert.save_to_db)
2026-05-01 02:15:18,749 home-mahmoudtawfeek-task-manger:default: Job OK (task.local::scheduled_job::frappe.deferred_insert.save_to_db)
2026-05-01 02:15:18,749 Result is kept for 600 seconds
2026-05-01 02:15:18,757 home-mahmoudtawfeek-task-manger:default: frappe.utils.background_jobs.execute_job(event=None, is_async=True, job_name='frappe.core.doctype.scheduled_job_type.scheduled_job_type.run_scheduled_jo..., kwargs={'job_type': 'frappe.search.sqlite_search.build_index_if_not_exists'}, method='frappe.core.doctype.scheduled_job_type.scheduled_job_type.run_scheduled_jo..., site='task.local', user='Administrator') (task.local::scheduled_job::frappe.search.sqlite_search.build_index_if_not_exists)
2026-05-01 02:15:21,585 home-mahmoudtawfeek-task-manger:default: Job OK (task.local::scheduled_job::frappe.search.sqlite_search.build_index_if_not_exists)
2026-05-01 02:15:21,586 Result is kept for 600 seconds
2026-05-01 02:15:21,603 home-mahmoudtawfeek-task-manger:default: frappe.utils.background_jobs.execute_job(event=None, is_async=True, job_name='frappe.core.doctype.scheduled_job_type.scheduled_job_type.run_scheduled_jo..., kwargs={'job_type': 'frappe.utils.telemetry.pulse.client.send_queued_events'}, method='frappe.core.doctype.scheduled_job_type.scheduled_job_type.run_scheduled_jo..., site='task.local', user='Administrator') (task.local::scheduled_job::frappe.utils.telemetry.pulse.client.send_queued_events)
2026-05-01 02:15:23,416 home-mahmoudtawfeek-task-manger:default: Job OK (task.local::scheduled_job::frappe.utils.telemetry.pulse.client.send_queued_events)
2026-05-01 02:15:23,416 Result is kept for 600 seconds
2026-05-01 02:15:23,430 home-mahmoudtawfeek-task-manger:default: frappe.utils.background_jobs.execute_job(event=None, is_async=True, job_name='frappe.core.doctype.scheduled_job_type.scheduled_job_type.run_scheduled_jo..., kwargs={'job_type': 'frappe.model.utils.link_count.update_link_count'}, method='frappe.core.doctype.scheduled_job_type.scheduled_job_type.run_scheduled_jo..., site='task.local', user='Administrator') (task.local::scheduled_job::frappe.model.utils.link_count.update_link_count)
2026-05-01 02:15:23,861 home-mahmoudtawfeek-task-manger:default: Job OK (task.local::scheduled_job::frappe.model.utils.link_count.update_link_count)
2026-05-01 02:15:23,862 Result is kept for 600 seconds
2026-05-01 02:15:23,877 home-mahmoudtawfeek-task-manger:default: frappe.utils.background_jobs.execute_job(event=None, is_async=True, job_name='frappe.core.doctype.scheduled_job_type.scheduled_job_type.run_scheduled_jo..., kwargs={'job_type': 'erpnext.manufacturing.doctype.bom_update_log.bom_update_log.r..., method='frappe.core.doctype.scheduled_job_type.scheduled_job_type.run_scheduled_jo..., site='task.local', user='Administrator') (task.local::scheduled_job::erpnext.manufacturing.doctype.bom_update_log.bom_update_log.resume_bom_cost_update_jobs)
2026-05-01 02:15:24,827 home-mahmoudtawfeek-task-manger:default: Job OK (task.local::scheduled_job::erpnext.manufacturing.doctype.bom_update_log.bom_update_log.resume_bom_cost_update_jobs)
2026-05-01 02:15:24,827 Result is kept for 600 seconds
2026-05-01 02:15:24,842 home-mahmoudtawfeek-task-manger:default: frappe.utils.background_jobs.execute_job(event=None, is_async=True, job_name='frappe.core.doctype.scheduled_job_type.scheduled_job_type.run_scheduled_jo..., kwargs={'job_type': 'frappe.email.doctype.email_account.email_account.notify_unrep..., method='frappe.core.doctype.scheduled_job_type.scheduled_job_type.run_scheduled_jo..., site='task.local', user='Administrator') (task.local::scheduled_job::frappe.email.doctype.email_account.email_account.notify_unreplied)
2026-05-01 02:15:25,648 home-mahmoudtawfeek-task-manger:default: Job OK (task.local::scheduled_job::frappe.email.doctype.email_account.email_account.notify_unreplied)
2026-05-01 02:15:25,648 Result is kept for 600 seconds
2026-05-01 02:15:25,660 home-mahmoudtawfeek-task-manger:default: frappe.utils.background_jobs.execute_job(event=None, is_async=True, job_name='frappe.core.doctype.scheduled_job_type.scheduled_job_type.run_scheduled_jo..., kwargs={'job_type': 'frappe.automation.doctype.reminder.reminder.send_reminders'}, method='frappe.core.doctype.scheduled_job_type.scheduled_job_type.run_scheduled_jo..., site='task.local', user='Administrator') (task.local::scheduled_job::frappe.automation.doctype.reminder.reminder.send_reminders)
2026-05-01 02:15:26,939 home-mahmoudtawfeek-task-manger:default: Job OK (task.local::scheduled_job::frappe.automation.doctype.reminder.reminder.send_reminders)
2026-05-01 02:15:26,940 Result is kept for 600 seconds
2026-05-01 02:15:26,947 home-mahmoudtawfeek-task-manger:default: frappe.utils.background_jobs.execute_job(event=None, is_async=True, job_name='frappe.core.doctype.scheduled_job_type.scheduled_job_type.run_scheduled_jo..., kwargs={'job_type': 'frappe.utils.global_search.sync_global_search'}, method='frappe.core.doctype.scheduled_job_type.scheduled_job_type.run_scheduled_jo..., site='task.local', user='Administrator') (task.local::scheduled_job::frappe.utils.global_search.sync_global_search)
2026-05-01 02:15:27,337 home-mahmoudtawfeek-task-manger:default: Job OK (task.local::scheduled_job::frappe.utils.global_search.sync_global_search)
2026-05-01 02:15:27,337 Result is kept for 600 seconds
2026-05-01 02:16:16,482 home-mahmoudtawfeek-task-manger:default: frappe.utils.background_jobs.execute_job(event=None, is_async=True, job_name='frappe.core.doctype.scheduled_job_type.scheduled_job_type.run_scheduled_jo..., kwargs={'job_type': 'frappe.email.queue.flush'}, method='frappe.core.doctype.scheduled_job_type.scheduled_job_type.run_scheduled_jo..., site='task.local', user='Administrator') (task.local::scheduled_job::frappe.email.queue.flush)
2026-05-01 02:16:18,302 home-mahmoudtawfeek-task-manger:default: Job OK (task.local::scheduled_job::frappe.email.queue.flush)
2026-05-01 02:16:18,303 Result is kept for 600 seconds
2026-05-01 02:16:18,316 home-mahmoudtawfeek-task-manger:default: frappe.utils.background_jobs.execute_job(event=None, is_async=True, job_name='frappe.core.doctype.scheduled_job_type.scheduled_job_type.run_scheduled_jo..., kwargs={'job_type': 'frappe.integrations.doctype.google_calendar.google_calendar.s..., method='frappe.core.doctype.scheduled_job_type.scheduled_job_type.run_scheduled_jo..., site='task.local', user='Administrator') (task.local::scheduled_job::frappe.integrations.doctype.google_calendar.google_calendar.sync)
2026-05-01 02:16:20,288 home-mahmoudtawfeek-task-manger:default: Job OK (task.local::scheduled_job::frappe.integrations.doctype.google_calendar.google_calendar.sync)
2026-05-01 02:16:20,289 Result is kept for 600 seconds
2026-05-01 02:16:20,309 home-mahmoudtawfeek-task-manger:default: frappe.utils.background_jobs.execute_job(event=None, is_async=True, job_name='frappe.core.doctype.scheduled_job_type.scheduled_job_type.run_scheduled_jo..., kwargs={'job_type': 'frappe.email.queue.retry_sending_emails'}, method='frappe.core.doctype.scheduled_job_type.scheduled_job_type.run_scheduled_jo..., site='task.local', user='Administrator') (task.local::scheduled_job::frappe.email.queue.retry_sending_emails)
2026-05-01 02:16:21,593 home-mahmoudtawfeek-task-manger:default: Job OK (task.local::scheduled_job::frappe.email.queue.retry_sending_emails)
2026-05-01 02:16:21,593 Result is kept for 600 seconds
2026-05-01 02:16:21,605 home-mahmoudtawfeek-task-manger:default: frappe.utils.background_jobs.execute_job(event=None, is_async=True, job_name='frappe.core.doctype.scheduled_job_type.scheduled_job_type.run_scheduled_jo..., kwargs={'job_type': 'frappe.monitor.flush'}, method='frappe.core.doctype.scheduled_job_type.scheduled_job_type.run_scheduled_jo..., site='task.local', user='Administrator') (task.local::scheduled_job::frappe.monitor.flush)
2026-05-01 02:16:21,901 home-mahmoudtawfeek-task-manger:default: Job OK (task.local::scheduled_job::frappe.monitor.flush)
2026-05-01 02:16:21,901 Result is kept for 600 seconds
2026-05-01 02:20:21,490 home-mahmoudtawfeek-task-manger:default: frappe.utils.background_jobs.execute_job(event=None, is_async=True, job_name='frappe.core.doctype.scheduled_job_type.scheduled_job_type.run_scheduled_jo..., kwargs={'job_type': 'frappe.email.doctype.email_account.email_account.pull'}, method='frappe.core.doctype.scheduled_job_type.scheduled_job_type.run_scheduled_jo..., site='task.local', user='Administrator') (task.local::scheduled_job::frappe.email.doctype.email_account.email_account.pull)
2026-05-01 02:20:25,437 home-mahmoudtawfeek-task-manger:default: Job OK (task.local::scheduled_job::frappe.email.doctype.email_account.email_account.pull)
2026-05-01 02:20:25,438 Result is kept for 600 seconds
2026-05-01 02:20:25,657 Cleaning registries for queue: home-mahmoudtawfeek-task-manger:short
2026-05-01 02:20:25,803 Cleaning registries for queue: home-mahmoudtawfeek-task-manger:default
2026-05-01 02:20:25,830 Cleaning registries for queue: home-mahmoudtawfeek-task-manger:long
2026-05-01 02:20:25,887 home-mahmoudtawfeek-task-manger:default: frappe.utils.background_jobs.execute_job(event=None, is_async=True, job_name='frappe.core.doctype.scheduled_job_type.scheduled_job_type.run_scheduled_jo..., kwargs={'job_type': 'frappe.integrations.doctype.google_calendar.google_calendar.s..., method='frappe.core.doctype.scheduled_job_type.scheduled_job_type.run_scheduled_jo..., site='task.local', user='Administrator') (task.local::scheduled_job::frappe.integrations.doctype.google_calendar.google_calendar.sync)
2026-05-01 02:20:26,591 home-mahmoudtawfeek-task-manger:default: Job OK (task.local::scheduled_job::frappe.integrations.doctype.google_calendar.google_calendar.sync)
2026-05-01 02:20:26,592 Result is kept for 600 seconds
2026-05-01 02:20:26,619 home-mahmoudtawfeek-task-manger:default: frappe.utils.background_jobs.execute_job(event=None, is_async=True, job_name='frappe.core.doctype.scheduled_job_type.scheduled_job_type.run_scheduled_jo..., kwargs={'job_type': 'frappe.email.queue.flush'}, method='frappe.core.doctype.scheduled_job_type.scheduled_job_type.run_scheduled_jo..., site='task.local', user='Administrator') (task.local::scheduled_job::frappe.email.queue.flush)
2026-05-01 02:20:27,762 home-mahmoudtawfeek-task-manger:default: Job OK (task.local::scheduled_job::frappe.email.queue.flush)
2026-05-01 02:20:27,763 Result is kept for 600 seconds
2026-05-01 02:20:27,795 home-mahmoudtawfeek-task-manger:default: frappe.utils.background_jobs.execute_job(event=None, is_async=True, job_name='frappe.core.doctype.scheduled_job_type.scheduled_job_type.run_scheduled_jo..., kwargs={'job_type': 'frappe.email.queue.retry_sending_emails'}, method='frappe.core.doctype.scheduled_job_type.scheduled_job_type.run_scheduled_jo..., site='task.local', user='Administrator') (task.local::scheduled_job::frappe.email.queue.retry_sending_emails)
2026-05-01 02:20:30,272 home-mahmoudtawfeek-task-manger:default: Job OK (task.local::scheduled_job::frappe.email.queue.retry_sending_emails)
2026-05-01 02:20:30,273 Result is kept for 600 seconds
2026-05-01 02:20:30,289 home-mahmoudtawfeek-task-manger:default: frappe.utils.background_jobs.execute_job(event=None, is_async=True, job_name='frappe.core.doctype.scheduled_job_type.scheduled_job_type.run_scheduled_jo..., kwargs={'job_type': 'frappe.monitor.flush'}, method='frappe.core.doctype.scheduled_job_type.scheduled_job_type.run_scheduled_jo..., site='task.local', user='Administrator') (task.local::scheduled_job::frappe.monitor.flush)
2026-05-01 02:20:30,833 home-mahmoudtawfeek-task-manger:default: Job OK (task.local::scheduled_job::frappe.monitor.flush)
2026-05-01 02:20:30,833 Result is kept for 600 seconds
2026-05-01 02:24:23,090 home-mahmoudtawfeek-task-manger:default: frappe.utils.background_jobs.execute_job(event=None, is_async=True, job_name='frappe.core.doctype.scheduled_job_type.scheduled_job_type.run_scheduled_jo..., kwargs={'job_type': 'frappe.monitor.flush'}, method='frappe.core.doctype.scheduled_job_type.scheduled_job_type.run_scheduled_jo..., site='task.local', user='Administrator') (task.local::scheduled_job::frappe.monitor.flush)
2026-05-01 02:24:25,568 home-mahmoudtawfeek-task-manger:default: Job OK (task.local::scheduled_job::frappe.monitor.flush)
2026-05-01 02:24:25,569 Result is kept for 600 seconds
2026-05-01 02:24:25,588 home-mahmoudtawfeek-task-manger:default: frappe.utils.background_jobs.execute_job(event=None, is_async=True, job_name='frappe.core.doctype.scheduled_job_type.scheduled_job_type.run_scheduled_jo..., kwargs={'job_type': 'frappe.email.queue.retry_sending_emails'}, method='frappe.core.doctype.scheduled_job_type.scheduled_job_type.run_scheduled_jo..., site='task.local', user='Administrator') (task.local::scheduled_job::frappe.email.queue.retry_sending_emails)
2026-05-01 02:24:28,250 home-mahmoudtawfeek-task-manger:default: Job OK (task.local::scheduled_job::frappe.email.queue.retry_sending_emails)
2026-05-01 02:24:28,250 Result is kept for 600 seconds
2026-05-01 02:24:28,260 home-mahmoudtawfeek-task-manger:default: frappe.utils.background_jobs.execute_job(event=None, is_async=True, job_name='frappe.core.doctype.scheduled_job_type.scheduled_job_type.run_scheduled_jo..., kwargs={'job_type': 'frappe.email.queue.flush'}, method='frappe.core.doctype.scheduled_job_type.scheduled_job_type.run_scheduled_jo..., site='task.local', user='Administrator') (task.local::scheduled_job::frappe.email.queue.flush)
2026-05-01 02:24:30,591 home-mahmoudtawfeek-task-manger:default: Job OK (task.local::scheduled_job::frappe.email.queue.flush)
2026-05-01 02:24:30,592 Result is kept for 600 seconds
2026-05-01 02:24:30,628 home-mahmoudtawfeek-task-manger:default: frappe.utils.background_jobs.execute_job(event=None, is_async=True, job_name='frappe.core.doctype.scheduled_job_type.scheduled_job_type.run_scheduled_jo..., kwargs={'job_type': 'frappe.integrations.doctype.google_calendar.google_calendar.s..., method='frappe.core.doctype.scheduled_job_type.scheduled_job_type.run_scheduled_jo..., site='task.local', user='Administrator') (task.local::scheduled_job::frappe.integrations.doctype.google_calendar.google_calendar.sync)
2026-05-01 02:24:31,732 home-mahmoudtawfeek-task-manger:default: Job OK (task.local::scheduled_job::frappe.integrations.doctype.google_calendar.google_calendar.sync)
2026-05-01 02:24:31,732 Result is kept for 600 seconds
2026-05-01 02:28:24,575 home-mahmoudtawfeek-task-manger:default: frappe.utils.background_jobs.execute_job(event=None, is_async=True, job_name='frappe.core.doctype.scheduled_job_type.scheduled_job_type.run_scheduled_jo..., kwargs={'job_type': 'frappe.email.queue.flush'}, method='frappe.core.doctype.scheduled_job_type.scheduled_job_type.run_scheduled_jo..., site='task.local', user='Administrator') (task.local::scheduled_job::frappe.email.queue.flush)
2026-05-01 02:28:26,460 home-mahmoudtawfeek-task-manger:default: Job OK (task.local::scheduled_job::frappe.email.queue.flush)
2026-05-01 02:28:26,461 Result is kept for 600 seconds
2026-05-01 02:28:26,474 home-mahmoudtawfeek-task-manger:default: frappe.utils.background_jobs.execute_job(event=None, is_async=True, job_name='frappe.core.doctype.scheduled_job_type.scheduled_job_type.run_scheduled_jo..., kwargs={'job_type': 'frappe.monitor.flush'}, method='frappe.core.doctype.scheduled_job_type.scheduled_job_type.run_scheduled_jo..., site='task.local', user='Administrator') (task.local::scheduled_job::frappe.monitor.flush)
2026-05-01 02:28:27,247 home-mahmoudtawfeek-task-manger:default: Job OK (task.local::scheduled_job::frappe.monitor.flush)
2026-05-01 02:28:27,248 Result is kept for 600 seconds
2026-05-01 02:28:27,267 home-mahmoudtawfeek-task-manger:default: frappe.utils.background_jobs.execute_job(event=None, is_async=True, job_name='frappe.core.doctype.scheduled_job_type.scheduled_job_type.run_scheduled_jo..., kwargs={'job_type': 'frappe.integrations.doctype.google_calendar.google_calendar.s..., method='frappe.core.doctype.scheduled_job_type.scheduled_job_type.run_scheduled_jo..., site='task.local', user='Administrator') (task.local::scheduled_job::frappe.integrations.doctype.google_calendar.google_calendar.sync)
2026-05-01 02:28:28,147 home-mahmoudtawfeek-task-manger:default: Job OK (task.local::scheduled_job::frappe.integrations.doctype.google_calendar.google_calendar.sync)
2026-05-01 02:28:28,148 Result is kept for 600 seconds
2026-05-01 02:28:28,164 home-mahmoudtawfeek-task-manger:default: frappe.utils.background_jobs.execute_job(event=None, is_async=True, job_name='frappe.core.doctype.scheduled_job_type.scheduled_job_type.run_scheduled_jo..., kwargs={'job_type': 'frappe.email.queue.retry_sending_emails'}, method='frappe.core.doctype.scheduled_job_type.scheduled_job_type.run_scheduled_jo..., site='task.local', user='Administrator') (task.local::scheduled_job::frappe.email.queue.retry_sending_emails)
2026-05-01 02:28:29,598 home-mahmoudtawfeek-task-manger:default: Job OK (task.local::scheduled_job::frappe.email.queue.retry_sending_emails)
2026-05-01 02:28:29,634 Result is kept for 600 seconds
2026-05-01 02:30:25,413 home-mahmoudtawfeek-task-manger:default: frappe.utils.background_jobs.execute_job(event=None, is_async=True, job_name='frappe.core.doctype.scheduled_job_type.scheduled_job_type.run_scheduled_jo..., kwargs={'job_type': 'frappe.deferred_insert.save_to_db'}, method='frappe.core.doctype.scheduled_job_type.scheduled_job_type.run_scheduled_jo..., site='task.local', user='Administrator') (task.local::scheduled_job::frappe.deferred_insert.save_to_db)
2026-05-01 02:30:33,301 home-mahmoudtawfeek-task-manger:default: Job OK (task.local::scheduled_job::frappe.deferred_insert.save_to_db)
2026-05-01 02:30:33,301 Result is kept for 600 seconds
2026-05-01 02:30:33,372 home-mahmoudtawfeek-task-manger:default: frappe.utils.background_jobs.execute_job(event=None, is_async=True, job_name='frappe.core.doctype.scheduled_job_type.scheduled_job_type.run_scheduled_jo..., kwargs={'job_type': 'frappe.utils.telemetry.pulse.client.send_queued_events'}, method='frappe.core.doctype.scheduled_job_type.scheduled_job_type.run_scheduled_jo..., site='task.local', user='Administrator') (task.local::scheduled_job::frappe.utils.telemetry.pulse.client.send_queued_events)
2026-05-01 02:30:34,827 home-mahmoudtawfeek-task-manger:default: Job OK (task.local::scheduled_job::frappe.utils.telemetry.pulse.client.send_queued_events)
2026-05-01 02:30:34,828 Result is kept for 600 seconds
2026-05-01 02:30:34,842 home-mahmoudtawfeek-task-manger:default: frappe.utils.background_jobs.execute_job(event=None, is_async=True, job_name='frappe.core.doctype.scheduled_job_type.scheduled_job_type.run_scheduled_jo..., kwargs={'job_type': 'frappe.email.doctype.email_account.email_account.notify_unrep..., method='frappe.core.doctype.scheduled_job_type.scheduled_job_type.run_scheduled_jo..., site='task.local', user='Administrator') (task.local::scheduled_job::frappe.email.doctype.email_account.email_account.notify_unreplied)
2026-05-01 02:30:37,111 home-mahmoudtawfeek-task-manger:default: Job OK (task.local::scheduled_job::frappe.email.doctype.email_account.email_account.notify_unreplied)
2026-05-01 02:30:37,111 Result is kept for 600 seconds
2026-05-01 02:30:37,124 home-mahmoudtawfeek-task-manger:default: frappe.utils.background_jobs.execute_job(event=None, is_async=True, job_name='frappe.core.doctype.scheduled_job_type.scheduled_job_type.run_scheduled_jo..., kwargs={'job_type': 'frappe.email.doctype.email_account.email_account.pull'}, method='frappe.core.doctype.scheduled_job_type.scheduled_job_type.run_scheduled_jo..., site='task.local', user='Administrator') (task.local::scheduled_job::frappe.email.doctype.email_account.email_account.pull)
2026-05-01 02:30:41,359 home-mahmoudtawfeek-task-manger:default: Job OK (task.local::scheduled_job::frappe.email.doctype.email_account.email_account.pull)
2026-05-01 02:30:41,360 Result is kept for 600 seconds
2026-05-01 02:30:41,372 home-mahmoudtawfeek-task-manger:default: frappe.utils.background_jobs.execute_job(event=None, is_async=True, job_name='frappe.core.doctype.scheduled_job_type.scheduled_job_type.run_scheduled_jo..., kwargs={'job_type': 'frappe.search.sqlite_search.build_index_if_not_exists'}, method='frappe.core.doctype.scheduled_job_type.scheduled_job_type.run_scheduled_jo..., site='task.local', user='Administrator') (task.local::scheduled_job::frappe.search.sqlite_search.build_index_if_not_exists)
2026-05-01 02:30:42,031 home-mahmoudtawfeek-task-manger:default: Job OK (task.local::scheduled_job::frappe.search.sqlite_search.build_index_if_not_exists)
2026-05-01 02:30:42,032 Result is kept for 600 seconds
2026-05-01 02:30:42,048 home-mahmoudtawfeek-task-manger:default: frappe.utils.background_jobs.execute_job(event=None, is_async=True, job_name='frappe.core.doctype.scheduled_job_type.scheduled_job_type.run_scheduled_jo..., kwargs={'job_type': 'frappe.utils.global_search.sync_global_search'}, method='frappe.core.doctype.scheduled_job_type.scheduled_job_type.run_scheduled_jo..., site='task.local', user='Administrator') (task.local::scheduled_job::frappe.utils.global_search.sync_global_search)
2026-05-01 02:30:43,124 home-mahmoudtawfeek-task-manger:default: Job OK (task.local::scheduled_job::frappe.utils.global_search.sync_global_search)
2026-05-01 02:30:43,125 Result is kept for 600 seconds
2026-05-01 02:30:43,167 home-mahmoudtawfeek-task-manger:default: frappe.utils.background_jobs.execute_job(event=None, is_async=True, job_name='frappe.core.doctype.scheduled_job_type.scheduled_job_type.run_scheduled_jo..., kwargs={'job_type': 'frappe.model.utils.link_count.update_link_count'}, method='frappe.core.doctype.scheduled_job_type.scheduled_job_type.run_scheduled_jo..., site='task.local', user='Administrator') (task.local::scheduled_job::frappe.model.utils.link_count.update_link_count)
2026-05-01 02:30:43,784 home-mahmoudtawfeek-task-manger:default: Job OK (task.local::scheduled_job::frappe.model.utils.link_count.update_link_count)
2026-05-01 02:30:43,784 Result is kept for 600 seconds
2026-05-01 02:30:43,792 home-mahmoudtawfeek-task-manger:default: frappe.utils.background_jobs.execute_job(event=None, is_async=True, job_name='frappe.core.doctype.scheduled_job_type.scheduled_job_type.run_scheduled_jo..., kwargs={'job_type': 'erpnext.accounts.doctype.gl_entry.gl_entry.rename_gle_sle_doc..., method='frappe.core.doctype.scheduled_job_type.scheduled_job_type.run_scheduled_jo..., site='task.local', user='Administrator') (task.local::scheduled_job::erpnext.accounts.doctype.gl_entry.gl_entry.rename_gle_sle_docs)
2026-05-01 02:30:47,640 home-mahmoudtawfeek-task-manger:default: Job OK (task.local::scheduled_job::erpnext.accounts.doctype.gl_entry.gl_entry.rename_gle_sle_docs)
2026-05-01 02:30:47,641 Result is kept for 600 seconds
2026-05-01 02:30:47,660 home-mahmoudtawfeek-task-manger:default: frappe.utils.background_jobs.execute_job(event=None, is_async=True, job_name='frappe.core.doctype.scheduled_job_type.scheduled_job_type.run_scheduled_jo..., kwargs={'job_type': 'frappe.automation.doctype.reminder.reminder.send_reminders'}, method='frappe.core.doctype.scheduled_job_type.scheduled_job_type.run_scheduled_jo..., site='task.local', user='Administrator') (task.local::scheduled_job::frappe.automation.doctype.reminder.reminder.send_reminders)
2026-05-01 02:30:48,624 home-mahmoudtawfeek-task-manger:default: Job OK (task.local::scheduled_job::frappe.automation.doctype.reminder.reminder.send_reminders)
2026-05-01 02:30:48,624 Result is kept for 600 seconds
2026-05-01 02:30:48,636 home-mahmoudtawfeek-task-manger:default: frappe.utils.background_jobs.execute_job(event=None, is_async=True, job_name='frappe.core.doctype.scheduled_job_type.scheduled_job_type.run_scheduled_jo..., kwargs={'job_type': 'erpnext.manufacturing.doctype.bom_update_log.bom_update_log.r..., method='frappe.core.doctype.scheduled_job_type.scheduled_job_type.run_scheduled_jo..., site='task.local', user='Administrator') (task.local::scheduled_job::erpnext.manufacturing.doctype.bom_update_log.bom_update_log.resume_bom_cost_update_jobs)
2026-05-01 02:30:49,445 home-mahmoudtawfeek-task-manger:default: Job OK (task.local::scheduled_job::erpnext.manufacturing.doctype.bom_update_log.bom_update_log.resume_bom_cost_update_jobs)
2026-05-01 02:30:49,445 Result is kept for 600 seconds
2026-05-01 02:32:26,332 home-mahmoudtawfeek-task-manger:default: frappe.utils.background_jobs.execute_job(event=None, is_async=True, job_name='frappe.core.doctype.scheduled_job_type.scheduled_job_type.run_scheduled_jo..., kwargs={'job_type': 'frappe.email.queue.retry_sending_emails'}, method='frappe.core.doctype.scheduled_job_type.scheduled_job_type.run_scheduled_jo..., site='task.local', user='Administrator') (task.local::scheduled_job::frappe.email.queue.retry_sending_emails)
2026-05-01 02:32:28,525 home-mahmoudtawfeek-task-manger:default: Job OK (task.local::scheduled_job::frappe.email.queue.retry_sending_emails)
2026-05-01 02:32:28,526 Result is kept for 600 seconds
2026-05-01 02:32:28,536 home-mahmoudtawfeek-task-manger:default: frappe.utils.background_jobs.execute_job(event=None, is_async=True, job_name='frappe.core.doctype.scheduled_job_type.scheduled_job_type.run_scheduled_jo..., kwargs={'job_type': 'frappe.email.queue.flush'}, method='frappe.core.doctype.scheduled_job_type.scheduled_job_type.run_scheduled_jo..., site='task.local', user='Administrator') (task.local::scheduled_job::frappe.email.queue.flush)
2026-05-01 02:32:31,708 home-mahmoudtawfeek-task-manger:default: Job OK (task.local::scheduled_job::frappe.email.queue.flush)
2026-05-01 02:32:31,708 Result is kept for 600 seconds
2026-05-01 02:32:31,716 home-mahmoudtawfeek-task-manger:default: frappe.utils.background_jobs.execute_job(event=None, is_async=True, job_name='frappe.core.doctype.scheduled_job_type.scheduled_job_type.run_scheduled_jo..., kwargs={'job_type': 'frappe.monitor.flush'}, method='frappe.core.doctype.scheduled_job_type.scheduled_job_type.run_scheduled_jo..., site='task.local', user='Administrator') (task.local::scheduled_job::frappe.monitor.flush)
2026-05-01 02:32:32,865 home-mahmoudtawfeek-task-manger:default: Job OK (task.local::scheduled_job::frappe.monitor.flush)
2026-05-01 02:32:32,866 Result is kept for 600 seconds
2026-05-01 02:32:32,879 home-mahmoudtawfeek-task-manger:default: frappe.utils.background_jobs.execute_job(event=None, is_async=True, job_name='frappe.core.doctype.scheduled_job_type.scheduled_job_type.run_scheduled_jo..., kwargs={'job_type': 'frappe.integrations.doctype.google_calendar.google_calendar.s..., method='frappe.core.doctype.scheduled_job_type.scheduled_job_type.run_scheduled_jo..., site='task.local', user='Administrator') (task.local::scheduled_job::frappe.integrations.doctype.google_calendar.google_calendar.sync)
2026-05-01 02:32:35,701 home-mahmoudtawfeek-task-manger:default: Job OK (task.local::scheduled_job::frappe.integrations.doctype.google_calendar.google_calendar.sync)
2026-05-01 02:32:35,701 Result is kept for 600 seconds
2026-05-01 02:36:27,413 home-mahmoudtawfeek-task-manger:default: frappe.utils.background_jobs.execute_job(event=None, is_async=True, job_name='frappe.core.doctype.scheduled_job_type.scheduled_job_type.run_scheduled_jo..., kwargs={'job_type': 'frappe.monitor.flush'}, method='frappe.core.doctype.scheduled_job_type.scheduled_job_type.run_scheduled_jo..., site='task.local', user='Administrator') (task.local::scheduled_job::frappe.monitor.flush)
2026-05-01 02:36:27,859 home-mahmoudtawfeek-task-manger:default: Job OK (task.local::scheduled_job::frappe.monitor.flush)
2026-05-01 02:36:27,860 Result is kept for 600 seconds
2026-05-01 02:36:27,912 home-mahmoudtawfeek-task-manger:default: frappe.utils.background_jobs.execute_job(event=None, is_async=True, job_name='frappe.core.doctype.scheduled_job_type.scheduled_job_type.run_scheduled_jo..., kwargs={'job_type': 'frappe.email.queue.retry_sending_emails'}, method='frappe.core.doctype.scheduled_job_type.scheduled_job_type.run_scheduled_jo..., site='task.local', user='Administrator') (task.local::scheduled_job::frappe.email.queue.retry_sending_emails)
2026-05-01 02:36:28,757 home-mahmoudtawfeek-task-manger:default: Job OK (task.local::scheduled_job::frappe.email.queue.retry_sending_emails)
2026-05-01 02:36:28,757 Result is kept for 600 seconds
2026-05-01 02:36:28,764 home-mahmoudtawfeek-task-manger:default: frappe.utils.background_jobs.execute_job(event=None, is_async=True, job_name='frappe.core.doctype.scheduled_job_type.scheduled_job_type.run_scheduled_jo..., kwargs={'job_type': 'frappe.email.queue.flush'}, method='frappe.core.doctype.scheduled_job_type.scheduled_job_type.run_scheduled_jo..., site='task.local', user='Administrator') (task.local::scheduled_job::frappe.email.queue.flush)
2026-05-01 02:36:29,750 home-mahmoudtawfeek-task-manger:default: Job OK (task.local::scheduled_job::frappe.email.queue.flush)
2026-05-01 02:36:29,750 Result is kept for 600 seconds
2026-05-01 02:36:29,759 home-mahmoudtawfeek-task-manger:default: frappe.utils.background_jobs.execute_job(event=None, is_async=True, job_name='frappe.core.doctype.scheduled_job_type.scheduled_job_type.run_scheduled_jo..., kwargs={'job_type': 'frappe.integrations.doctype.google_calendar.google_calendar.s..., method='frappe.core.doctype.scheduled_job_type.scheduled_job_type.run_scheduled_jo..., site='task.local', user='Administrator') (task.local::scheduled_job::frappe.integrations.doctype.google_calendar.google_calendar.sync)
2026-05-01 02:36:30,339 home-mahmoudtawfeek-task-manger:default: Job OK (task.local::scheduled_job::frappe.integrations.doctype.google_calendar.google_calendar.sync)
2026-05-01 02:36:30,339 Result is kept for 600 seconds
2026-05-01 02:40:28,287 home-mahmoudtawfeek-task-manger:default: frappe.utils.background_jobs.execute_job(event=None, is_async=True, job_name='frappe.core.doctype.scheduled_job_type.scheduled_job_type.run_scheduled_jo..., kwargs={'job_type': 'frappe.monitor.flush'}, method='frappe.core.doctype.scheduled_job_type.scheduled_job_type.run_scheduled_jo..., site='task.local', user='Administrator') (task.local::scheduled_job::frappe.monitor.flush)
2026-05-01 02:40:28,703 home-mahmoudtawfeek-task-manger:default: Job OK (task.local::scheduled_job::frappe.monitor.flush)
2026-05-01 02:40:28,704 Result is kept for 600 seconds
2026-05-01 02:40:28,717 home-mahmoudtawfeek-task-manger:default: frappe.utils.background_jobs.execute_job(event=None, is_async=True, job_name='frappe.core.doctype.scheduled_job_type.scheduled_job_type.run_scheduled_jo..., kwargs={'job_type': 'frappe.email.doctype.email_account.email_account.pull'}, method='frappe.core.doctype.scheduled_job_type.scheduled_job_type.run_scheduled_jo..., site='task.local', user='Administrator') (task.local::scheduled_job::frappe.email.doctype.email_account.email_account.pull)
2026-05-01 02:40:32,672 home-mahmoudtawfeek-task-manger:default: Job OK (task.local::scheduled_job::frappe.email.doctype.email_account.email_account.pull)
2026-05-01 02:40:32,673 Result is kept for 600 seconds
2026-05-01 02:40:32,680 home-mahmoudtawfeek-task-manger:default: frappe.utils.background_jobs.execute_job(event=None, is_async=True, job_name='frappe.core.doctype.scheduled_job_type.scheduled_job_type.run_scheduled_jo..., kwargs={'job_type': 'frappe.email.queue.flush'}, method='frappe.core.doctype.scheduled_job_type.scheduled_job_type.run_scheduled_jo..., site='task.local', user='Administrator') (task.local::scheduled_job::frappe.email.queue.flush)
2026-05-01 02:40:34,067 home-mahmoudtawfeek-task-manger:default: Job OK (task.local::scheduled_job::frappe.email.queue.flush)
2026-05-01 02:40:34,068 Result is kept for 600 seconds
2026-05-01 02:40:34,075 Cleaning registries for queue: home-mahmoudtawfeek-task-manger:short
2026-05-01 02:40:34,212 Cleaning registries for queue: home-mahmoudtawfeek-task-manger:default
2026-05-01 02:40:34,215 Cleaning registries for queue: home-mahmoudtawfeek-task-manger:long
2026-05-01 02:40:34,219 home-mahmoudtawfeek-task-manger:default: frappe.utils.background_jobs.execute_job(event=None, is_async=True, job_name='frappe.core.doctype.scheduled_job_type.scheduled_job_type.run_scheduled_jo..., kwargs={'job_type': 'frappe.integrations.doctype.google_calendar.google_calendar.s..., method='frappe.core.doctype.scheduled_job_type.scheduled_job_type.run_scheduled_jo..., site='task.local', user='Administrator') (task.local::scheduled_job::frappe.integrations.doctype.google_calendar.google_calendar.sync)
2026-05-01 02:40:34,953 home-mahmoudtawfeek-task-manger:default: Job OK (task.local::scheduled_job::frappe.integrations.doctype.google_calendar.google_calendar.sync)
2026-05-01 02:40:34,954 Result is kept for 600 seconds
2026-05-01 02:40:34,962 home-mahmoudtawfeek-task-manger:default: frappe.utils.background_jobs.execute_job(event=None, is_async=True, job_name='frappe.core.doctype.scheduled_job_type.scheduled_job_type.run_scheduled_jo..., kwargs={'job_type': 'frappe.email.queue.retry_sending_emails'}, method='frappe.core.doctype.scheduled_job_type.scheduled_job_type.run_scheduled_jo..., site='task.local', user='Administrator') (task.local::scheduled_job::frappe.email.queue.retry_sending_emails)
2026-05-01 02:40:36,321 home-mahmoudtawfeek-task-manger:default: Job OK (task.local::scheduled_job::frappe.email.queue.retry_sending_emails)
2026-05-01 02:40:36,321 Result is kept for 600 seconds
2026-05-01 02:44:29,363 home-mahmoudtawfeek-task-manger:default: frappe.utils.background_jobs.execute_job(event=None, is_async=True, job_name='frappe.core.doctype.scheduled_job_type.scheduled_job_type.run_scheduled_jo..., kwargs={'job_type': 'frappe.email.queue.retry_sending_emails'}, method='frappe.core.doctype.scheduled_job_type.scheduled_job_type.run_scheduled_jo..., site='task.local', user='Administrator') (task.local::scheduled_job::frappe.email.queue.retry_sending_emails)
2026-05-01 02:44:31,349 home-mahmoudtawfeek-task-manger:default: Job OK (task.local::scheduled_job::frappe.email.queue.retry_sending_emails)
2026-05-01 02:44:31,350 Result is kept for 600 seconds
2026-05-01 02:44:31,399 home-mahmoudtawfeek-task-manger:default: frappe.utils.background_jobs.execute_job(event=None, is_async=True, job_name='frappe.core.doctype.scheduled_job_type.scheduled_job_type.run_scheduled_jo..., kwargs={'job_type': 'frappe.email.queue.flush'}, method='frappe.core.doctype.scheduled_job_type.scheduled_job_type.run_scheduled_jo..., site='task.local', user='Administrator') (task.local::scheduled_job::frappe.email.queue.flush)
2026-05-01 02:44:32,896 home-mahmoudtawfeek-task-manger:default: Job OK (task.local::scheduled_job::frappe.email.queue.flush)
2026-05-01 02:44:32,898 Result is kept for 600 seconds
2026-05-01 02:44:32,910 home-mahmoudtawfeek-task-manger:default: frappe.utils.background_jobs.execute_job(event=None, is_async=True, job_name='frappe.core.doctype.scheduled_job_type.scheduled_job_type.run_scheduled_jo..., kwargs={'job_type': 'frappe.monitor.flush'}, method='frappe.core.doctype.scheduled_job_type.scheduled_job_type.run_scheduled_jo..., site='task.local', user='Administrator') (task.local::scheduled_job::frappe.monitor.flush)
2026-05-01 02:44:33,324 home-mahmoudtawfeek-task-manger:default: Job OK (task.local::scheduled_job::frappe.monitor.flush)
2026-05-01 02:44:33,324 Result is kept for 600 seconds
2026-05-01 02:44:33,334 home-mahmoudtawfeek-task-manger:default: frappe.utils.background_jobs.execute_job(event=None, is_async=True, job_name='frappe.core.doctype.scheduled_job_type.scheduled_job_type.run_scheduled_jo..., kwargs={'job_type': 'frappe.integrations.doctype.google_calendar.google_calendar.s..., method='frappe.core.doctype.scheduled_job_type.scheduled_job_type.run_scheduled_jo..., site='task.local', user='Administrator') (task.local::scheduled_job::frappe.integrations.doctype.google_calendar.google_calendar.sync)
2026-05-01 02:44:34,313 home-mahmoudtawfeek-task-manger:default: Job OK (task.local::scheduled_job::frappe.integrations.doctype.google_calendar.google_calendar.sync)
2026-05-01 02:44:34,314 Result is kept for 600 seconds
2026-05-01 02:45:29,868 home-mahmoudtawfeek-task-manger:default: frappe.utils.background_jobs.execute_job(event=None, is_async=True, job_name='frappe.core.doctype.scheduled_job_type.scheduled_job_type.run_scheduled_jo..., kwargs={'job_type': 'frappe.model.utils.link_count.update_link_count'}, method='frappe.core.doctype.scheduled_job_type.scheduled_job_type.run_scheduled_jo..., site='task.local', user='Administrator') (task.local::scheduled_job::frappe.model.utils.link_count.update_link_count)
2026-05-01 02:45:31,131 home-mahmoudtawfeek-task-manger:default: Job OK (task.local::scheduled_job::frappe.model.utils.link_count.update_link_count)
2026-05-01 02:45:31,132 Result is kept for 600 seconds
2026-05-01 02:45:31,154 home-mahmoudtawfeek-task-manger:default: frappe.utils.background_jobs.execute_job(event=None, is_async=True, job_name='frappe.core.doctype.scheduled_job_type.scheduled_job_type.run_scheduled_jo..., kwargs={'job_type': 'frappe.email.doctype.email_account.email_account.notify_unrep..., method='frappe.core.doctype.scheduled_job_type.scheduled_job_type.run_scheduled_jo..., site='task.local', user='Administrator') (task.local::scheduled_job::frappe.email.doctype.email_account.email_account.notify_unreplied)
2026-05-01 02:45:32,155 home-mahmoudtawfeek-task-manger:default: Job OK (task.local::scheduled_job::frappe.email.doctype.email_account.email_account.notify_unreplied)
2026-05-01 02:45:32,155 Result is kept for 600 seconds
2026-05-01 02:45:32,168 home-mahmoudtawfeek-task-manger:default: frappe.utils.background_jobs.execute_job(event=None, is_async=True, job_name='frappe.core.doctype.scheduled_job_type.scheduled_job_type.run_scheduled_jo..., kwargs={'job_type': 'frappe.automation.doctype.reminder.reminder.send_reminders'}, method='frappe.core.doctype.scheduled_job_type.scheduled_job_type.run_scheduled_jo..., site='task.local', user='Administrator') (task.local::scheduled_job::frappe.automation.doctype.reminder.reminder.send_reminders)
2026-05-01 02:45:33,788 home-mahmoudtawfeek-task-manger:default: Job OK (task.local::scheduled_job::frappe.automation.doctype.reminder.reminder.send_reminders)
2026-05-01 02:45:33,789 Result is kept for 600 seconds
2026-05-01 02:45:33,816 home-mahmoudtawfeek-task-manger:default: frappe.utils.background_jobs.execute_job(event=None, is_async=True, job_name='frappe.core.doctype.scheduled_job_type.scheduled_job_type.run_scheduled_jo..., kwargs={'job_type': 'frappe.utils.global_search.sync_global_search'}, method='frappe.core.doctype.scheduled_job_type.scheduled_job_type.run_scheduled_jo..., site='task.local', user='Administrator') (task.local::scheduled_job::frappe.utils.global_search.sync_global_search)
2026-05-01 02:45:34,477 home-mahmoudtawfeek-task-manger:default: Job OK (task.local::scheduled_job::frappe.utils.global_search.sync_global_search)
2026-05-01 02:45:34,478 Result is kept for 600 seconds
2026-05-01 02:45:34,501 home-mahmoudtawfeek-task-manger:default: frappe.utils.background_jobs.execute_job(event=None, is_async=True, job_name='frappe.core.doctype.scheduled_job_type.scheduled_job_type.run_scheduled_jo..., kwargs={'job_type': 'erpnext.manufacturing.doctype.bom_update_log.bom_update_log.r..., method='frappe.core.doctype.scheduled_job_type.scheduled_job_type.run_scheduled_jo..., site='task.local', user='Administrator') (task.local::scheduled_job::erpnext.manufacturing.doctype.bom_update_log.bom_update_log.resume_bom_cost_update_jobs)
2026-05-01 02:45:37,305 home-mahmoudtawfeek-task-manger:default: Job OK (task.local::scheduled_job::erpnext.manufacturing.doctype.bom_update_log.bom_update_log.resume_bom_cost_update_jobs)
2026-05-01 02:45:37,305 Result is kept for 600 seconds
2026-05-01 02:45:37,319 home-mahmoudtawfeek-task-manger:default: frappe.utils.background_jobs.execute_job(event=None, is_async=True, job_name='frappe.core.doctype.scheduled_job_type.scheduled_job_type.run_scheduled_jo..., kwargs={'job_type': 'frappe.deferred_insert.save_to_db'}, method='frappe.core.doctype.scheduled_job_type.scheduled_job_type.run_scheduled_jo..., site='task.local', user='Administrator') (task.local::scheduled_job::frappe.deferred_insert.save_to_db)
2026-05-01 02:45:39,485 home-mahmoudtawfeek-task-manger:default: Job OK (task.local::scheduled_job::frappe.deferred_insert.save_to_db)
2026-05-01 02:45:39,486 Result is kept for 600 seconds
2026-05-01 02:45:39,505 home-mahmoudtawfeek-task-manger:default: frappe.utils.background_jobs.execute_job(event=None, is_async=True, job_name='frappe.core.doctype.scheduled_job_type.scheduled_job_type.run_scheduled_jo..., kwargs={'job_type': 'frappe.utils.telemetry.pulse.client.send_queued_events'}, method='frappe.core.doctype.scheduled_job_type.scheduled_job_type.run_scheduled_jo..., site='task.local', user='Administrator') (task.local::scheduled_job::frappe.utils.telemetry.pulse.client.send_queued_events)
2026-05-01 02:45:42,604 home-mahmoudtawfeek-task-manger:default: Job OK (task.local::scheduled_job::frappe.utils.telemetry.pulse.client.send_queued_events)
2026-05-01 02:45:42,604 Result is kept for 600 seconds
2026-05-01 02:45:42,621 home-mahmoudtawfeek-task-manger:default: frappe.utils.background_jobs.execute_job(event=None, is_async=True, job_name='frappe.core.doctype.scheduled_job_type.scheduled_job_type.run_scheduled_jo..., kwargs={'job_type': 'frappe.search.sqlite_search.build_index_if_not_exists'}, method='frappe.core.doctype.scheduled_job_type.scheduled_job_type.run_scheduled_jo..., site='task.local', user='Administrator') (task.local::scheduled_job::frappe.search.sqlite_search.build_index_if_not_exists)
2026-05-01 02:45:43,869 home-mahmoudtawfeek-task-manger:default: Job OK (task.local::scheduled_job::frappe.search.sqlite_search.build_index_if_not_exists)
2026-05-01 02:45:43,870 Result is kept for 600 seconds
2026-05-01 02:48:32,185 home-mahmoudtawfeek-task-manger:default: frappe.utils.background_jobs.execute_job(event=None, is_async=True, job_name='frappe.core.doctype.scheduled_job_type.scheduled_job_type.run_scheduled_jo..., kwargs={'job_type': 'frappe.email.queue.flush'}, method='frappe.core.doctype.scheduled_job_type.scheduled_job_type.run_scheduled_jo..., site='task.local', user='Administrator') (task.local::scheduled_job::frappe.email.queue.flush)
2026-05-01 02:48:33,501 home-mahmoudtawfeek-task-manger:default: Job OK (task.local::scheduled_job::frappe.email.queue.flush)
2026-05-01 02:48:33,501 Result is kept for 600 seconds
2026-05-01 02:48:33,513 home-mahmoudtawfeek-task-manger:default: frappe.utils.background_jobs.execute_job(event=None, is_async=True, job_name='frappe.core.doctype.scheduled_job_type.scheduled_job_type.run_scheduled_jo..., kwargs={'job_type': 'frappe.email.queue.retry_sending_emails'}, method='frappe.core.doctype.scheduled_job_type.scheduled_job_type.run_scheduled_jo..., site='task.local', user='Administrator') (task.local::scheduled_job::frappe.email.queue.retry_sending_emails)
2026-05-01 02:48:34,583 home-mahmoudtawfeek-task-manger:default: Job OK (task.local::scheduled_job::frappe.email.queue.retry_sending_emails)
2026-05-01 02:48:34,585 Result is kept for 600 seconds
2026-05-01 02:48:34,617 home-mahmoudtawfeek-task-manger:default: frappe.utils.background_jobs.execute_job(event=None, is_async=True, job_name='frappe.core.doctype.scheduled_job_type.scheduled_job_type.run_scheduled_jo..., kwargs={'job_type': 'frappe.integrations.doctype.google_calendar.google_calendar.s..., method='frappe.core.doctype.scheduled_job_type.scheduled_job_type.run_scheduled_jo..., site='task.local', user='Administrator') (task.local::scheduled_job::frappe.integrations.doctype.google_calendar.google_calendar.sync)
2026-05-01 02:48:35,469 home-mahmoudtawfeek-task-manger:default: Job OK (task.local::scheduled_job::frappe.integrations.doctype.google_calendar.google_calendar.sync)
2026-05-01 02:48:35,470 Result is kept for 600 seconds
2026-05-01 02:48:35,498 home-mahmoudtawfeek-task-manger:default: frappe.utils.background_jobs.execute_job(event=None, is_async=True, job_name='frappe.core.doctype.scheduled_job_type.scheduled_job_type.run_scheduled_jo..., kwargs={'job_type': 'frappe.monitor.flush'}, method='frappe.core.doctype.scheduled_job_type.scheduled_job_type.run_scheduled_jo..., site='task.local', user='Administrator') (task.local::scheduled_job::frappe.monitor.flush)
2026-05-01 02:48:36,108 home-mahmoudtawfeek-task-manger:default: Job OK (task.local::scheduled_job::frappe.monitor.flush)
2026-05-01 02:48:36,109 Result is kept for 600 seconds
2026-05-01 02:50:32,900 home-mahmoudtawfeek-task-manger:default: frappe.utils.background_jobs.execute_job(event=None, is_async=True, job_name='frappe.core.doctype.scheduled_job_type.scheduled_job_type.run_scheduled_jo..., kwargs={'job_type': 'frappe.email.doctype.email_account.email_account.pull'}, method='frappe.core.doctype.scheduled_job_type.scheduled_job_type.run_scheduled_jo..., site='task.local', user='Administrator') (task.local::scheduled_job::frappe.email.doctype.email_account.email_account.pull)
2026-05-01 02:50:36,548 home-mahmoudtawfeek-task-manger:default: Job OK (task.local::scheduled_job::frappe.email.doctype.email_account.email_account.pull)
2026-05-01 02:50:36,548 Result is kept for 600 seconds
2026-05-01 02:52:33,426 home-mahmoudtawfeek-task-manger:default: frappe.utils.background_jobs.execute_job(event=None, is_async=True, job_name='frappe.core.doctype.scheduled_job_type.scheduled_job_type.run_scheduled_jo..., kwargs={'job_type': 'frappe.email.queue.retry_sending_emails'}, method='frappe.core.doctype.scheduled_job_type.scheduled_job_type.run_scheduled_jo..., site='task.local', user='Administrator') (task.local::scheduled_job::frappe.email.queue.retry_sending_emails)
2026-05-01 02:52:35,367 home-mahmoudtawfeek-task-manger:default: Job OK (task.local::scheduled_job::frappe.email.queue.retry_sending_emails)
2026-05-01 02:52:35,368 Result is kept for 600 seconds
2026-05-01 02:52:35,384 home-mahmoudtawfeek-task-manger:default: frappe.utils.background_jobs.execute_job(event=None, is_async=True, job_name='frappe.core.doctype.scheduled_job_type.scheduled_job_type.run_scheduled_jo..., kwargs={'job_type': 'frappe.integrations.doctype.google_calendar.google_calendar.s..., method='frappe.core.doctype.scheduled_job_type.scheduled_job_type.run_scheduled_jo..., site='task.local', user='Administrator') (task.local::scheduled_job::frappe.integrations.doctype.google_calendar.google_calendar.sync)
2026-05-01 02:52:36,282 home-mahmoudtawfeek-task-manger:default: Job OK (task.local::scheduled_job::frappe.integrations.doctype.google_calendar.google_calendar.sync)
2026-05-01 02:52:36,284 Result is kept for 600 seconds
2026-05-01 02:52:36,309 home-mahmoudtawfeek-task-manger:default: frappe.utils.background_jobs.execute_job(event=None, is_async=True, job_name='frappe.core.doctype.scheduled_job_type.scheduled_job_type.run_scheduled_jo..., kwargs={'job_type': 'frappe.email.queue.flush'}, method='frappe.core.doctype.scheduled_job_type.scheduled_job_type.run_scheduled_jo..., site='task.local', user='Administrator') (task.local::scheduled_job::frappe.email.queue.flush)
2026-05-01 02:52:37,523 home-mahmoudtawfeek-task-manger:default: Job OK (task.local::scheduled_job::frappe.email.queue.flush)
2026-05-01 02:52:37,523 Result is kept for 600 seconds
2026-05-01 02:52:37,531 home-mahmoudtawfeek-task-manger:default: frappe.utils.background_jobs.execute_job(event=None, is_async=True, job_name='frappe.core.doctype.scheduled_job_type.scheduled_job_type.run_scheduled_jo..., kwargs={'job_type': 'frappe.monitor.flush'}, method='frappe.core.doctype.scheduled_job_type.scheduled_job_type.run_scheduled_jo..., site='task.local', user='Administrator') (task.local::scheduled_job::frappe.monitor.flush)
2026-05-01 02:52:37,822 home-mahmoudtawfeek-task-manger:default: Job OK (task.local::scheduled_job::frappe.monitor.flush)
2026-05-01 02:52:37,822 Result is kept for 600 seconds
2026-05-01 02:56:42,015 home-mahmoudtawfeek-task-manger:default: frappe.utils.background_jobs.execute_job(event=None, is_async=True, job_name='frappe.core.doctype.scheduled_job_type.scheduled_job_type.run_scheduled_jo..., kwargs={'job_type': 'frappe.integrations.doctype.google_calendar.google_calendar.s..., method='frappe.core.doctype.scheduled_job_type.scheduled_job_type.run_scheduled_jo..., site='task.local', user='Administrator') (task.local::scheduled_job::frappe.integrations.doctype.google_calendar.google_calendar.sync)
2026-05-01 02:57:42,185 home-mahmoudtawfeek-task-manger:default: Job OK (task.local::scheduled_job::frappe.integrations.doctype.google_calendar.google_calendar.sync)
2026-05-01 02:57:42,185 Result is kept for 600 seconds
2026-05-01 02:57:42,588 home-mahmoudtawfeek-task-manger:default: frappe.utils.background_jobs.execute_job(event=None, is_async=True, job_name='frappe.core.doctype.scheduled_job_type.scheduled_job_type.run_scheduled_jo..., kwargs={'job_type': 'frappe.monitor.flush'}, method='frappe.core.doctype.scheduled_job_type.scheduled_job_type.run_scheduled_jo..., site='task.local', user='Administrator') (task.local::scheduled_job::frappe.monitor.flush)
2026-05-01 02:57:43,490 home-mahmoudtawfeek-task-manger:default: Job OK (task.local::scheduled_job::frappe.monitor.flush)
2026-05-01 02:57:43,491 Result is kept for 600 seconds
2026-05-01 02:57:43,527 home-mahmoudtawfeek-task-manger:default: frappe.utils.background_jobs.execute_job(event=None, is_async=True, job_name='frappe.core.doctype.scheduled_job_type.scheduled_job_type.run_scheduled_jo..., kwargs={'job_type': 'frappe.email.queue.retry_sending_emails'}, method='frappe.core.doctype.scheduled_job_type.scheduled_job_type.run_scheduled_jo..., site='task.local', user='Administrator') (task.local::scheduled_job::frappe.email.queue.retry_sending_emails)
2026-05-01 02:57:48,418 home-mahmoudtawfeek-task-manger:default: Job OK (task.local::scheduled_job::frappe.email.queue.retry_sending_emails)
2026-05-01 02:57:48,419 Result is kept for 600 seconds
2026-05-01 02:57:48,435 home-mahmoudtawfeek-task-manger:default: frappe.utils.background_jobs.execute_job(event=None, is_async=True, job_name='frappe.core.doctype.scheduled_job_type.scheduled_job_type.run_scheduled_jo..., kwargs={'job_type': 'frappe.email.queue.flush'}, method='frappe.core.doctype.scheduled_job_type.scheduled_job_type.run_scheduled_jo..., site='task.local', user='Administrator') (task.local::scheduled_job::frappe.email.queue.flush)
2026-05-01 02:57:50,170 home-mahmoudtawfeek-task-manger:default: Job OK (task.local::scheduled_job::frappe.email.queue.flush)
2026-05-01 02:57:50,171 Result is kept for 600 seconds
2026-05-01 03:00:43,826 home-mahmoudtawfeek-task-manger:default: frappe.utils.background_jobs.execute_job(event=None, is_async=True, job_name='frappe.core.doctype.scheduled_job_type.scheduled_job_type.run_scheduled_jo..., kwargs={'job_type': 'frappe.monitor.flush'}, method='frappe.core.doctype.scheduled_job_type.scheduled_job_type.run_scheduled_jo..., site='task.local', user='Administrator') (task.local::scheduled_job::frappe.monitor.flush)
2026-05-01 03:00:45,178 home-mahmoudtawfeek-task-manger:default: Job OK (task.local::scheduled_job::frappe.monitor.flush)
2026-05-01 03:00:45,179 Result is kept for 600 seconds
2026-05-01 03:00:45,197 Cleaning registries for queue: home-mahmoudtawfeek-task-manger:short
2026-05-01 03:00:45,522 Cleaning registries for queue: home-mahmoudtawfeek-task-manger:default
2026-05-01 03:00:45,532 Cleaning registries for queue: home-mahmoudtawfeek-task-manger:long
2026-05-01 03:00:45,596 home-mahmoudtawfeek-task-manger:default: frappe.utils.background_jobs.execute_job(event=None, is_async=True, job_name='frappe.core.doctype.scheduled_job_type.scheduled_job_type.run_scheduled_jo..., kwargs={'job_type': 'frappe.utils.global_search.sync_global_search'}, method='frappe.core.doctype.scheduled_job_type.scheduled_job_type.run_scheduled_jo..., site='task.local', user='Administrator') (task.local::scheduled_job::frappe.utils.global_search.sync_global_search)
2026-05-01 03:00:51,345 home-mahmoudtawfeek-task-manger:default: Job OK (task.local::scheduled_job::frappe.utils.global_search.sync_global_search)
2026-05-01 03:00:51,346 Result is kept for 600 seconds
2026-05-01 03:00:51,361 home-mahmoudtawfeek-task-manger:default: frappe.utils.background_jobs.execute_job(event=None, is_async=True, job_name='frappe.core.doctype.scheduled_job_type.scheduled_job_type.run_scheduled_jo..., kwargs={'job_type': 'frappe.email.doctype.newsletter.newsletter.send_scheduled_ema..., method='frappe.core.doctype.scheduled_job_type.scheduled_job_type.run_scheduled_jo..., site='task.local', user='Administrator') (task.local::scheduled_job::frappe.email.doctype.newsletter.newsletter.send_scheduled_email)
2026-05-01 03:00:52,651 home-mahmoudtawfeek-task-manger:default: Job OK (task.local::scheduled_job::frappe.email.doctype.newsletter.newsletter.send_scheduled_email)
2026-05-01 03:00:52,651 Result is kept for 600 seconds
2026-05-01 03:00:52,659 home-mahmoudtawfeek-task-manger:default: frappe.utils.background_jobs.execute_job(event=None, is_async=True, job_name='frappe.core.doctype.scheduled_job_type.scheduled_job_type.run_scheduled_jo..., kwargs={'job_type': 'frappe.model.utils.link_count.update_link_count'}, method='frappe.core.doctype.scheduled_job_type.scheduled_job_type.run_scheduled_jo..., site='task.local', user='Administrator') (task.local::scheduled_job::frappe.model.utils.link_count.update_link_count)
2026-05-01 03:00:53,228 home-mahmoudtawfeek-task-manger:default: Job OK (task.local::scheduled_job::frappe.model.utils.link_count.update_link_count)
2026-05-01 03:00:53,228 Result is kept for 600 seconds
2026-05-01 03:00:53,243 home-mahmoudtawfeek-task-manger:default: frappe.utils.background_jobs.execute_job(event=None, is_async=True, job_name='frappe.core.doctype.scheduled_job_type.scheduled_job_type.run_scheduled_jo..., kwargs={'job_type': 'frappe.email.doctype.email_account.email_account.pull'}, method='frappe.core.doctype.scheduled_job_type.scheduled_job_type.run_scheduled_jo..., site='task.local', user='Administrator') (task.local::scheduled_job::frappe.email.doctype.email_account.email_account.pull)
2026-05-01 03:00:55,629 home-mahmoudtawfeek-task-manger:default: Job OK (task.local::scheduled_job::frappe.email.doctype.email_account.email_account.pull)
2026-05-01 03:00:55,630 Result is kept for 600 seconds
2026-05-01 03:00:55,648 home-mahmoudtawfeek-task-manger:default: frappe.utils.background_jobs.execute_job(event=None, is_async=True, job_name='frappe.core.doctype.scheduled_job_type.scheduled_job_type.run_scheduled_jo..., kwargs={'job_type': 'frappe.email.queue.retry_sending_emails'}, method='frappe.core.doctype.scheduled_job_type.scheduled_job_type.run_scheduled_jo..., site='task.local', user='Administrator') (task.local::scheduled_job::frappe.email.queue.retry_sending_emails)
2026-05-01 03:00:56,871 home-mahmoudtawfeek-task-manger:default: Job OK (task.local::scheduled_job::frappe.email.queue.retry_sending_emails)
2026-05-01 03:00:56,872 Result is kept for 600 seconds
2026-05-01 03:00:56,879 home-mahmoudtawfeek-task-manger:default: frappe.utils.background_jobs.execute_job(event=None, is_async=True, job_name='frappe.core.doctype.scheduled_job_type.scheduled_job_type.run_scheduled_jo..., kwargs={'job_type': 'frappe.integrations.doctype.google_calendar.google_calendar.s..., method='frappe.core.doctype.scheduled_job_type.scheduled_job_type.run_scheduled_jo..., site='task.local', user='Administrator') (task.local::scheduled_job::frappe.integrations.doctype.google_calendar.google_calendar.sync)
2026-05-01 03:00:57,484 home-mahmoudtawfeek-task-manger:default: Job OK (task.local::scheduled_job::frappe.integrations.doctype.google_calendar.google_calendar.sync)
2026-05-01 03:00:57,485 Result is kept for 600 seconds
2026-05-01 03:00:57,492 home-mahmoudtawfeek-task-manger:default: frappe.utils.background_jobs.execute_job(event=None, is_async=True, job_name='frappe.core.doctype.scheduled_job_type.scheduled_job_type.run_scheduled_jo..., kwargs={'job_type': 'frappe.automation.doctype.reminder.reminder.send_reminders'}, method='frappe.core.doctype.scheduled_job_type.scheduled_job_type.run_scheduled_jo..., site='task.local', user='Administrator') (task.local::scheduled_job::frappe.automation.doctype.reminder.reminder.send_reminders)
2026-05-01 03:00:59,860 home-mahmoudtawfeek-task-manger:default: Job OK (task.local::scheduled_job::frappe.automation.doctype.reminder.reminder.send_reminders)
2026-05-01 03:00:59,861 Result is kept for 600 seconds
2026-05-01 03:00:59,882 home-mahmoudtawfeek-task-manger:default: frappe.utils.background_jobs.execute_job(event=None, is_async=True, job_name='frappe.core.doctype.scheduled_job_type.scheduled_job_type.run_scheduled_jo..., kwargs={'job_type': 'frappe.email.queue.flush'}, method='frappe.core.doctype.scheduled_job_type.scheduled_job_type.run_scheduled_jo..., site='task.local', user='Administrator') (task.local::scheduled_job::frappe.email.queue.flush)
2026-05-01 03:01:00,995 home-mahmoudtawfeek-task-manger:default: Job OK (task.local::scheduled_job::frappe.email.queue.flush)
2026-05-01 03:01:00,996 Result is kept for 600 seconds
2026-05-01 03:01:01,003 home-mahmoudtawfeek-task-manger:default: frappe.utils.background_jobs.execute_job(event=None, is_async=True, job_name='frappe.core.doctype.scheduled_job_type.scheduled_job_type.run_scheduled_jo..., kwargs={'job_type': 'frappe.email.doctype.email_account.email_account.notify_unrep..., method='frappe.core.doctype.scheduled_job_type.scheduled_job_type.run_scheduled_jo..., site='task.local', user='Administrator') (task.local::scheduled_job::frappe.email.doctype.email_account.email_account.notify_unreplied)
2026-05-01 03:01:01,673 home-mahmoudtawfeek-task-manger:default: Job OK (task.local::scheduled_job::frappe.email.doctype.email_account.email_account.notify_unreplied)
2026-05-01 03:01:01,674 Result is kept for 600 seconds
2026-05-01 03:01:01,695 home-mahmoudtawfeek-task-manger:default: frappe.utils.background_jobs.execute_job(event=None, is_async=True, job_name='frappe.core.doctype.scheduled_job_type.scheduled_job_type.run_scheduled_jo..., kwargs={'job_type': 'erpnext.manufacturing.doctype.bom_update_log.bom_update_log.r..., method='frappe.core.doctype.scheduled_job_type.scheduled_job_type.run_scheduled_jo..., site='task.local', user='Administrator') (task.local::scheduled_job::erpnext.manufacturing.doctype.bom_update_log.bom_update_log.resume_bom_cost_update_jobs)
2026-05-01 03:01:02,436 home-mahmoudtawfeek-task-manger:default: Job OK (task.local::scheduled_job::erpnext.manufacturing.doctype.bom_update_log.bom_update_log.resume_bom_cost_update_jobs)
2026-05-01 03:01:02,437 Result is kept for 600 seconds
2026-05-01 03:01:02,460 home-mahmoudtawfeek-task-manger:default: frappe.utils.background_jobs.execute_job(event=None, is_async=True, job_name='frappe.core.doctype.scheduled_job_type.scheduled_job_type.run_scheduled_jo..., kwargs={'job_type': 'frappe.deferred_insert.save_to_db'}, method='frappe.core.doctype.scheduled_job_type.scheduled_job_type.run_scheduled_jo..., site='task.local', user='Administrator') (task.local::scheduled_job::frappe.deferred_insert.save_to_db)
2026-05-01 03:01:03,924 home-mahmoudtawfeek-task-manger:default: Job OK (task.local::scheduled_job::frappe.deferred_insert.save_to_db)
2026-05-01 03:01:03,924 Result is kept for 600 seconds
2026-05-01 03:01:03,942 home-mahmoudtawfeek-task-manger:default: frappe.utils.background_jobs.execute_job(event=None, is_async=True, job_name='frappe.core.doctype.scheduled_job_type.scheduled_job_type.run_scheduled_jo..., kwargs={'job_type': 'frappe.utils.telemetry.pulse.client.send_queued_events'}, method='frappe.core.doctype.scheduled_job_type.scheduled_job_type.run_scheduled_jo..., site='task.local', user='Administrator') (task.local::scheduled_job::frappe.utils.telemetry.pulse.client.send_queued_events)
2026-05-01 03:01:07,168 home-mahmoudtawfeek-task-manger:default: Job OK (task.local::scheduled_job::frappe.utils.telemetry.pulse.client.send_queued_events)
2026-05-01 03:01:07,169 Result is kept for 600 seconds
2026-05-01 03:01:07,195 home-mahmoudtawfeek-task-manger:default: frappe.utils.background_jobs.execute_job(event=None, is_async=True, job_name='frappe.core.doctype.scheduled_job_type.scheduled_job_type.run_scheduled_jo..., kwargs={'job_type': 'frappe.search.sqlite_search.build_index_if_not_exists'}, method='frappe.core.doctype.scheduled_job_type.scheduled_job_type.run_scheduled_jo..., site='task.local', user='Administrator') (task.local::scheduled_job::frappe.search.sqlite_search.build_index_if_not_exists)
2026-05-01 03:01:07,653 home-mahmoudtawfeek-task-manger:default: Job OK (task.local::scheduled_job::frappe.search.sqlite_search.build_index_if_not_exists)
2026-05-01 03:01:07,654 Result is kept for 600 seconds
2026-05-01 03:01:07,677 home-mahmoudtawfeek-task-manger:default: frappe.utils.background_jobs.execute_job(event=None, is_async=True, job_name='frappe.core.doctype.scheduled_job_type.scheduled_job_type.run_scheduled_jo..., kwargs={'job_type': 'erpnext.projects.doctype.project.project.hourly_reminder'}, method='frappe.core.doctype.scheduled_job_type.scheduled_job_type.run_scheduled_jo..., site='task.local', user='Administrator') (task.local::scheduled_job::erpnext.projects.doctype.project.project.hourly_reminder)
2026-05-01 03:01:11,171 home-mahmoudtawfeek-task-manger:default: Job OK (task.local::scheduled_job::erpnext.projects.doctype.project.project.hourly_reminder)
2026-05-01 03:01:11,172 Result is kept for 600 seconds
2026-05-01 03:01:11,200 home-mahmoudtawfeek-task-manger:long: frappe.utils.background_jobs.execute_job(event=None, is_async=True, job_name='frappe.core.doctype.scheduled_job_type.scheduled_job_type.run_scheduled_jo..., kwargs={'job_type': 'erpnext.projects.doctype.project.project.project_status_updat..., method='frappe.core.doctype.scheduled_job_type.scheduled_job_type.run_scheduled_jo..., site='task.local', user='Administrator') (task.local::scheduled_job::erpnext.projects.doctype.project.project.project_status_update_reminder)
2026-05-01 03:01:14,997 home-mahmoudtawfeek-task-manger:long: Job OK (task.local::scheduled_job::erpnext.projects.doctype.project.project.project_status_update_reminder)
2026-05-01 03:01:14,998 Result is kept for 600 seconds
2026-05-01 03:01:15,026 home-mahmoudtawfeek-task-manger:long: frappe.utils.background_jobs.execute_job(event=None, is_async=True, job_name='frappe.core.doctype.scheduled_job_type.scheduled_job_type.run_scheduled_jo..., kwargs={'job_type': 'frappe.website.doctype.web_page.web_page.check_publish_status..., method='frappe.core.doctype.scheduled_job_type.scheduled_job_type.run_scheduled_jo..., site='task.local', user='Administrator') (task.local::scheduled_job::frappe.website.doctype.web_page.web_page.check_publish_status)
2026-05-01 03:01:17,300 home-mahmoudtawfeek-task-manger:long: Job OK (task.local::scheduled_job::frappe.website.doctype.web_page.web_page.check_publish_status)
2026-05-01 03:01:17,301 Result is kept for 600 seconds
2026-05-01 03:01:17,322 home-mahmoudtawfeek-task-manger:long: frappe.utils.background_jobs.execute_job(event=None, is_async=True, job_name='frappe.core.doctype.scheduled_job_type.scheduled_job_type.run_scheduled_jo..., kwargs={'job_type': 'frappe.model.utils.user_settings.sync_user_settings'}, method='frappe.core.doctype.scheduled_job_type.scheduled_job_type.run_scheduled_jo..., site='task.local', user='Administrator') (task.local::scheduled_job::frappe.model.utils.user_settings.sync_user_settings)
2026-05-01 03:01:18,203 home-mahmoudtawfeek-task-manger:long: Job OK (task.local::scheduled_job::frappe.model.utils.user_settings.sync_user_settings)
2026-05-01 03:01:18,203 Result is kept for 600 seconds
2026-05-01 03:01:18,215 home-mahmoudtawfeek-task-manger:long: frappe.utils.background_jobs.execute_job(event=None, is_async=True, job_name='frappe.core.doctype.scheduled_job_type.scheduled_job_type.run_scheduled_jo..., kwargs={'job_type': 'frappe.twofactor.delete_all_barcodes_for_users'}, method='frappe.core.doctype.scheduled_job_type.scheduled_job_type.run_scheduled_jo..., site='task.local', user='Administrator') (task.local::scheduled_job::frappe.twofactor.delete_all_barcodes_for_users)
2026-05-01 03:01:18,956 home-mahmoudtawfeek-task-manger:long: Job OK (task.local::scheduled_job::frappe.twofactor.delete_all_barcodes_for_users)
2026-05-01 03:01:18,957 Result is kept for 600 seconds
2026-05-01 03:01:18,983 home-mahmoudtawfeek-task-manger:long: frappe.utils.background_jobs.execute_job(event=None, is_async=True, job_name='frappe.core.doctype.scheduled_job_type.scheduled_job_type.run_scheduled_jo..., kwargs={'job_type': 'erpnext.utilities.doctype.video.video.update_youtube_data'}, method='frappe.core.doctype.scheduled_job_type.scheduled_job_type.run_scheduled_jo..., site='task.local', user='Administrator') (task.local::scheduled_job::erpnext.utilities.doctype.video.video.update_youtube_data)
2026-05-01 03:01:22,192 home-mahmoudtawfeek-task-manger:long: Job OK (task.local::scheduled_job::erpnext.utilities.doctype.video.video.update_youtube_data)
2026-05-01 03:01:22,193 Result is kept for 600 seconds
2026-05-01 03:01:22,219 home-mahmoudtawfeek-task-manger:long: frappe.utils.background_jobs.execute_job(event=None, is_async=True, job_name='frappe.core.doctype.scheduled_job_type.scheduled_job_type.run_scheduled_jo..., kwargs={'job_type': 'frappe.core.doctype.prepared_report.prepared_report.expire_st..., method='frappe.core.doctype.scheduled_job_type.scheduled_job_type.run_scheduled_jo..., site='task.local', user='Administrator') (task.local::scheduled_job::frappe.core.doctype.prepared_report.prepared_report.expire_stalled_report)
2026-05-01 03:01:23,274 home-mahmoudtawfeek-task-manger:long: Job OK (task.local::scheduled_job::frappe.core.doctype.prepared_report.prepared_report.expire_stalled_report)
2026-05-01 03:01:23,276 Result is kept for 600 seconds
2026-05-01 03:01:23,300 home-mahmoudtawfeek-task-manger:long: frappe.utils.background_jobs.execute_job(event=None, is_async=True, job_name='frappe.core.doctype.scheduled_job_type.scheduled_job_type.run_scheduled_jo..., kwargs={'job_type': 'frappe.desk.utils.delete_old_exported_report_files'}, method='frappe.core.doctype.scheduled_job_type.scheduled_job_type.run_scheduled_jo..., site='task.local', user='Administrator') (task.local::scheduled_job::frappe.desk.utils.delete_old_exported_report_files)
2026-05-01 03:01:24,944 home-mahmoudtawfeek-task-manger:long: Job OK (task.local::scheduled_job::frappe.desk.utils.delete_old_exported_report_files)
2026-05-01 03:01:24,946 Result is kept for 600 seconds
2026-05-01 03:01:24,956 home-mahmoudtawfeek-task-manger:long: frappe.utils.background_jobs.execute_job(event=None, is_async=True, job_name='frappe.core.doctype.scheduled_job_type.scheduled_job_type.run_scheduled_jo..., kwargs={'job_type': 'erpnext.utilities.bulk_transaction.retry'}, method='frappe.core.doctype.scheduled_job_type.scheduled_job_type.run_scheduled_jo..., site='task.local', user='Administrator') (task.local::scheduled_job::erpnext.utilities.bulk_transaction.retry)
2026-05-01 03:01:25,852 home-mahmoudtawfeek-task-manger:long: Job OK (task.local::scheduled_job::erpnext.utilities.bulk_transaction.retry)
2026-05-01 03:01:25,853 Result is kept for 600 seconds
2026-05-01 03:01:25,879 home-mahmoudtawfeek-task-manger:long: frappe.utils.background_jobs.execute_job(event=None, is_async=True, job_name='frappe.core.doctype.scheduled_job_type.scheduled_job_type.run_scheduled_jo..., kwargs={'job_type': 'frappe.website.doctype.personal_data_deletion_request.persona..., method='frappe.core.doctype.scheduled_job_type.scheduled_job_type.run_scheduled_jo..., site='task.local', user='Administrator') (task.local::scheduled_job::frappe.website.doctype.personal_data_deletion_request.personal_data_deletion_request.process_data_deletion_request)
2026-05-01 03:01:26,852 home-mahmoudtawfeek-task-manger:long: Job OK (task.local::scheduled_job::frappe.website.doctype.personal_data_deletion_request.personal_data_deletion_request.process_data_deletion_request)
2026-05-01 03:01:26,853 Result is kept for 600 seconds
2026-05-01 03:01:26,873 home-mahmoudtawfeek-task-manger:long: frappe.utils.background_jobs.execute_job(event=None, is_async=True, job_name='frappe.core.doctype.scheduled_job_type.scheduled_job_type.run_scheduled_jo..., kwargs={'job_type': 'erpnext.erpnext_integrations.doctype.plaid_settings.plaid_set..., method='frappe.core.doctype.scheduled_job_type.scheduled_job_type.run_scheduled_jo..., site='task.local', user='Administrator') (task.local::scheduled_job::erpnext.erpnext_integrations.doctype.plaid_settings.plaid_settings.automatic_synchronization)
2026-05-01 03:01:27,693 home-mahmoudtawfeek-task-manger:long: Job OK (task.local::scheduled_job::erpnext.erpnext_integrations.doctype.plaid_settings.plaid_settings.automatic_synchronization)
2026-05-01 03:01:27,693 Result is kept for 600 seconds
2026-05-01 03:01:27,705 home-mahmoudtawfeek-task-manger:long: frappe.utils.background_jobs.execute_job(event=None, is_async=True, job_name='frappe.core.doctype.scheduled_job_type.scheduled_job_type.run_scheduled_jo..., kwargs={'job_type': 'erpnext.projects.doctype.project.project.collect_project_stat..., method='frappe.core.doctype.scheduled_job_type.scheduled_job_type.run_scheduled_jo..., site='task.local', user='Administrator') (task.local::scheduled_job::erpnext.projects.doctype.project.project.collect_project_status)
2026-05-01 03:01:28,529 home-mahmoudtawfeek-task-manger:long: Job OK (task.local::scheduled_job::erpnext.projects.doctype.project.project.collect_project_status)
2026-05-01 03:01:28,529 Result is kept for 600 seconds
2026-05-01 03:01:28,539 home-mahmoudtawfeek-task-manger:long: frappe.utils.background_jobs.execute_job(event=None, is_async=True, job_name='frappe.core.doctype.scheduled_job_type.scheduled_job_type.run_scheduled_jo..., kwargs={'job_type': 'frappe.oauth.delete_oauth2_data'}, method='frappe.core.doctype.scheduled_job_type.scheduled_job_type.run_scheduled_jo..., site='task.local', user='Administrator') (task.local::scheduled_job::frappe.oauth.delete_oauth2_data)
2026-05-01 03:01:29,724 home-mahmoudtawfeek-task-manger:long: Job OK (task.local::scheduled_job::frappe.oauth.delete_oauth2_data)
2026-05-01 03:01:29,724 Result is kept for 600 seconds
2026-05-01 03:01:29,734 home-mahmoudtawfeek-task-manger:long: frappe.utils.background_jobs.execute_job(event=None, is_async=True, job_name='frappe.core.doctype.scheduled_job_type.scheduled_job_type.run_scheduled_jo..., kwargs={'job_type': 'frappe.desk.form.document_follow.send_hourly_updates'}, method='frappe.core.doctype.scheduled_job_type.scheduled_job_type.run_scheduled_jo..., site='task.local', user='Administrator') (task.local::scheduled_job::frappe.desk.form.document_follow.send_hourly_updates)
2026-05-01 03:01:30,324 home-mahmoudtawfeek-task-manger:long: Job OK (task.local::scheduled_job::frappe.desk.form.document_follow.send_hourly_updates)
2026-05-01 03:01:30,325 Result is kept for 600 seconds
2026-05-01 03:01:30,335 home-mahmoudtawfeek-task-manger:long: frappe.utils.background_jobs.execute_job(event=None, is_async=True, job_name='frappe.core.doctype.scheduled_job_type.scheduled_job_type.run_scheduled_jo..., kwargs={'job_type': 'frappe.desk.page.backups.backups.delete_downloadable_backups'..., method='frappe.core.doctype.scheduled_job_type.scheduled_job_type.run_scheduled_jo..., site='task.local', user='Administrator') (task.local::scheduled_job::frappe.desk.page.backups.backups.delete_downloadable_backups)
2026-05-01 03:01:31,057 home-mahmoudtawfeek-task-manger:long: Job OK (task.local::scheduled_job::frappe.desk.page.backups.backups.delete_downloadable_backups)
2026-05-01 03:01:31,058 Result is kept for 600 seconds
2026-05-01 03:01:31,068 home-mahmoudtawfeek-task-manger:long: frappe.utils.background_jobs.execute_job(event=None, is_async=True, job_name='frappe.core.doctype.scheduled_job_type.scheduled_job_type.run_scheduled_jo..., kwargs={'job_type': 'erpnext.stock.doctype.repost_item_valuation.repost_item_valua..., method='frappe.core.doctype.scheduled_job_type.scheduled_job_type.run_scheduled_jo..., site='task.local', user='Administrator') (task.local::scheduled_job::erpnext.stock.doctype.repost_item_valuation.repost_item_valuation.repost_entries)
2026-05-01 03:01:32,674 home-mahmoudtawfeek-task-manger:long: Job OK (task.local::scheduled_job::erpnext.stock.doctype.repost_item_valuation.repost_item_valuation.repost_entries)
2026-05-01 03:01:32,674 Result is kept for 600 seconds
2026-05-01 03:04:46,183 home-mahmoudtawfeek-task-manger:default: frappe.utils.background_jobs.execute_job(event=None, is_async=True, job_name='frappe.core.doctype.scheduled_job_type.scheduled_job_type.run_scheduled_jo..., kwargs={'job_type': 'frappe.monitor.flush'}, method='frappe.core.doctype.scheduled_job_type.scheduled_job_type.run_scheduled_jo..., site='task.local', user='Administrator') (task.local::scheduled_job::frappe.monitor.flush)
2026-05-01 03:04:55,323 home-mahmoudtawfeek-task-manger:default: Job OK (task.local::scheduled_job::frappe.monitor.flush)
2026-05-01 03:04:55,324 Result is kept for 600 seconds
2026-05-01 03:04:55,331 home-mahmoudtawfeek-task-manger:default: frappe.utils.background_jobs.execute_job(event=None, is_async=True, job_name='frappe.core.doctype.scheduled_job_type.scheduled_job_type.run_scheduled_jo..., kwargs={'job_type': 'frappe.email.queue.flush'}, method='frappe.core.doctype.scheduled_job_type.scheduled_job_type.run_scheduled_jo..., site='task.local', user='Administrator') (task.local::scheduled_job::frappe.email.queue.flush)
2026-05-01 03:04:59,274 home-mahmoudtawfeek-task-manger:default: Job OK (task.local::scheduled_job::frappe.email.queue.flush)
2026-05-01 03:04:59,275 Result is kept for 600 seconds
2026-05-01 03:04:59,296 home-mahmoudtawfeek-task-manger:default: frappe.utils.background_jobs.execute_job(event=None, is_async=True, job_name='frappe.core.doctype.scheduled_job_type.scheduled_job_type.run_scheduled_jo..., kwargs={'job_type': 'frappe.integrations.doctype.google_calendar.google_calendar.s..., method='frappe.core.doctype.scheduled_job_type.scheduled_job_type.run_scheduled_jo..., site='task.local', user='Administrator') (task.local::scheduled_job::frappe.integrations.doctype.google_calendar.google_calendar.sync)
2026-05-01 03:05:00,834 home-mahmoudtawfeek-task-manger:default: Job OK (task.local::scheduled_job::frappe.integrations.doctype.google_calendar.google_calendar.sync)
2026-05-01 03:05:00,835 Result is kept for 600 seconds
2026-05-01 03:05:00,851 home-mahmoudtawfeek-task-manger:default: frappe.utils.background_jobs.execute_job(event=None, is_async=True, job_name='frappe.core.doctype.scheduled_job_type.scheduled_job_type.run_scheduled_jo..., kwargs={'job_type': 'frappe.email.queue.retry_sending_emails'}, method='frappe.core.doctype.scheduled_job_type.scheduled_job_type.run_scheduled_jo..., site='task.local', user='Administrator') (task.local::scheduled_job::frappe.email.queue.retry_sending_emails)
2026-05-01 03:05:08,808 home-mahmoudtawfeek-task-manger:default: Job OK (task.local::scheduled_job::frappe.email.queue.retry_sending_emails)
2026-05-01 03:05:08,808 Result is kept for 600 seconds
2026-05-01 03:08:47,317 home-mahmoudtawfeek-task-manger:default: frappe.utils.background_jobs.execute_job(event=None, is_async=True, job_name='frappe.core.doctype.scheduled_job_type.scheduled_job_type.run_scheduled_jo..., kwargs={'job_type': 'frappe.email.queue.flush'}, method='frappe.core.doctype.scheduled_job_type.scheduled_job_type.run_scheduled_jo..., site='task.local', user='Administrator') (task.local::scheduled_job::frappe.email.queue.flush)
2026-05-01 03:08:48,977 home-mahmoudtawfeek-task-manger:default: Job OK (task.local::scheduled_job::frappe.email.queue.flush)
2026-05-01 03:08:48,978 Result is kept for 600 seconds
2026-05-01 03:08:48,986 home-mahmoudtawfeek-task-manger:default: frappe.utils.background_jobs.execute_job(event=None, is_async=True, job_name='frappe.core.doctype.scheduled_job_type.scheduled_job_type.run_scheduled_jo..., kwargs={'job_type': 'frappe.monitor.flush'}, method='frappe.core.doctype.scheduled_job_type.scheduled_job_type.run_scheduled_jo..., site='task.local', user='Administrator') (task.local::scheduled_job::frappe.monitor.flush)
2026-05-01 03:08:49,565 home-mahmoudtawfeek-task-manger:default: Job OK (task.local::scheduled_job::frappe.monitor.flush)
2026-05-01 03:08:49,566 Result is kept for 600 seconds
2026-05-01 03:08:49,578 home-mahmoudtawfeek-task-manger:default: frappe.utils.background_jobs.execute_job(event=None, is_async=True, job_name='frappe.core.doctype.scheduled_job_type.scheduled_job_type.run_scheduled_jo..., kwargs={'job_type': 'frappe.email.queue.retry_sending_emails'}, method='frappe.core.doctype.scheduled_job_type.scheduled_job_type.run_scheduled_jo..., site='task.local', user='Administrator') (task.local::scheduled_job::frappe.email.queue.retry_sending_emails)
2026-05-01 03:08:50,821 home-mahmoudtawfeek-task-manger:default: Job OK (task.local::scheduled_job::frappe.email.queue.retry_sending_emails)
2026-05-01 03:08:50,821 Result is kept for 600 seconds
2026-05-01 03:08:50,829 home-mahmoudtawfeek-task-manger:default: frappe.utils.background_jobs.execute_job(event=None, is_async=True, job_name='frappe.core.doctype.scheduled_job_type.scheduled_job_type.run_scheduled_jo..., kwargs={'job_type': 'frappe.integrations.doctype.google_calendar.google_calendar.s..., method='frappe.core.doctype.scheduled_job_type.scheduled_job_type.run_scheduled_jo..., site='task.local', user='Administrator') (task.local::scheduled_job::frappe.integrations.doctype.google_calendar.google_calendar.sync)
2026-05-01 03:08:51,778 home-mahmoudtawfeek-task-manger:default: Job OK (task.local::scheduled_job::frappe.integrations.doctype.google_calendar.google_calendar.sync)
2026-05-01 03:08:51,778 Result is kept for 600 seconds
2026-05-01 03:10:48,601 home-mahmoudtawfeek-task-manger:default: frappe.utils.background_jobs.execute_job(event=None, is_async=True, job_name='frappe.core.doctype.scheduled_job_type.scheduled_job_type.run_scheduled_jo..., kwargs={'job_type': 'frappe.email.doctype.email_account.email_account.pull'}, method='frappe.core.doctype.scheduled_job_type.scheduled_job_type.run_scheduled_jo..., site='task.local', user='Administrator') (task.local::scheduled_job::frappe.email.doctype.email_account.email_account.pull)
2026-05-01 03:10:49,605 home-mahmoudtawfeek-task-manger:default: Job OK (task.local::scheduled_job::frappe.email.doctype.email_account.email_account.pull)
2026-05-01 03:10:49,606 Result is kept for 600 seconds
2026-05-01 03:12:49,239 home-mahmoudtawfeek-task-manger:default: frappe.utils.background_jobs.execute_job(event=None, is_async=True, job_name='frappe.core.doctype.scheduled_job_type.scheduled_job_type.run_scheduled_jo..., kwargs={'job_type': 'frappe.monitor.flush'}, method='frappe.core.doctype.scheduled_job_type.scheduled_job_type.run_scheduled_jo..., site='task.local', user='Administrator') (task.local::scheduled_job::frappe.monitor.flush)
2026-05-01 03:12:49,593 home-mahmoudtawfeek-task-manger:default: Job OK (task.local::scheduled_job::frappe.monitor.flush)
2026-05-01 03:12:49,593 Result is kept for 600 seconds
2026-05-01 03:12:49,615 home-mahmoudtawfeek-task-manger:default: frappe.utils.background_jobs.execute_job(event=None, is_async=True, job_name='frappe.core.doctype.scheduled_job_type.scheduled_job_type.run_scheduled_jo..., kwargs={'job_type': 'frappe.email.queue.retry_sending_emails'}, method='frappe.core.doctype.scheduled_job_type.scheduled_job_type.run_scheduled_jo..., site='task.local', user='Administrator') (task.local::scheduled_job::frappe.email.queue.retry_sending_emails)
2026-05-01 03:12:51,066 home-mahmoudtawfeek-task-manger:default: Job OK (task.local::scheduled_job::frappe.email.queue.retry_sending_emails)
2026-05-01 03:12:51,067 Result is kept for 600 seconds
2026-05-01 03:12:51,096 home-mahmoudtawfeek-task-manger:default: frappe.utils.background_jobs.execute_job(event=None, is_async=True, job_name='frappe.core.doctype.scheduled_job_type.scheduled_job_type.run_scheduled_jo..., kwargs={'job_type': 'frappe.integrations.doctype.google_calendar.google_calendar.s..., method='frappe.core.doctype.scheduled_job_type.scheduled_job_type.run_scheduled_jo..., site='task.local', user='Administrator') (task.local::scheduled_job::frappe.integrations.doctype.google_calendar.google_calendar.sync)
2026-05-01 03:12:52,549 home-mahmoudtawfeek-task-manger:default: Job OK (task.local::scheduled_job::frappe.integrations.doctype.google_calendar.google_calendar.sync)
2026-05-01 03:12:52,549 Result is kept for 600 seconds
2026-05-01 03:12:52,556 home-mahmoudtawfeek-task-manger:default: frappe.utils.background_jobs.execute_job(event=None, is_async=True, job_name='frappe.core.doctype.scheduled_job_type.scheduled_job_type.run_scheduled_jo..., kwargs={'job_type': 'frappe.email.queue.flush'}, method='frappe.core.doctype.scheduled_job_type.scheduled_job_type.run_scheduled_jo..., site='task.local', user='Administrator') (task.local::scheduled_job::frappe.email.queue.flush)
2026-05-01 03:12:53,506 home-mahmoudtawfeek-task-manger:default: Job OK (task.local::scheduled_job::frappe.email.queue.flush)
2026-05-01 03:12:53,507 Result is kept for 600 seconds
2026-05-01 03:15:50,129 home-mahmoudtawfeek-task-manger:default: frappe.utils.background_jobs.execute_job(event=None, is_async=True, job_name='frappe.core.doctype.scheduled_job_type.scheduled_job_type.run_scheduled_jo..., kwargs={'job_type': 'erpnext.manufacturing.doctype.bom_update_log.bom_update_log.r..., method='frappe.core.doctype.scheduled_job_type.scheduled_job_type.run_scheduled_jo..., site='task.local', user='Administrator') (task.local::scheduled_job::erpnext.manufacturing.doctype.bom_update_log.bom_update_log.resume_bom_cost_update_jobs)
2026-05-01 03:15:51,270 home-mahmoudtawfeek-task-manger:default: Job OK (task.local::scheduled_job::erpnext.manufacturing.doctype.bom_update_log.bom_update_log.resume_bom_cost_update_jobs)
2026-05-01 03:15:51,271 Result is kept for 600 seconds
2026-05-01 03:15:51,278 home-mahmoudtawfeek-task-manger:default: frappe.utils.background_jobs.execute_job(event=None, is_async=True, job_name='frappe.core.doctype.scheduled_job_type.scheduled_job_type.run_scheduled_jo..., kwargs={'job_type': 'frappe.automation.doctype.reminder.reminder.send_reminders'}, method='frappe.core.doctype.scheduled_job_type.scheduled_job_type.run_scheduled_jo..., site='task.local', user='Administrator') (task.local::scheduled_job::frappe.automation.doctype.reminder.reminder.send_reminders)
2026-05-01 03:15:51,724 home-mahmoudtawfeek-task-manger:default: Job OK (task.local::scheduled_job::frappe.automation.doctype.reminder.reminder.send_reminders)
2026-05-01 03:15:51,724 Result is kept for 600 seconds
2026-05-01 03:15:51,732 home-mahmoudtawfeek-task-manger:default: frappe.utils.background_jobs.execute_job(event=None, is_async=True, job_name='frappe.core.doctype.scheduled_job_type.scheduled_job_type.run_scheduled_jo..., kwargs={'job_type': 'frappe.model.utils.link_count.update_link_count'}, method='frappe.core.doctype.scheduled_job_type.scheduled_job_type.run_scheduled_jo..., site='task.local', user='Administrator') (task.local::scheduled_job::frappe.model.utils.link_count.update_link_count)
2026-05-01 03:15:52,189 home-mahmoudtawfeek-task-manger:default: Job OK (task.local::scheduled_job::frappe.model.utils.link_count.update_link_count)
2026-05-01 03:15:52,190 Result is kept for 600 seconds
2026-05-01 03:15:52,198 home-mahmoudtawfeek-task-manger:default: frappe.utils.background_jobs.execute_job(event=None, is_async=True, job_name='frappe.core.doctype.scheduled_job_type.scheduled_job_type.run_scheduled_jo..., kwargs={'job_type': 'frappe.utils.telemetry.pulse.client.send_queued_events'}, method='frappe.core.doctype.scheduled_job_type.scheduled_job_type.run_scheduled_jo..., site='task.local', user='Administrator') (task.local::scheduled_job::frappe.utils.telemetry.pulse.client.send_queued_events)
2026-05-01 03:15:52,666 home-mahmoudtawfeek-task-manger:default: Job OK (task.local::scheduled_job::frappe.utils.telemetry.pulse.client.send_queued_events)
2026-05-01 03:15:52,666 Result is kept for 600 seconds
2026-05-01 03:15:52,674 home-mahmoudtawfeek-task-manger:default: frappe.utils.background_jobs.execute_job(event=None, is_async=True, job_name='frappe.core.doctype.scheduled_job_type.scheduled_job_type.run_scheduled_jo..., kwargs={'job_type': 'frappe.email.doctype.email_account.email_account.notify_unrep..., method='frappe.core.doctype.scheduled_job_type.scheduled_job_type.run_scheduled_jo..., site='task.local', user='Administrator') (task.local::scheduled_job::frappe.email.doctype.email_account.email_account.notify_unreplied)
2026-05-01 03:15:53,188 home-mahmoudtawfeek-task-manger:default: Job OK (task.local::scheduled_job::frappe.email.doctype.email_account.email_account.notify_unreplied)
2026-05-01 03:15:53,189 Result is kept for 600 seconds
2026-05-01 03:15:53,209 home-mahmoudtawfeek-task-manger:default: frappe.utils.background_jobs.execute_job(event=None, is_async=True, job_name='frappe.core.doctype.scheduled_job_type.scheduled_job_type.run_scheduled_jo..., kwargs={'job_type': 'frappe.search.sqlite_search.build_index_if_not_exists'}, method='frappe.core.doctype.scheduled_job_type.scheduled_job_type.run_scheduled_jo..., site='task.local', user='Administrator') (task.local::scheduled_job::frappe.search.sqlite_search.build_index_if_not_exists)
2026-05-01 03:15:53,582 home-mahmoudtawfeek-task-manger:default: Job OK (task.local::scheduled_job::frappe.search.sqlite_search.build_index_if_not_exists)
2026-05-01 03:15:53,583 Result is kept for 600 seconds
2026-05-01 03:15:53,601 home-mahmoudtawfeek-task-manger:default: frappe.utils.background_jobs.execute_job(event=None, is_async=True, job_name='frappe.core.doctype.scheduled_job_type.scheduled_job_type.run_scheduled_jo..., kwargs={'job_type': 'frappe.deferred_insert.save_to_db'}, method='frappe.core.doctype.scheduled_job_type.scheduled_job_type.run_scheduled_jo..., site='task.local', user='Administrator') (task.local::scheduled_job::frappe.deferred_insert.save_to_db)
2026-05-01 03:15:53,992 home-mahmoudtawfeek-task-manger:default: Job OK (task.local::scheduled_job::frappe.deferred_insert.save_to_db)
2026-05-01 03:15:53,993 Result is kept for 600 seconds
2026-05-01 03:15:54,012 home-mahmoudtawfeek-task-manger:default: frappe.utils.background_jobs.execute_job(event=None, is_async=True, job_name='frappe.core.doctype.scheduled_job_type.scheduled_job_type.run_scheduled_jo..., kwargs={'job_type': 'frappe.utils.global_search.sync_global_search'}, method='frappe.core.doctype.scheduled_job_type.scheduled_job_type.run_scheduled_jo..., site='task.local', user='Administrator') (task.local::scheduled_job::frappe.utils.global_search.sync_global_search)
2026-05-01 03:15:54,437 home-mahmoudtawfeek-task-manger:default: Job OK (task.local::scheduled_job::frappe.utils.global_search.sync_global_search)
2026-05-01 03:15:54,437 Result is kept for 600 seconds
2026-05-01 03:16:50,606 home-mahmoudtawfeek-task-manger:default: frappe.utils.background_jobs.execute_job(event=None, is_async=True, job_name='frappe.core.doctype.scheduled_job_type.scheduled_job_type.run_scheduled_jo..., kwargs={'job_type': 'frappe.integrations.doctype.google_calendar.google_calendar.s..., method='frappe.core.doctype.scheduled_job_type.scheduled_job_type.run_scheduled_jo..., site='task.local', user='Administrator') (task.local::scheduled_job::frappe.integrations.doctype.google_calendar.google_calendar.sync)
2026-05-01 03:16:51,332 home-mahmoudtawfeek-task-manger:default: Job OK (task.local::scheduled_job::frappe.integrations.doctype.google_calendar.google_calendar.sync)
2026-05-01 03:16:51,332 Result is kept for 600 seconds
2026-05-01 03:16:51,340 home-mahmoudtawfeek-task-manger:default: frappe.utils.background_jobs.execute_job(event=None, is_async=True, job_name='frappe.core.doctype.scheduled_job_type.scheduled_job_type.run_scheduled_jo..., kwargs={'job_type': 'frappe.monitor.flush'}, method='frappe.core.doctype.scheduled_job_type.scheduled_job_type.run_scheduled_jo..., site='task.local', user='Administrator') (task.local::scheduled_job::frappe.monitor.flush)
2026-05-01 03:16:51,594 home-mahmoudtawfeek-task-manger:default: Job OK (task.local::scheduled_job::frappe.monitor.flush)
2026-05-01 03:16:51,594 Result is kept for 600 seconds
2026-05-01 03:16:51,602 home-mahmoudtawfeek-task-manger:default: frappe.utils.background_jobs.execute_job(event=None, is_async=True, job_name='frappe.core.doctype.scheduled_job_type.scheduled_job_type.run_scheduled_jo..., kwargs={'job_type': 'frappe.email.queue.flush'}, method='frappe.core.doctype.scheduled_job_type.scheduled_job_type.run_scheduled_jo..., site='task.local', user='Administrator') (task.local::scheduled_job::frappe.email.queue.flush)
2026-05-01 03:16:52,420 home-mahmoudtawfeek-task-manger:default: Job OK (task.local::scheduled_job::frappe.email.queue.flush)
2026-05-01 03:16:52,421 Result is kept for 600 seconds
2026-05-01 03:16:52,447 home-mahmoudtawfeek-task-manger:default: frappe.utils.background_jobs.execute_job(event=None, is_async=True, job_name='frappe.core.doctype.scheduled_job_type.scheduled_job_type.run_scheduled_jo..., kwargs={'job_type': 'frappe.email.queue.retry_sending_emails'}, method='frappe.core.doctype.scheduled_job_type.scheduled_job_type.run_scheduled_jo..., site='task.local', user='Administrator') (task.local::scheduled_job::frappe.email.queue.retry_sending_emails)
2026-05-01 03:16:53,182 home-mahmoudtawfeek-task-manger:default: Job OK (task.local::scheduled_job::frappe.email.queue.retry_sending_emails)
2026-05-01 03:16:53,182 Result is kept for 600 seconds
2026-05-01 03:17:03,452 home-mahmoudtawfeek-task-manger:long: frappe.utils.background_jobs.execute_job(event=None, is_async=True, job_name='frappe.model.document.execute_action', kwargs={'__doctype': 'Dashboard Chart', '__name': 'Tash Status', '__action': '_ren..., method='frappe.model.document.execute_action', site='task.local', user='Administrator') (task.local::431a6af1-e066-447a-b48a-521a97b61140)
2026-05-01 03:17:56,062 home-mahmoudtawfeek-task-manger:long: Job OK (task.local::431a6af1-e066-447a-b48a-521a97b61140)
2026-05-01 03:17:56,063 Result is kept for 600 seconds
2026-05-01 03:17:56,091 home-mahmoudtawfeek-task-manger:default: frappe.utils.background_jobs.execute_job(event=None, is_async=True, job_name='frappe.utils.global_search.rebuild_for_doctype', kwargs={'doctype': 'Dashboard Chart'}, method='frappe.utils.global_search.rebuild_for_doctype', site='task.local', user='Administrator') (task.local::805ccbc8-85dc-44c9-bf38-53659982d482)
2026-05-01 03:17:56,785 home-mahmoudtawfeek-task-manger:default: Job OK (task.local::805ccbc8-85dc-44c9-bf38-53659982d482)
2026-05-01 03:17:56,785 Result is kept for 600 seconds
2026-05-01 03:20:58,388 home-mahmoudtawfeek-task-manger:default: frappe.utils.background_jobs.execute_job(event=None, is_async=True, job_name='frappe.core.doctype.scheduled_job_type.scheduled_job_type.run_scheduled_jo..., kwargs={'job_type': 'frappe.email.queue.flush'}, method='frappe.core.doctype.scheduled_job_type.scheduled_job_type.run_scheduled_jo..., site='task.local', user='Administrator') (task.local::scheduled_job::frappe.email.queue.flush)
2026-05-01 03:21:00,327 home-mahmoudtawfeek-task-manger:default: Job OK (task.local::scheduled_job::frappe.email.queue.flush)
2026-05-01 03:21:00,328 Result is kept for 600 seconds
2026-05-01 03:21:00,470 Cleaning registries for queue: home-mahmoudtawfeek-task-manger:short
2026-05-01 03:21:00,503 Cleaning registries for queue: home-mahmoudtawfeek-task-manger:default
2026-05-01 03:21:00,510 Cleaning registries for queue: home-mahmoudtawfeek-task-manger:long
2026-05-01 03:21:00,522 home-mahmoudtawfeek-task-manger:default: frappe.utils.background_jobs.execute_job(event=None, is_async=True, job_name='frappe.core.doctype.scheduled_job_type.scheduled_job_type.run_scheduled_jo..., kwargs={'job_type': 'frappe.monitor.flush'}, method='frappe.core.doctype.scheduled_job_type.scheduled_job_type.run_scheduled_jo..., site='task.local', user='Administrator') (task.local::scheduled_job::frappe.monitor.flush)
2026-05-01 03:21:00,858 home-mahmoudtawfeek-task-manger:default: Job OK (task.local::scheduled_job::frappe.monitor.flush)
2026-05-01 03:21:00,859 Result is kept for 600 seconds
2026-05-01 03:21:00,878 home-mahmoudtawfeek-task-manger:default: frappe.utils.background_jobs.execute_job(event=None, is_async=True, job_name='frappe.core.doctype.scheduled_job_type.scheduled_job_type.run_scheduled_jo..., kwargs={'job_type': 'frappe.email.doctype.email_account.email_account.pull'}, method='frappe.core.doctype.scheduled_job_type.scheduled_job_type.run_scheduled_jo..., site='task.local', user='Administrator') (task.local::scheduled_job::frappe.email.doctype.email_account.email_account.pull)
2026-05-01 03:21:01,592 home-mahmoudtawfeek-task-manger:default: Job OK (task.local::scheduled_job::frappe.email.doctype.email_account.email_account.pull)
2026-05-01 03:21:01,593 Result is kept for 600 seconds
2026-05-01 03:21:01,614 home-mahmoudtawfeek-task-manger:default: frappe.utils.background_jobs.execute_job(event=None, is_async=True, job_name='frappe.core.doctype.scheduled_job_type.scheduled_job_type.run_scheduled_jo..., kwargs={'job_type': 'frappe.integrations.doctype.google_calendar.google_calendar.s..., method='frappe.core.doctype.scheduled_job_type.scheduled_job_type.run_scheduled_jo..., site='task.local', user='Administrator') (task.local::scheduled_job::frappe.integrations.doctype.google_calendar.google_calendar.sync)
2026-05-01 03:21:02,437 home-mahmoudtawfeek-task-manger:default: Job OK (task.local::scheduled_job::frappe.integrations.doctype.google_calendar.google_calendar.sync)
2026-05-01 03:21:02,438 Result is kept for 600 seconds
2026-05-01 03:21:02,468 home-mahmoudtawfeek-task-manger:default: frappe.utils.background_jobs.execute_job(event=None, is_async=True, job_name='frappe.core.doctype.scheduled_job_type.scheduled_job_type.run_scheduled_jo..., kwargs={'job_type': 'frappe.email.queue.retry_sending_emails'}, method='frappe.core.doctype.scheduled_job_type.scheduled_job_type.run_scheduled_jo..., site='task.local', user='Administrator') (task.local::scheduled_job::frappe.email.queue.retry_sending_emails)
2026-05-01 03:21:04,039 home-mahmoudtawfeek-task-manger:default: Job OK (task.local::scheduled_job::frappe.email.queue.retry_sending_emails)
2026-05-01 03:21:04,041 Result is kept for 600 seconds
2026-05-01 03:24:59,555 home-mahmoudtawfeek-task-manger:default: frappe.utils.background_jobs.execute_job(event=None, is_async=True, job_name='frappe.core.doctype.scheduled_job_type.scheduled_job_type.run_scheduled_jo..., kwargs={'job_type': 'frappe.email.queue.retry_sending_emails'}, method='frappe.core.doctype.scheduled_job_type.scheduled_job_type.run_scheduled_jo..., site='task.local', user='Administrator') (task.local::scheduled_job::frappe.email.queue.retry_sending_emails)
2026-05-01 03:25:00,778 home-mahmoudtawfeek-task-manger:default: Job OK (task.local::scheduled_job::frappe.email.queue.retry_sending_emails)
2026-05-01 03:25:00,779 Result is kept for 600 seconds
2026-05-01 03:25:00,787 home-mahmoudtawfeek-task-manger:default: frappe.utils.background_jobs.execute_job(event=None, is_async=True, job_name='frappe.core.doctype.scheduled_job_type.scheduled_job_type.run_scheduled_jo..., kwargs={'job_type': 'frappe.email.queue.flush'}, method='frappe.core.doctype.scheduled_job_type.scheduled_job_type.run_scheduled_jo..., site='task.local', user='Administrator') (task.local::scheduled_job::frappe.email.queue.flush)
2026-05-01 03:25:01,567 home-mahmoudtawfeek-task-manger:default: Job OK (task.local::scheduled_job::frappe.email.queue.flush)
2026-05-01 03:25:01,568 Result is kept for 600 seconds
2026-05-01 03:25:01,582 home-mahmoudtawfeek-task-manger:default: frappe.utils.background_jobs.execute_job(event=None, is_async=True, job_name='frappe.core.doctype.scheduled_job_type.scheduled_job_type.run_scheduled_jo..., kwargs={'job_type': 'frappe.integrations.doctype.google_calendar.google_calendar.s..., method='frappe.core.doctype.scheduled_job_type.scheduled_job_type.run_scheduled_jo..., site='task.local', user='Administrator') (task.local::scheduled_job::frappe.integrations.doctype.google_calendar.google_calendar.sync)
2026-05-01 03:25:02,252 home-mahmoudtawfeek-task-manger:default: Job OK (task.local::scheduled_job::frappe.integrations.doctype.google_calendar.google_calendar.sync)
2026-05-01 03:25:02,252 Result is kept for 600 seconds
2026-05-01 03:25:02,264 home-mahmoudtawfeek-task-manger:default: frappe.utils.background_jobs.execute_job(event=None, is_async=True, job_name='frappe.core.doctype.scheduled_job_type.scheduled_job_type.run_scheduled_jo..., kwargs={'job_type': 'frappe.monitor.flush'}, method='frappe.core.doctype.scheduled_job_type.scheduled_job_type.run_scheduled_jo..., site='task.local', user='Administrator') (task.local::scheduled_job::frappe.monitor.flush)
2026-05-01 03:25:02,893 home-mahmoudtawfeek-task-manger:default: Job OK (task.local::scheduled_job::frappe.monitor.flush)
2026-05-01 03:25:02,893 Result is kept for 600 seconds
2026-05-01 03:28:00,276 home-mahmoudtawfeek-task-manger:default: frappe.utils.background_jobs.execute_job(event=None, is_async=True, job_name='frappe.core.doctype.scheduled_job_type.scheduled_job_type.run_scheduled_jo..., kwargs={'job_type': 'frappe.monitor.flush'}, method='frappe.core.doctype.scheduled_job_type.scheduled_job_type.run_scheduled_jo..., site='task.local', user='Administrator') (task.local::scheduled_job::frappe.monitor.flush)
2026-05-01 03:28:00,633 home-mahmoudtawfeek-task-manger:default: Job OK (task.local::scheduled_job::frappe.monitor.flush)
2026-05-01 03:28:00,634 Result is kept for 600 seconds
2026-05-01 03:28:00,640 home-mahmoudtawfeek-task-manger:default: frappe.utils.background_jobs.execute_job(event=None, is_async=True, job_name='frappe.core.doctype.scheduled_job_type.scheduled_job_type.run_scheduled_jo..., kwargs={'job_type': 'frappe.email.queue.retry_sending_emails'}, method='frappe.core.doctype.scheduled_job_type.scheduled_job_type.run_scheduled_jo..., site='task.local', user='Administrator') (task.local::scheduled_job::frappe.email.queue.retry_sending_emails)
2026-05-01 03:28:01,645 home-mahmoudtawfeek-task-manger:default: Job OK (task.local::scheduled_job::frappe.email.queue.retry_sending_emails)
2026-05-01 03:28:01,646 Result is kept for 600 seconds
2026-05-01 03:28:01,655 home-mahmoudtawfeek-task-manger:default: frappe.utils.background_jobs.execute_job(event=None, is_async=True, job_name='frappe.core.doctype.scheduled_job_type.scheduled_job_type.run_scheduled_jo..., kwargs={'job_type': 'frappe.integrations.doctype.google_calendar.google_calendar.s..., method='frappe.core.doctype.scheduled_job_type.scheduled_job_type.run_scheduled_jo..., site='task.local', user='Administrator') (task.local::scheduled_job::frappe.integrations.doctype.google_calendar.google_calendar.sync)
2026-05-01 03:28:02,264 home-mahmoudtawfeek-task-manger:default: Job OK (task.local::scheduled_job::frappe.integrations.doctype.google_calendar.google_calendar.sync)
2026-05-01 03:28:02,264 Result is kept for 600 seconds
2026-05-01 03:28:02,272 home-mahmoudtawfeek-task-manger:default: frappe.utils.background_jobs.execute_job(event=None, is_async=True, job_name='frappe.core.doctype.scheduled_job_type.scheduled_job_type.run_scheduled_jo..., kwargs={'job_type': 'frappe.email.queue.flush'}, method='frappe.core.doctype.scheduled_job_type.scheduled_job_type.run_scheduled_jo..., site='task.local', user='Administrator') (task.local::scheduled_job::frappe.email.queue.flush)
2026-05-01 03:28:04,229 home-mahmoudtawfeek-task-manger:default: Job OK (task.local::scheduled_job::frappe.email.queue.flush)
2026-05-01 03:28:04,229 Result is kept for 600 seconds
2026-05-01 03:30:00,686 home-mahmoudtawfeek-task-manger:default: frappe.utils.background_jobs.execute_job(event=None, is_async=True, job_name='frappe.core.doctype.scheduled_job_type.scheduled_job_type.run_scheduled_jo..., kwargs={'job_type': 'erpnext.accounts.doctype.gl_entry.gl_entry.rename_gle_sle_doc..., method='frappe.core.doctype.scheduled_job_type.scheduled_job_type.run_scheduled_jo..., site='task.local', user='Administrator') (task.local::scheduled_job::erpnext.accounts.doctype.gl_entry.gl_entry.rename_gle_sle_docs)
2026-05-01 03:30:02,720 home-mahmoudtawfeek-task-manger:default: Job OK (task.local::scheduled_job::erpnext.accounts.doctype.gl_entry.gl_entry.rename_gle_sle_docs)
2026-05-01 03:30:02,721 Result is kept for 600 seconds
2026-05-01 03:30:02,737 home-mahmoudtawfeek-task-manger:default: frappe.utils.background_jobs.execute_job(event=None, is_async=True, job_name='frappe.core.doctype.scheduled_job_type.scheduled_job_type.run_scheduled_jo..., kwargs={'job_type': 'frappe.email.doctype.email_account.email_account.pull'}, method='frappe.core.doctype.scheduled_job_type.scheduled_job_type.run_scheduled_jo..., site='task.local', user='Administrator') (task.local::scheduled_job::frappe.email.doctype.email_account.email_account.pull)
2026-05-01 03:30:03,153 home-mahmoudtawfeek-task-manger:default: Job OK (task.local::scheduled_job::frappe.email.doctype.email_account.email_account.pull)
2026-05-01 03:30:03,154 Result is kept for 600 seconds
2026-05-01 03:30:03,174 home-mahmoudtawfeek-task-manger:default: frappe.utils.background_jobs.execute_job(event=None, is_async=True, job_name='frappe.core.doctype.scheduled_job_type.scheduled_job_type.run_scheduled_jo..., kwargs={'job_type': 'frappe.model.utils.link_count.update_link_count'}, method='frappe.core.doctype.scheduled_job_type.scheduled_job_type.run_scheduled_jo..., site='task.local', user='Administrator') (task.local::scheduled_job::frappe.model.utils.link_count.update_link_count)
2026-05-01 03:30:03,598 home-mahmoudtawfeek-task-manger:default: Job OK (task.local::scheduled_job::frappe.model.utils.link_count.update_link_count)
2026-05-01 03:30:03,599 Result is kept for 600 seconds
2026-05-01 03:30:03,621 home-mahmoudtawfeek-task-manger:default: frappe.utils.background_jobs.execute_job(event=None, is_async=True, job_name='frappe.core.doctype.scheduled_job_type.scheduled_job_type.run_scheduled_jo..., kwargs={'job_type': 'frappe.search.sqlite_search.build_index_if_not_exists'}, method='frappe.core.doctype.scheduled_job_type.scheduled_job_type.run_scheduled_jo..., site='task.local', user='Administrator') (task.local::scheduled_job::frappe.search.sqlite_search.build_index_if_not_exists)
2026-05-01 03:30:04,041 home-mahmoudtawfeek-task-manger:default: Job OK (task.local::scheduled_job::frappe.search.sqlite_search.build_index_if_not_exists)
2026-05-01 03:30:04,041 Result is kept for 600 seconds
2026-05-01 03:30:04,059 home-mahmoudtawfeek-task-manger:default: frappe.utils.background_jobs.execute_job(event=None, is_async=True, job_name='frappe.core.doctype.scheduled_job_type.scheduled_job_type.run_scheduled_jo..., kwargs={'job_type': 'frappe.email.doctype.email_account.email_account.notify_unrep..., method='frappe.core.doctype.scheduled_job_type.scheduled_job_type.run_scheduled_jo..., site='task.local', user='Administrator') (task.local::scheduled_job::frappe.email.doctype.email_account.email_account.notify_unreplied)
2026-05-01 03:30:04,515 home-mahmoudtawfeek-task-manger:default: Job OK (task.local::scheduled_job::frappe.email.doctype.email_account.email_account.notify_unreplied)
2026-05-01 03:30:04,515 Result is kept for 600 seconds
2026-05-01 03:30:04,522 home-mahmoudtawfeek-task-manger:default: frappe.utils.background_jobs.execute_job(event=None, is_async=True, job_name='frappe.core.doctype.scheduled_job_type.scheduled_job_type.run_scheduled_jo..., kwargs={'job_type': 'erpnext.manufacturing.doctype.bom_update_log.bom_update_log.r..., method='frappe.core.doctype.scheduled_job_type.scheduled_job_type.run_scheduled_jo..., site='task.local', user='Administrator') (task.local::scheduled_job::erpnext.manufacturing.doctype.bom_update_log.bom_update_log.resume_bom_cost_update_jobs)
2026-05-01 03:30:05,025 home-mahmoudtawfeek-task-manger:default: Job OK (task.local::scheduled_job::erpnext.manufacturing.doctype.bom_update_log.bom_update_log.resume_bom_cost_update_jobs)
2026-05-01 03:30:05,026 Result is kept for 600 seconds
2026-05-01 03:30:05,066 home-mahmoudtawfeek-task-manger:default: frappe.utils.background_jobs.execute_job(event=None, is_async=True, job_name='frappe.core.doctype.scheduled_job_type.scheduled_job_type.run_scheduled_jo..., kwargs={'job_type': 'frappe.automation.doctype.reminder.reminder.send_reminders'}, method='frappe.core.doctype.scheduled_job_type.scheduled_job_type.run_scheduled_jo..., site='task.local', user='Administrator') (task.local::scheduled_job::frappe.automation.doctype.reminder.reminder.send_reminders)
2026-05-01 03:30:05,516 home-mahmoudtawfeek-task-manger:default: Job OK (task.local::scheduled_job::frappe.automation.doctype.reminder.reminder.send_reminders)
2026-05-01 03:30:05,516 Result is kept for 600 seconds
2026-05-01 03:30:05,525 home-mahmoudtawfeek-task-manger:default: frappe.utils.background_jobs.execute_job(event=None, is_async=True, job_name='frappe.core.doctype.scheduled_job_type.scheduled_job_type.run_scheduled_jo..., kwargs={'job_type': 'frappe.deferred_insert.save_to_db'}, method='frappe.core.doctype.scheduled_job_type.scheduled_job_type.run_scheduled_jo..., site='task.local', user='Administrator') (task.local::scheduled_job::frappe.deferred_insert.save_to_db)
2026-05-01 03:30:07,072 home-mahmoudtawfeek-task-manger:default: Job OK (task.local::scheduled_job::frappe.deferred_insert.save_to_db)
2026-05-01 03:30:07,072 Result is kept for 600 seconds
2026-05-01 03:30:07,080 home-mahmoudtawfeek-task-manger:default: frappe.utils.background_jobs.execute_job(event=None, is_async=True, job_name='frappe.core.doctype.scheduled_job_type.scheduled_job_type.run_scheduled_jo..., kwargs={'job_type': 'frappe.utils.telemetry.pulse.client.send_queued_events'}, method='frappe.core.doctype.scheduled_job_type.scheduled_job_type.run_scheduled_jo..., site='task.local', user='Administrator') (task.local::scheduled_job::frappe.utils.telemetry.pulse.client.send_queued_events)
2026-05-01 03:30:07,427 home-mahmoudtawfeek-task-manger:default: Job OK (task.local::scheduled_job::frappe.utils.telemetry.pulse.client.send_queued_events)
2026-05-01 03:30:07,427 Result is kept for 600 seconds
2026-05-01 03:30:07,435 home-mahmoudtawfeek-task-manger:default: frappe.utils.background_jobs.execute_job(event=None, is_async=True, job_name='frappe.core.doctype.scheduled_job_type.scheduled_job_type.run_scheduled_jo..., kwargs={'job_type': 'frappe.utils.global_search.sync_global_search'}, method='frappe.core.doctype.scheduled_job_type.scheduled_job_type.run_scheduled_jo..., site='task.local', user='Administrator') (task.local::scheduled_job::frappe.utils.global_search.sync_global_search)
2026-05-01 03:30:07,737 home-mahmoudtawfeek-task-manger:default: Job OK (task.local::scheduled_job::frappe.utils.global_search.sync_global_search)
2026-05-01 03:30:07,737 Result is kept for 600 seconds
2026-05-01 03:32:01,260 home-mahmoudtawfeek-task-manger:default: frappe.utils.background_jobs.execute_job(event=None, is_async=True, job_name='frappe.core.doctype.scheduled_job_type.scheduled_job_type.run_scheduled_jo..., kwargs={'job_type': 'frappe.integrations.doctype.google_calendar.google_calendar.s..., method='frappe.core.doctype.scheduled_job_type.scheduled_job_type.run_scheduled_jo..., site='task.local', user='Administrator') (task.local::scheduled_job::frappe.integrations.doctype.google_calendar.google_calendar.sync)
2026-05-01 03:32:01,862 home-mahmoudtawfeek-task-manger:default: Job OK (task.local::scheduled_job::frappe.integrations.doctype.google_calendar.google_calendar.sync)
2026-05-01 03:32:01,862 Result is kept for 600 seconds
2026-05-01 03:32:01,884 home-mahmoudtawfeek-task-manger:default: frappe.utils.background_jobs.execute_job(event=None, is_async=True, job_name='frappe.core.doctype.scheduled_job_type.scheduled_job_type.run_scheduled_jo..., kwargs={'job_type': 'frappe.email.queue.flush'}, method='frappe.core.doctype.scheduled_job_type.scheduled_job_type.run_scheduled_jo..., site='task.local', user='Administrator') (task.local::scheduled_job::frappe.email.queue.flush)
2026-05-01 03:32:02,647 home-mahmoudtawfeek-task-manger:default: Job OK (task.local::scheduled_job::frappe.email.queue.flush)
2026-05-01 03:32:02,648 Result is kept for 600 seconds
2026-05-01 03:32:02,655 home-mahmoudtawfeek-task-manger:default: frappe.utils.background_jobs.execute_job(event=None, is_async=True, job_name='frappe.core.doctype.scheduled_job_type.scheduled_job_type.run_scheduled_jo..., kwargs={'job_type': 'frappe.email.queue.retry_sending_emails'}, method='frappe.core.doctype.scheduled_job_type.scheduled_job_type.run_scheduled_jo..., site='task.local', user='Administrator') (task.local::scheduled_job::frappe.email.queue.retry_sending_emails)
2026-05-01 03:32:03,236 home-mahmoudtawfeek-task-manger:default: Job OK (task.local::scheduled_job::frappe.email.queue.retry_sending_emails)
2026-05-01 03:32:03,236 Result is kept for 600 seconds
2026-05-01 03:32:03,244 home-mahmoudtawfeek-task-manger:default: frappe.utils.background_jobs.execute_job(event=None, is_async=True, job_name='frappe.core.doctype.scheduled_job_type.scheduled_job_type.run_scheduled_jo..., kwargs={'job_type': 'frappe.monitor.flush'}, method='frappe.core.doctype.scheduled_job_type.scheduled_job_type.run_scheduled_jo..., site='task.local', user='Administrator') (task.local::scheduled_job::frappe.monitor.flush)
2026-05-01 03:32:03,501 home-mahmoudtawfeek-task-manger:default: Job OK (task.local::scheduled_job::frappe.monitor.flush)
2026-05-01 03:32:03,501 Result is kept for 600 seconds
2026-05-01 03:36:02,146 home-mahmoudtawfeek-task-manger:default: frappe.utils.background_jobs.execute_job(event=None, is_async=True, job_name='frappe.core.doctype.scheduled_job_type.scheduled_job_type.run_scheduled_jo..., kwargs={'job_type': 'frappe.integrations.doctype.google_calendar.google_calendar.s..., method='frappe.core.doctype.scheduled_job_type.scheduled_job_type.run_scheduled_jo..., site='task.local', user='Administrator') (task.local::scheduled_job::frappe.integrations.doctype.google_calendar.google_calendar.sync)
2026-05-01 03:36:02,666 home-mahmoudtawfeek-task-manger:default: Job OK (task.local::scheduled_job::frappe.integrations.doctype.google_calendar.google_calendar.sync)
2026-05-01 03:36:02,666 Result is kept for 600 seconds
2026-05-01 03:36:02,674 home-mahmoudtawfeek-task-manger:default: frappe.utils.background_jobs.execute_job(event=None, is_async=True, job_name='frappe.core.doctype.scheduled_job_type.scheduled_job_type.run_scheduled_jo..., kwargs={'job_type': 'frappe.email.queue.retry_sending_emails'}, method='frappe.core.doctype.scheduled_job_type.scheduled_job_type.run_scheduled_jo..., site='task.local', user='Administrator') (task.local::scheduled_job::frappe.email.queue.retry_sending_emails)
2026-05-01 03:36:03,231 home-mahmoudtawfeek-task-manger:default: Job OK (task.local::scheduled_job::frappe.email.queue.retry_sending_emails)
2026-05-01 03:36:03,231 Result is kept for 600 seconds
2026-05-01 03:36:03,239 home-mahmoudtawfeek-task-manger:default: frappe.utils.background_jobs.execute_job(event=None, is_async=True, job_name='frappe.core.doctype.scheduled_job_type.scheduled_job_type.run_scheduled_jo..., kwargs={'job_type': 'frappe.email.queue.flush'}, method='frappe.core.doctype.scheduled_job_type.scheduled_job_type.run_scheduled_jo..., site='task.local', user='Administrator') (task.local::scheduled_job::frappe.email.queue.flush)
2026-05-01 03:36:03,771 home-mahmoudtawfeek-task-manger:default: Job OK (task.local::scheduled_job::frappe.email.queue.flush)
2026-05-01 03:36:03,771 Result is kept for 600 seconds
2026-05-01 03:36:03,779 home-mahmoudtawfeek-task-manger:default: frappe.utils.background_jobs.execute_job(event=None, is_async=True, job_name='frappe.core.doctype.scheduled_job_type.scheduled_job_type.run_scheduled_jo..., kwargs={'job_type': 'frappe.monitor.flush'}, method='frappe.core.doctype.scheduled_job_type.scheduled_job_type.run_scheduled_jo..., site='task.local', user='Administrator') (task.local::scheduled_job::frappe.monitor.flush)
2026-05-01 03:36:03,995 home-mahmoudtawfeek-task-manger:default: Job OK (task.local::scheduled_job::frappe.monitor.flush)
2026-05-01 03:36:03,996 Result is kept for 600 seconds
2026-05-01 03:41:05,517 home-mahmoudtawfeek-task-manger:default: frappe.utils.background_jobs.execute_job(event=None, is_async=True, job_name='frappe.core.doctype.scheduled_job_type.scheduled_job_type.run_scheduled_jo..., kwargs={'job_type': 'frappe.email.queue.flush'}, method='frappe.core.doctype.scheduled_job_type.scheduled_job_type.run_scheduled_jo..., site='task.local', user='Administrator') (task.local::scheduled_job::frappe.email.queue.flush)
2026-05-01 03:41:08,903 home-mahmoudtawfeek-task-manger:default: Job OK (task.local::scheduled_job::frappe.email.queue.flush)
2026-05-01 03:41:08,904 Result is kept for 600 seconds
2026-05-01 03:41:08,915 home-mahmoudtawfeek-task-manger:default: frappe.utils.background_jobs.execute_job(event=None, is_async=True, job_name='frappe.core.doctype.scheduled_job_type.scheduled_job_type.run_scheduled_jo..., kwargs={'job_type': 'frappe.email.queue.retry_sending_emails'}, method='frappe.core.doctype.scheduled_job_type.scheduled_job_type.run_scheduled_jo..., site='task.local', user='Administrator') (task.local::scheduled_job::frappe.email.queue.retry_sending_emails)
2026-05-01 03:41:11,504 home-mahmoudtawfeek-task-manger:default: Job OK (task.local::scheduled_job::frappe.email.queue.retry_sending_emails)
2026-05-01 03:41:11,504 Result is kept for 600 seconds
2026-05-01 03:41:11,514 home-mahmoudtawfeek-task-manger:default: frappe.utils.background_jobs.execute_job(event=None, is_async=True, job_name='frappe.core.doctype.scheduled_job_type.scheduled_job_type.run_scheduled_jo..., kwargs={'job_type': 'frappe.monitor.flush'}, method='frappe.core.doctype.scheduled_job_type.scheduled_job_type.run_scheduled_jo..., site='task.local', user='Administrator') (task.local::scheduled_job::frappe.monitor.flush)
2026-05-01 03:41:12,025 home-mahmoudtawfeek-task-manger:default: Job OK (task.local::scheduled_job::frappe.monitor.flush)
2026-05-01 03:41:12,025 Result is kept for 600 seconds
2026-05-01 03:41:12,032 home-mahmoudtawfeek-task-manger:default: frappe.utils.background_jobs.execute_job(event=None, is_async=True, job_name='frappe.core.doctype.scheduled_job_type.scheduled_job_type.run_scheduled_jo..., kwargs={'job_type': 'frappe.integrations.doctype.google_calendar.google_calendar.s..., method='frappe.core.doctype.scheduled_job_type.scheduled_job_type.run_scheduled_jo..., site='task.local', user='Administrator') (task.local::scheduled_job::frappe.integrations.doctype.google_calendar.google_calendar.sync)
2026-05-01 03:41:12,633 home-mahmoudtawfeek-task-manger:default: Job OK (task.local::scheduled_job::frappe.integrations.doctype.google_calendar.google_calendar.sync)
2026-05-01 03:41:12,634 Result is kept for 600 seconds
2026-05-01 03:41:12,641 home-mahmoudtawfeek-task-manger:default: frappe.utils.background_jobs.execute_job(event=None, is_async=True, job_name='frappe.core.doctype.scheduled_job_type.scheduled_job_type.run_scheduled_jo..., kwargs={'job_type': 'frappe.email.doctype.email_account.email_account.pull'}, method='frappe.core.doctype.scheduled_job_type.scheduled_job_type.run_scheduled_jo..., site='task.local', user='Administrator') (task.local::scheduled_job::frappe.email.doctype.email_account.email_account.pull)
2026-05-01 03:41:13,907 home-mahmoudtawfeek-task-manger:default: Job OK (task.local::scheduled_job::frappe.email.doctype.email_account.email_account.pull)
2026-05-01 03:41:13,907 Result is kept for 600 seconds
2026-05-01 06:41:43,161 Cleaning registries for queue: home-mahmoudtawfeek-task-manger:short
2026-05-01 06:41:44,667 Cleaning registries for queue: home-mahmoudtawfeek-task-manger:default
2026-05-01 06:41:44,669 Cleaning registries for queue: home-mahmoudtawfeek-task-manger:long
2026-05-01 06:42:06,039 home-mahmoudtawfeek-task-manger:default: frappe.utils.background_jobs.execute_job(event=None, is_async=True, job_name='frappe.core.doctype.scheduled_job_type.scheduled_job_type.run_scheduled_jo..., kwargs={'job_type': 'frappe.utils.telemetry.pulse.client.send_queued_events'}, method='frappe.core.doctype.scheduled_job_type.scheduled_job_type.run_scheduled_jo..., site='task.local', user='Administrator') (task.local::scheduled_job::frappe.utils.telemetry.pulse.client.send_queued_events)
2026-05-01 06:42:06,977 home-mahmoudtawfeek-task-manger:default: Job OK (task.local::scheduled_job::frappe.utils.telemetry.pulse.client.send_queued_events)
2026-05-01 06:42:06,978 Result is kept for 600 seconds
2026-05-01 06:42:06,985 home-mahmoudtawfeek-task-manger:default: frappe.utils.background_jobs.execute_job(event=None, is_async=True, job_name='frappe.core.doctype.scheduled_job_type.scheduled_job_type.run_scheduled_jo..., kwargs={'job_type': 'frappe.integrations.doctype.google_calendar.google_calendar.s..., method='frappe.core.doctype.scheduled_job_type.scheduled_job_type.run_scheduled_jo..., site='task.local', user='Administrator') (task.local::scheduled_job::frappe.integrations.doctype.google_calendar.google_calendar.sync)
2026-05-01 06:42:07,586 home-mahmoudtawfeek-task-manger:default: Job OK (task.local::scheduled_job::frappe.integrations.doctype.google_calendar.google_calendar.sync)
2026-05-01 06:42:07,586 Result is kept for 600 seconds
2026-05-01 06:42:07,594 home-mahmoudtawfeek-task-manger:default: frappe.utils.background_jobs.execute_job(event=None, is_async=True, job_name='frappe.core.doctype.scheduled_job_type.scheduled_job_type.run_scheduled_jo..., kwargs={'job_type': 'frappe.model.utils.link_count.update_link_count'}, method='frappe.core.doctype.scheduled_job_type.scheduled_job_type.run_scheduled_jo..., site='task.local', user='Administrator') (task.local::scheduled_job::frappe.model.utils.link_count.update_link_count)
2026-05-01 06:42:07,974 home-mahmoudtawfeek-task-manger:default: Job OK (task.local::scheduled_job::frappe.model.utils.link_count.update_link_count)
2026-05-01 06:42:07,974 Result is kept for 600 seconds
2026-05-01 06:42:07,981 home-mahmoudtawfeek-task-manger:default: frappe.utils.background_jobs.execute_job(event=None, is_async=True, job_name='frappe.core.doctype.scheduled_job_type.scheduled_job_type.run_scheduled_jo..., kwargs={'job_type': 'frappe.email.doctype.newsletter.newsletter.send_scheduled_ema..., method='frappe.core.doctype.scheduled_job_type.scheduled_job_type.run_scheduled_jo..., site='task.local', user='Administrator') (task.local::scheduled_job::frappe.email.doctype.newsletter.newsletter.send_scheduled_email)
2026-05-01 06:42:08,805 home-mahmoudtawfeek-task-manger:default: Job OK (task.local::scheduled_job::frappe.email.doctype.newsletter.newsletter.send_scheduled_email)
2026-05-01 06:42:08,805 Result is kept for 600 seconds
2026-05-01 06:42:08,813 home-mahmoudtawfeek-task-manger:default: frappe.utils.background_jobs.execute_job(event=None, is_async=True, job_name='frappe.core.doctype.scheduled_job_type.scheduled_job_type.run_scheduled_jo..., kwargs={'job_type': 'frappe.search.sqlite_search.build_index_if_not_exists'}, method='frappe.core.doctype.scheduled_job_type.scheduled_job_type.run_scheduled_jo..., site='task.local', user='Administrator') (task.local::scheduled_job::frappe.search.sqlite_search.build_index_if_not_exists)
2026-05-01 06:42:09,759 home-mahmoudtawfeek-task-manger:default: Job OK (task.local::scheduled_job::frappe.search.sqlite_search.build_index_if_not_exists)
2026-05-01 06:42:09,760 Result is kept for 600 seconds
2026-05-01 06:42:09,767 home-mahmoudtawfeek-task-manger:default: frappe.utils.background_jobs.execute_job(event=None, is_async=True, job_name='frappe.core.doctype.scheduled_job_type.scheduled_job_type.run_scheduled_jo..., kwargs={'job_type': 'erpnext.projects.doctype.project.project.hourly_reminder'}, method='frappe.core.doctype.scheduled_job_type.scheduled_job_type.run_scheduled_jo..., site='task.local', user='Administrator') (task.local::scheduled_job::erpnext.projects.doctype.project.project.hourly_reminder)
2026-05-01 06:42:12,496 home-mahmoudtawfeek-task-manger:default: Job OK (task.local::scheduled_job::erpnext.projects.doctype.project.project.hourly_reminder)
2026-05-01 06:42:12,496 Result is kept for 600 seconds
2026-05-01 06:42:12,504 home-mahmoudtawfeek-task-manger:default: frappe.utils.background_jobs.execute_job(event=None, is_async=True, job_name='frappe.core.doctype.scheduled_job_type.scheduled_job_type.run_scheduled_jo..., kwargs={'job_type': 'frappe.utils.global_search.sync_global_search'}, method='frappe.core.doctype.scheduled_job_type.scheduled_job_type.run_scheduled_jo..., site='task.local', user='Administrator') (task.local::scheduled_job::frappe.utils.global_search.sync_global_search)
2026-05-01 06:42:12,833 home-mahmoudtawfeek-task-manger:default: Job OK (task.local::scheduled_job::frappe.utils.global_search.sync_global_search)
2026-05-01 06:42:12,833 Result is kept for 600 seconds
2026-05-01 06:42:12,840 home-mahmoudtawfeek-task-manger:default: frappe.utils.background_jobs.execute_job(event=None, is_async=True, job_name='frappe.core.doctype.scheduled_job_type.scheduled_job_type.run_scheduled_jo..., kwargs={'job_type': 'frappe.core.doctype.security_settings.security_settings_alert..., method='frappe.core.doctype.scheduled_job_type.scheduled_job_type.run_scheduled_jo..., site='task.local', user='Administrator') (task.local::scheduled_job::frappe.core.doctype.security_settings.security_settings_alert.check_security_txt_expiry)
2026-05-01 06:42:13,729 home-mahmoudtawfeek-task-manger:default: Job OK (task.local::scheduled_job::frappe.core.doctype.security_settings.security_settings_alert.check_security_txt_expiry)
2026-05-01 06:42:13,729 Result is kept for 600 seconds
2026-05-01 06:42:13,737 home-mahmoudtawfeek-task-manger:default: frappe.utils.background_jobs.execute_job(event=None, is_async=True, job_name='frappe.core.doctype.scheduled_job_type.scheduled_job_type.run_scheduled_jo..., kwargs={'job_type': 'frappe.email.queue.flush'}, method='frappe.core.doctype.scheduled_job_type.scheduled_job_type.run_scheduled_jo..., site='task.local', user='Administrator') (task.local::scheduled_job::frappe.email.queue.flush)
2026-05-01 06:42:14,338 home-mahmoudtawfeek-task-manger:default: Job OK (task.local::scheduled_job::frappe.email.queue.flush)
2026-05-01 06:42:14,338 Result is kept for 600 seconds
2026-05-01 06:42:14,346 home-mahmoudtawfeek-task-manger:default: frappe.utils.background_jobs.execute_job(event=None, is_async=True, job_name='frappe.core.doctype.scheduled_job_type.scheduled_job_type.run_scheduled_jo..., kwargs={'job_type': 'frappe.automation.doctype.reminder.reminder.send_reminders'}, method='frappe.core.doctype.scheduled_job_type.scheduled_job_type.run_scheduled_jo..., site='task.local', user='Administrator') (task.local::scheduled_job::frappe.automation.doctype.reminder.reminder.send_reminders)
2026-05-01 06:42:14,770 home-mahmoudtawfeek-task-manger:default: Job OK (task.local::scheduled_job::frappe.automation.doctype.reminder.reminder.send_reminders)
2026-05-01 06:42:14,770 Result is kept for 600 seconds
2026-05-01 06:42:14,778 home-mahmoudtawfeek-task-manger:default: frappe.utils.background_jobs.execute_job(event=None, is_async=True, job_name='frappe.core.doctype.scheduled_job_type.scheduled_job_type.run_scheduled_jo..., kwargs={'job_type': 'erpnext.manufacturing.doctype.bom_update_log.bom_update_log.r..., method='frappe.core.doctype.scheduled_job_type.scheduled_job_type.run_scheduled_jo..., site='task.local', user='Administrator') (task.local::scheduled_job::erpnext.manufacturing.doctype.bom_update_log.bom_update_log.resume_bom_cost_update_jobs)
2026-05-01 06:42:15,179 home-mahmoudtawfeek-task-manger:default: Job OK (task.local::scheduled_job::erpnext.manufacturing.doctype.bom_update_log.bom_update_log.resume_bom_cost_update_jobs)
2026-05-01 06:42:15,180 Result is kept for 600 seconds
2026-05-01 06:42:15,187 home-mahmoudtawfeek-task-manger:default: frappe.utils.background_jobs.execute_job(event=None, is_async=True, job_name='frappe.core.doctype.scheduled_job_type.scheduled_job_type.run_scheduled_jo..., kwargs={'job_type': 'frappe.deferred_insert.save_to_db'}, method='frappe.core.doctype.scheduled_job_type.scheduled_job_type.run_scheduled_jo..., site='task.local', user='Administrator') (task.local::scheduled_job::frappe.deferred_insert.save_to_db)
2026-05-01 06:42:15,978 home-mahmoudtawfeek-task-manger:default: Job OK (task.local::scheduled_job::frappe.deferred_insert.save_to_db)
2026-05-01 06:42:15,978 Result is kept for 600 seconds
2026-05-01 06:42:15,986 home-mahmoudtawfeek-task-manger:default: frappe.utils.background_jobs.execute_job(event=None, is_async=True, job_name='frappe.core.doctype.scheduled_job_type.scheduled_job_type.run_scheduled_jo..., kwargs={'job_type': 'frappe.email.doctype.email_account.email_account.notify_unrep..., method='frappe.core.doctype.scheduled_job_type.scheduled_job_type.run_scheduled_jo..., site='task.local', user='Administrator') (task.local::scheduled_job::frappe.email.doctype.email_account.email_account.notify_unreplied)
2026-05-01 06:42:16,608 home-mahmoudtawfeek-task-manger:default: Job OK (task.local::scheduled_job::frappe.email.doctype.email_account.email_account.notify_unreplied)
2026-05-01 06:42:16,609 Result is kept for 600 seconds
2026-05-01 06:42:16,616 home-mahmoudtawfeek-task-manger:default: frappe.utils.background_jobs.execute_job(event=None, is_async=True, job_name='frappe.core.doctype.scheduled_job_type.scheduled_job_type.run_scheduled_jo..., kwargs={'job_type': 'frappe.monitor.flush'}, method='frappe.core.doctype.scheduled_job_type.scheduled_job_type.run_scheduled_jo..., site='task.local', user='Administrator') (task.local::scheduled_job::frappe.monitor.flush)
2026-05-01 06:42:16,874 home-mahmoudtawfeek-task-manger:default: Job OK (task.local::scheduled_job::frappe.monitor.flush)
2026-05-01 06:42:16,874 Result is kept for 600 seconds
2026-05-01 06:42:16,883 home-mahmoudtawfeek-task-manger:default: frappe.utils.background_jobs.execute_job(event=None, is_async=True, job_name='frappe.core.doctype.scheduled_job_type.scheduled_job_type.run_scheduled_jo..., kwargs={'job_type': 'frappe.email.doctype.email_account.email_account.pull'}, method='frappe.core.doctype.scheduled_job_type.scheduled_job_type.run_scheduled_jo..., site='task.local', user='Administrator') (task.local::scheduled_job::frappe.email.doctype.email_account.email_account.pull)
2026-05-01 06:42:17,283 home-mahmoudtawfeek-task-manger:default: Job OK (task.local::scheduled_job::frappe.email.doctype.email_account.email_account.pull)
2026-05-01 06:42:17,283 Result is kept for 600 seconds
2026-05-01 06:42:17,291 home-mahmoudtawfeek-task-manger:default: frappe.utils.background_jobs.execute_job(event=None, is_async=True, job_name='frappe.core.doctype.scheduled_job_type.scheduled_job_type.run_scheduled_jo..., kwargs={'job_type': 'frappe.email.queue.retry_sending_emails'}, method='frappe.core.doctype.scheduled_job_type.scheduled_job_type.run_scheduled_jo..., site='task.local', user='Administrator') (task.local::scheduled_job::frappe.email.queue.retry_sending_emails)
2026-05-01 06:42:18,014 home-mahmoudtawfeek-task-manger:default: Job OK (task.local::scheduled_job::frappe.email.queue.retry_sending_emails)
2026-05-01 06:42:18,014 Result is kept for 600 seconds
2026-05-01 06:42:18,022 home-mahmoudtawfeek-task-manger:default: frappe.utils.background_jobs.execute_job(event=None, is_async=True, job_name='frappe.core.doctype.scheduled_job_type.scheduled_job_type.run_scheduled_jo..., kwargs={'job_type': 'erpnext.accounts.doctype.gl_entry.gl_entry.rename_gle_sle_doc..., method='frappe.core.doctype.scheduled_job_type.scheduled_job_type.run_scheduled_jo..., site='task.local', user='Administrator') (task.local::scheduled_job::erpnext.accounts.doctype.gl_entry.gl_entry.rename_gle_sle_docs)
2026-05-01 06:42:18,512 home-mahmoudtawfeek-task-manger:default: Job OK (task.local::scheduled_job::erpnext.accounts.doctype.gl_entry.gl_entry.rename_gle_sle_docs)
2026-05-01 06:42:18,512 Result is kept for 600 seconds
2026-05-01 06:42:18,530 home-mahmoudtawfeek-task-manger:long: frappe.utils.background_jobs.execute_job(event=None, is_async=True, job_name='frappe.core.doctype.scheduled_job_type.scheduled_job_type.run_scheduled_jo..., kwargs={'job_type': 'erpnext.projects.doctype.project.project.project_status_updat..., method='frappe.core.doctype.scheduled_job_type.scheduled_job_type.run_scheduled_jo..., site='task.local', user='Administrator') (task.local::scheduled_job::erpnext.projects.doctype.project.project.project_status_update_reminder)
2026-05-01 06:42:18,911 home-mahmoudtawfeek-task-manger:long: Job OK (task.local::scheduled_job::erpnext.projects.doctype.project.project.project_status_update_reminder)
2026-05-01 06:42:18,911 Result is kept for 600 seconds
2026-05-01 06:42:18,919 home-mahmoudtawfeek-task-manger:long: frappe.utils.background_jobs.execute_job(event=None, is_async=True, job_name='frappe.core.doctype.scheduled_job_type.scheduled_job_type.run_scheduled_jo..., kwargs={'job_type': 'erpnext.utilities.bulk_transaction.retry'}, method='frappe.core.doctype.scheduled_job_type.scheduled_job_type.run_scheduled_jo..., site='task.local', user='Administrator') (task.local::scheduled_job::erpnext.utilities.bulk_transaction.retry)
2026-05-01 06:42:19,668 home-mahmoudtawfeek-task-manger:long: Job OK (task.local::scheduled_job::erpnext.utilities.bulk_transaction.retry)
2026-05-01 06:42:19,668 Result is kept for 600 seconds
2026-05-01 06:42:19,676 home-mahmoudtawfeek-task-manger:long: frappe.utils.background_jobs.execute_job(event=None, is_async=True, job_name='frappe.core.doctype.scheduled_job_type.scheduled_job_type.run_scheduled_jo..., kwargs={'job_type': 'erpnext.stock.doctype.repost_item_valuation.repost_item_valua..., method='frappe.core.doctype.scheduled_job_type.scheduled_job_type.run_scheduled_jo..., site='task.local', user='Administrator') (task.local::scheduled_job::erpnext.stock.doctype.repost_item_valuation.repost_item_valuation.repost_entries)
2026-05-01 06:42:21,173 home-mahmoudtawfeek-task-manger:long: Job OK (task.local::scheduled_job::erpnext.stock.doctype.repost_item_valuation.repost_item_valuation.repost_entries)
2026-05-01 06:42:21,174 Result is kept for 600 seconds
2026-05-01 06:42:21,183 home-mahmoudtawfeek-task-manger:long: frappe.utils.background_jobs.execute_job(event=None, is_async=True, job_name='frappe.core.doctype.scheduled_job_type.scheduled_job_type.run_scheduled_jo..., kwargs={'job_type': 'frappe.oauth.delete_oauth2_data'}, method='frappe.core.doctype.scheduled_job_type.scheduled_job_type.run_scheduled_jo..., site='task.local', user='Administrator') (task.local::scheduled_job::frappe.oauth.delete_oauth2_data)
2026-05-01 06:42:22,460 home-mahmoudtawfeek-task-manger:long: Job OK (task.local::scheduled_job::frappe.oauth.delete_oauth2_data)
2026-05-01 06:42:22,460 Result is kept for 600 seconds
2026-05-01 06:42:22,468 home-mahmoudtawfeek-task-manger:long: frappe.utils.background_jobs.execute_job(event=None, is_async=True, job_name='frappe.core.doctype.scheduled_job_type.scheduled_job_type.run_scheduled_jo..., kwargs={'job_type': 'frappe.core.doctype.prepared_report.prepared_report.expire_st..., method='frappe.core.doctype.scheduled_job_type.scheduled_job_type.run_scheduled_jo..., site='task.local', user='Administrator') (task.local::scheduled_job::frappe.core.doctype.prepared_report.prepared_report.expire_stalled_report)
2026-05-01 06:42:23,117 home-mahmoudtawfeek-task-manger:long: Job OK (task.local::scheduled_job::frappe.core.doctype.prepared_report.prepared_report.expire_stalled_report)
2026-05-01 06:42:23,117 Result is kept for 600 seconds
2026-05-01 06:42:23,124 home-mahmoudtawfeek-task-manger:long: frappe.utils.background_jobs.execute_job(event=None, is_async=True, job_name='frappe.core.doctype.scheduled_job_type.scheduled_job_type.run_scheduled_jo..., kwargs={'job_type': 'frappe.website.doctype.web_page.web_page.check_publish_status..., method='frappe.core.doctype.scheduled_job_type.scheduled_job_type.run_scheduled_jo..., site='task.local', user='Administrator') (task.local::scheduled_job::frappe.website.doctype.web_page.web_page.check_publish_status)
2026-05-01 06:42:23,703 home-mahmoudtawfeek-task-manger:long: Job OK (task.local::scheduled_job::frappe.website.doctype.web_page.web_page.check_publish_status)
2026-05-01 06:42:23,704 Result is kept for 600 seconds
2026-05-01 06:42:23,711 home-mahmoudtawfeek-task-manger:long: frappe.utils.background_jobs.execute_job(event=None, is_async=True, job_name='frappe.core.doctype.scheduled_job_type.scheduled_job_type.run_scheduled_jo..., kwargs={'job_type': 'frappe.desk.form.document_follow.send_hourly_updates'}, method='frappe.core.doctype.scheduled_job_type.scheduled_job_type.run_scheduled_jo..., site='task.local', user='Administrator') (task.local::scheduled_job::frappe.desk.form.document_follow.send_hourly_updates)
2026-05-01 06:42:24,124 home-mahmoudtawfeek-task-manger:long: Job OK (task.local::scheduled_job::frappe.desk.form.document_follow.send_hourly_updates)
2026-05-01 06:42:24,124 Result is kept for 600 seconds
2026-05-01 06:42:24,132 home-mahmoudtawfeek-task-manger:long: frappe.utils.background_jobs.execute_job(event=None, is_async=True, job_name='frappe.core.doctype.scheduled_job_type.scheduled_job_type.run_scheduled_jo..., kwargs={'job_type': 'erpnext.projects.doctype.project.project.collect_project_stat..., method='frappe.core.doctype.scheduled_job_type.scheduled_job_type.run_scheduled_jo..., site='task.local', user='Administrator') (task.local::scheduled_job::erpnext.projects.doctype.project.project.collect_project_status)
2026-05-01 06:42:24,727 home-mahmoudtawfeek-task-manger:long: Job OK (task.local::scheduled_job::erpnext.projects.doctype.project.project.collect_project_status)
2026-05-01 06:42:24,727 Result is kept for 600 seconds
2026-05-01 06:42:24,734 home-mahmoudtawfeek-task-manger:long: frappe.utils.background_jobs.execute_job(event=None, is_async=True, job_name='frappe.core.doctype.scheduled_job_type.scheduled_job_type.run_scheduled_jo..., kwargs={'job_type': 'frappe.website.doctype.personal_data_deletion_request.persona..., method='frappe.core.doctype.scheduled_job_type.scheduled_job_type.run_scheduled_jo..., site='task.local', user='Administrator') (task.local::scheduled_job::frappe.website.doctype.personal_data_deletion_request.personal_data_deletion_request.process_data_deletion_request)
2026-05-01 06:42:25,667 home-mahmoudtawfeek-task-manger:long: Job OK (task.local::scheduled_job::frappe.website.doctype.personal_data_deletion_request.personal_data_deletion_request.process_data_deletion_request)
2026-05-01 06:42:25,668 Result is kept for 600 seconds
2026-05-01 06:42:25,675 home-mahmoudtawfeek-task-manger:long: frappe.utils.background_jobs.execute_job(event=None, is_async=True, job_name='frappe.core.doctype.scheduled_job_type.scheduled_job_type.run_scheduled_jo..., kwargs={'job_type': 'frappe.twofactor.delete_all_barcodes_for_users'}, method='frappe.core.doctype.scheduled_job_type.scheduled_job_type.run_scheduled_jo..., site='task.local', user='Administrator') (task.local::scheduled_job::frappe.twofactor.delete_all_barcodes_for_users)
2026-05-01 06:42:26,072 home-mahmoudtawfeek-task-manger:long: Job OK (task.local::scheduled_job::frappe.twofactor.delete_all_barcodes_for_users)
2026-05-01 06:42:26,072 Result is kept for 600 seconds
2026-05-01 06:42:26,080 home-mahmoudtawfeek-task-manger:long: frappe.utils.background_jobs.execute_job(event=None, is_async=True, job_name='frappe.core.doctype.scheduled_job_type.scheduled_job_type.run_scheduled_jo..., kwargs={'job_type': 'erpnext.erpnext_integrations.doctype.plaid_settings.plaid_set..., method='frappe.core.doctype.scheduled_job_type.scheduled_job_type.run_scheduled_jo..., site='task.local', user='Administrator') (task.local::scheduled_job::erpnext.erpnext_integrations.doctype.plaid_settings.plaid_settings.automatic_synchronization)
2026-05-01 06:42:26,917 home-mahmoudtawfeek-task-manger:long: Job OK (task.local::scheduled_job::erpnext.erpnext_integrations.doctype.plaid_settings.plaid_settings.automatic_synchronization)
2026-05-01 06:42:26,918 Result is kept for 600 seconds
2026-05-01 06:42:26,926 home-mahmoudtawfeek-task-manger:long: frappe.utils.background_jobs.execute_job(event=None, is_async=True, job_name='frappe.core.doctype.scheduled_job_type.scheduled_job_type.run_scheduled_jo..., kwargs={'job_type': 'frappe.desk.utils.delete_old_exported_report_files'}, method='frappe.core.doctype.scheduled_job_type.scheduled_job_type.run_scheduled_jo..., site='task.local', user='Administrator') (task.local::scheduled_job::frappe.desk.utils.delete_old_exported_report_files)
2026-05-01 06:42:27,755 home-mahmoudtawfeek-task-manger:long: Job OK (task.local::scheduled_job::frappe.desk.utils.delete_old_exported_report_files)
2026-05-01 06:42:27,755 Result is kept for 600 seconds
2026-05-01 06:42:27,763 home-mahmoudtawfeek-task-manger:long: frappe.utils.background_jobs.execute_job(event=None, is_async=True, job_name='frappe.core.doctype.scheduled_job_type.scheduled_job_type.run_scheduled_jo..., kwargs={'job_type': 'erpnext.utilities.doctype.video.video.update_youtube_data'}, method='frappe.core.doctype.scheduled_job_type.scheduled_job_type.run_scheduled_jo..., site='task.local', user='Administrator') (task.local::scheduled_job::erpnext.utilities.doctype.video.video.update_youtube_data)
2026-05-01 06:42:29,442 home-mahmoudtawfeek-task-manger:long: Job OK (task.local::scheduled_job::erpnext.utilities.doctype.video.video.update_youtube_data)
2026-05-01 06:42:29,442 Result is kept for 600 seconds
2026-05-01 06:42:29,452 home-mahmoudtawfeek-task-manger:long: frappe.utils.background_jobs.execute_job(event=None, is_async=True, job_name='frappe.core.doctype.scheduled_job_type.scheduled_job_type.run_scheduled_jo..., kwargs={'job_type': 'frappe.model.utils.user_settings.sync_user_settings'}, method='frappe.core.doctype.scheduled_job_type.scheduled_job_type.run_scheduled_jo..., site='task.local', user='Administrator') (task.local::scheduled_job::frappe.model.utils.user_settings.sync_user_settings)
2026-05-01 06:42:30,169 home-mahmoudtawfeek-task-manger:long: Job OK (task.local::scheduled_job::frappe.model.utils.user_settings.sync_user_settings)
2026-05-01 06:42:30,169 Result is kept for 600 seconds
2026-05-01 06:42:30,177 home-mahmoudtawfeek-task-manger:long: frappe.utils.background_jobs.execute_job(event=None, is_async=True, job_name='frappe.core.doctype.scheduled_job_type.scheduled_job_type.run_scheduled_jo..., kwargs={'job_type': 'frappe.desk.page.backups.backups.delete_downloadable_backups'..., method='frappe.core.doctype.scheduled_job_type.scheduled_job_type.run_scheduled_jo..., site='task.local', user='Administrator') (task.local::scheduled_job::frappe.desk.page.backups.backups.delete_downloadable_backups)
2026-05-01 06:42:31,022 home-mahmoudtawfeek-task-manger:long: Job OK (task.local::scheduled_job::frappe.desk.page.backups.backups.delete_downloadable_backups)
2026-05-01 06:42:31,022 Result is kept for 600 seconds
2026-05-01 06:44:06,862 home-mahmoudtawfeek-task-manger:default: frappe.utils.background_jobs.execute_job(event=None, is_async=True, job_name='frappe.core.doctype.scheduled_job_type.scheduled_job_type.run_scheduled_jo..., kwargs={'job_type': 'frappe.email.queue.flush'}, method='frappe.core.doctype.scheduled_job_type.scheduled_job_type.run_scheduled_jo..., site='task.local', user='Administrator') (task.local::scheduled_job::frappe.email.queue.flush)
2026-05-01 06:44:07,700 home-mahmoudtawfeek-task-manger:default: Job OK (task.local::scheduled_job::frappe.email.queue.flush)
2026-05-01 06:44:07,700 Result is kept for 600 seconds
2026-05-01 06:44:07,709 home-mahmoudtawfeek-task-manger:default: frappe.utils.background_jobs.execute_job(event=None, is_async=True, job_name='frappe.core.doctype.scheduled_job_type.scheduled_job_type.run_scheduled_jo..., kwargs={'job_type': 'frappe.email.queue.retry_sending_emails'}, method='frappe.core.doctype.scheduled_job_type.scheduled_job_type.run_scheduled_jo..., site='task.local', user='Administrator') (task.local::scheduled_job::frappe.email.queue.retry_sending_emails)
2026-05-01 06:44:08,338 home-mahmoudtawfeek-task-manger:default: Job OK (task.local::scheduled_job::frappe.email.queue.retry_sending_emails)
2026-05-01 06:44:08,338 Result is kept for 600 seconds
2026-05-01 06:44:08,357 home-mahmoudtawfeek-task-manger:default: frappe.utils.background_jobs.execute_job(event=None, is_async=True, job_name='frappe.core.doctype.scheduled_job_type.scheduled_job_type.run_scheduled_jo..., kwargs={'job_type': 'frappe.integrations.doctype.google_calendar.google_calendar.s..., method='frappe.core.doctype.scheduled_job_type.scheduled_job_type.run_scheduled_jo..., site='task.local', user='Administrator') (task.local::scheduled_job::frappe.integrations.doctype.google_calendar.google_calendar.sync)
2026-05-01 06:44:09,027 home-mahmoudtawfeek-task-manger:default: Job OK (task.local::scheduled_job::frappe.integrations.doctype.google_calendar.google_calendar.sync)
2026-05-01 06:44:09,027 Result is kept for 600 seconds
2026-05-01 06:44:09,035 home-mahmoudtawfeek-task-manger:default: frappe.utils.background_jobs.execute_job(event=None, is_async=True, job_name='frappe.core.doctype.scheduled_job_type.scheduled_job_type.run_scheduled_jo..., kwargs={'job_type': 'frappe.monitor.flush'}, method='frappe.core.doctype.scheduled_job_type.scheduled_job_type.run_scheduled_jo..., site='task.local', user='Administrator') (task.local::scheduled_job::frappe.monitor.flush)
2026-05-01 06:44:10,204 home-mahmoudtawfeek-task-manger:default: Job OK (task.local::scheduled_job::frappe.monitor.flush)
2026-05-01 06:44:10,205 Result is kept for 600 seconds
2026-05-01 06:45:07,093 home-mahmoudtawfeek-task-manger:default: frappe.utils.background_jobs.execute_job(event=None, is_async=True, job_name='frappe.core.doctype.scheduled_job_type.scheduled_job_type.run_scheduled_jo..., kwargs={'job_type': 'frappe.model.utils.link_count.update_link_count'}, method='frappe.core.doctype.scheduled_job_type.scheduled_job_type.run_scheduled_jo..., site='task.local', user='Administrator') (task.local::scheduled_job::frappe.model.utils.link_count.update_link_count)
2026-05-01 06:45:07,534 home-mahmoudtawfeek-task-manger:default: Job OK (task.local::scheduled_job::frappe.model.utils.link_count.update_link_count)
2026-05-01 06:45:07,535 Result is kept for 600 seconds
2026-05-01 06:45:07,542 home-mahmoudtawfeek-task-manger:default: frappe.utils.background_jobs.execute_job(event=None, is_async=True, job_name='frappe.core.doctype.scheduled_job_type.scheduled_job_type.run_scheduled_jo..., kwargs={'job_type': 'erpnext.manufacturing.doctype.bom_update_log.bom_update_log.r..., method='frappe.core.doctype.scheduled_job_type.scheduled_job_type.run_scheduled_jo..., site='task.local', user='Administrator') (task.local::scheduled_job::erpnext.manufacturing.doctype.bom_update_log.bom_update_log.resume_bom_cost_update_jobs)
2026-05-01 06:45:07,856 home-mahmoudtawfeek-task-manger:default: Job OK (task.local::scheduled_job::erpnext.manufacturing.doctype.bom_update_log.bom_update_log.resume_bom_cost_update_jobs)
2026-05-01 06:45:07,856 Result is kept for 600 seconds
2026-05-01 06:45:07,863 home-mahmoudtawfeek-task-manger:default: frappe.utils.background_jobs.execute_job(event=None, is_async=True, job_name='frappe.core.doctype.scheduled_job_type.scheduled_job_type.run_scheduled_jo..., kwargs={'job_type': 'frappe.search.sqlite_search.build_index_if_not_exists'}, method='frappe.core.doctype.scheduled_job_type.scheduled_job_type.run_scheduled_jo..., site='task.local', user='Administrator') (task.local::scheduled_job::frappe.search.sqlite_search.build_index_if_not_exists)
2026-05-01 06:45:08,198 home-mahmoudtawfeek-task-manger:default: Job OK (task.local::scheduled_job::frappe.search.sqlite_search.build_index_if_not_exists)
2026-05-01 06:45:08,198 Result is kept for 600 seconds
2026-05-01 06:45:08,205 home-mahmoudtawfeek-task-manger:default: frappe.utils.background_jobs.execute_job(event=None, is_async=True, job_name='frappe.core.doctype.scheduled_job_type.scheduled_job_type.run_scheduled_jo..., kwargs={'job_type': 'frappe.automation.doctype.reminder.reminder.send_reminders'}, method='frappe.core.doctype.scheduled_job_type.scheduled_job_type.run_scheduled_jo..., site='task.local', user='Administrator') (task.local::scheduled_job::frappe.automation.doctype.reminder.reminder.send_reminders)
2026-05-01 06:45:08,510 home-mahmoudtawfeek-task-manger:default: Job OK (task.local::scheduled_job::frappe.automation.doctype.reminder.reminder.send_reminders)
2026-05-01 06:45:08,510 Result is kept for 600 seconds
2026-05-01 06:45:08,518 home-mahmoudtawfeek-task-manger:default: frappe.utils.background_jobs.execute_job(event=None, is_async=True, job_name='frappe.core.doctype.scheduled_job_type.scheduled_job_type.run_scheduled_jo..., kwargs={'job_type': 'frappe.deferred_insert.save_to_db'}, method='frappe.core.doctype.scheduled_job_type.scheduled_job_type.run_scheduled_jo..., site='task.local', user='Administrator') (task.local::scheduled_job::frappe.deferred_insert.save_to_db)
2026-05-01 06:45:08,838 home-mahmoudtawfeek-task-manger:default: Job OK (task.local::scheduled_job::frappe.deferred_insert.save_to_db)
2026-05-01 06:45:08,839 Result is kept for 600 seconds
2026-05-01 06:45:08,865 home-mahmoudtawfeek-task-manger:default: frappe.utils.background_jobs.execute_job(event=None, is_async=True, job_name='frappe.core.doctype.scheduled_job_type.scheduled_job_type.run_scheduled_jo..., kwargs={'job_type': 'frappe.utils.global_search.sync_global_search'}, method='frappe.core.doctype.scheduled_job_type.scheduled_job_type.run_scheduled_jo..., site='task.local', user='Administrator') (task.local::scheduled_job::frappe.utils.global_search.sync_global_search)
2026-05-01 06:45:09,230 home-mahmoudtawfeek-task-manger:default: Job OK (task.local::scheduled_job::frappe.utils.global_search.sync_global_search)
2026-05-01 06:45:09,230 Result is kept for 600 seconds
2026-05-01 06:45:09,237 home-mahmoudtawfeek-task-manger:default: frappe.utils.background_jobs.execute_job(event=None, is_async=True, job_name='frappe.core.doctype.scheduled_job_type.scheduled_job_type.run_scheduled_jo..., kwargs={'job_type': 'frappe.email.doctype.email_account.email_account.notify_unrep..., method='frappe.core.doctype.scheduled_job_type.scheduled_job_type.run_scheduled_jo..., site='task.local', user='Administrator') (task.local::scheduled_job::frappe.email.doctype.email_account.email_account.notify_unreplied)
2026-05-01 06:45:09,595 home-mahmoudtawfeek-task-manger:default: Job OK (task.local::scheduled_job::frappe.email.doctype.email_account.email_account.notify_unreplied)
2026-05-01 06:45:09,595 Result is kept for 600 seconds
2026-05-01 06:45:09,602 home-mahmoudtawfeek-task-manger:default: frappe.utils.background_jobs.execute_job(event=None, is_async=True, job_name='frappe.core.doctype.scheduled_job_type.scheduled_job_type.run_scheduled_jo..., kwargs={'job_type': 'frappe.utils.telemetry.pulse.client.send_queued_events'}, method='frappe.core.doctype.scheduled_job_type.scheduled_job_type.run_scheduled_jo..., site='task.local', user='Administrator') (task.local::scheduled_job::frappe.utils.telemetry.pulse.client.send_queued_events)
2026-05-01 06:45:09,951 home-mahmoudtawfeek-task-manger:default: Job OK (task.local::scheduled_job::frappe.utils.telemetry.pulse.client.send_queued_events)
2026-05-01 06:45:09,952 Result is kept for 600 seconds
2026-05-01 06:48:07,892 home-mahmoudtawfeek-task-manger:default: frappe.utils.background_jobs.execute_job(event=None, is_async=True, job_name='frappe.core.doctype.scheduled_job_type.scheduled_job_type.run_scheduled_jo..., kwargs={'job_type': 'frappe.email.queue.flush'}, method='frappe.core.doctype.scheduled_job_type.scheduled_job_type.run_scheduled_jo..., site='task.local', user='Administrator') (task.local::scheduled_job::frappe.email.queue.flush)
2026-05-01 06:48:08,458 home-mahmoudtawfeek-task-manger:default: Job OK (task.local::scheduled_job::frappe.email.queue.flush)
2026-05-01 06:48:08,458 Result is kept for 600 seconds
2026-05-01 06:48:08,466 home-mahmoudtawfeek-task-manger:default: frappe.utils.background_jobs.execute_job(event=None, is_async=True, job_name='frappe.core.doctype.scheduled_job_type.scheduled_job_type.run_scheduled_jo..., kwargs={'job_type': 'frappe.email.queue.retry_sending_emails'}, method='frappe.core.doctype.scheduled_job_type.scheduled_job_type.run_scheduled_jo..., site='task.local', user='Administrator') (task.local::scheduled_job::frappe.email.queue.retry_sending_emails)
2026-05-01 06:48:08,980 home-mahmoudtawfeek-task-manger:default: Job OK (task.local::scheduled_job::frappe.email.queue.retry_sending_emails)
2026-05-01 06:48:08,981 Result is kept for 600 seconds
2026-05-01 06:48:08,989 home-mahmoudtawfeek-task-manger:default: frappe.utils.background_jobs.execute_job(event=None, is_async=True, job_name='frappe.core.doctype.scheduled_job_type.scheduled_job_type.run_scheduled_jo..., kwargs={'job_type': 'frappe.integrations.doctype.google_calendar.google_calendar.s..., method='frappe.core.doctype.scheduled_job_type.scheduled_job_type.run_scheduled_jo..., site='task.local', user='Administrator') (task.local::scheduled_job::frappe.integrations.doctype.google_calendar.google_calendar.sync)
2026-05-01 06:48:09,455 home-mahmoudtawfeek-task-manger:default: Job OK (task.local::scheduled_job::frappe.integrations.doctype.google_calendar.google_calendar.sync)
2026-05-01 06:48:09,456 Result is kept for 600 seconds
2026-05-01 06:48:09,463 home-mahmoudtawfeek-task-manger:default: frappe.utils.background_jobs.execute_job(event=None, is_async=True, job_name='frappe.core.doctype.scheduled_job_type.scheduled_job_type.run_scheduled_jo..., kwargs={'job_type': 'frappe.monitor.flush'}, method='frappe.core.doctype.scheduled_job_type.scheduled_job_type.run_scheduled_jo..., site='task.local', user='Administrator') (task.local::scheduled_job::frappe.monitor.flush)
2026-05-01 06:48:09,666 home-mahmoudtawfeek-task-manger:default: Job OK (task.local::scheduled_job::frappe.monitor.flush)
2026-05-01 06:48:09,666 Result is kept for 600 seconds
2026-05-01 06:50:08,525 home-mahmoudtawfeek-task-manger:default: frappe.utils.background_jobs.execute_job(event=None, is_async=True, job_name='frappe.core.doctype.scheduled_job_type.scheduled_job_type.run_scheduled_jo..., kwargs={'job_type': 'frappe.email.doctype.email_account.email_account.pull'}, method='frappe.core.doctype.scheduled_job_type.scheduled_job_type.run_scheduled_jo..., site='task.local', user='Administrator') (task.local::scheduled_job::frappe.email.doctype.email_account.email_account.pull)
2026-05-01 06:50:09,437 home-mahmoudtawfeek-task-manger:default: Job OK (task.local::scheduled_job::frappe.email.doctype.email_account.email_account.pull)
2026-05-01 06:50:09,437 Result is kept for 600 seconds
2026-05-01 06:52:08,958 home-mahmoudtawfeek-task-manger:default: frappe.utils.background_jobs.execute_job(event=None, is_async=True, job_name='frappe.core.doctype.scheduled_job_type.scheduled_job_type.run_scheduled_jo..., kwargs={'job_type': 'frappe.integrations.doctype.google_calendar.google_calendar.s..., method='frappe.core.doctype.scheduled_job_type.scheduled_job_type.run_scheduled_jo..., site='task.local', user='Administrator') (task.local::scheduled_job::frappe.integrations.doctype.google_calendar.google_calendar.sync)
2026-05-01 06:52:09,467 home-mahmoudtawfeek-task-manger:default: Job OK (task.local::scheduled_job::frappe.integrations.doctype.google_calendar.google_calendar.sync)
2026-05-01 06:52:09,467 Result is kept for 600 seconds
2026-05-01 06:52:09,475 home-mahmoudtawfeek-task-manger:default: frappe.utils.background_jobs.execute_job(event=None, is_async=True, job_name='frappe.core.doctype.scheduled_job_type.scheduled_job_type.run_scheduled_jo..., kwargs={'job_type': 'frappe.monitor.flush'}, method='frappe.core.doctype.scheduled_job_type.scheduled_job_type.run_scheduled_jo..., site='task.local', user='Administrator') (task.local::scheduled_job::frappe.monitor.flush)
2026-05-01 06:52:09,687 home-mahmoudtawfeek-task-manger:default: Job OK (task.local::scheduled_job::frappe.monitor.flush)
2026-05-01 06:52:09,687 Result is kept for 600 seconds
2026-05-01 06:52:09,694 home-mahmoudtawfeek-task-manger:default: frappe.utils.background_jobs.execute_job(event=None, is_async=True, job_name='frappe.core.doctype.scheduled_job_type.scheduled_job_type.run_scheduled_jo..., kwargs={'job_type': 'frappe.email.queue.flush'}, method='frappe.core.doctype.scheduled_job_type.scheduled_job_type.run_scheduled_jo..., site='task.local', user='Administrator') (task.local::scheduled_job::frappe.email.queue.flush)
2026-05-01 06:52:10,242 home-mahmoudtawfeek-task-manger:default: Job OK (task.local::scheduled_job::frappe.email.queue.flush)
2026-05-01 06:52:10,242 Result is kept for 600 seconds
2026-05-01 06:52:10,250 home-mahmoudtawfeek-task-manger:default: frappe.utils.background_jobs.execute_job(event=None, is_async=True, job_name='frappe.core.doctype.scheduled_job_type.scheduled_job_type.run_scheduled_jo..., kwargs={'job_type': 'frappe.email.queue.retry_sending_emails'}, method='frappe.core.doctype.scheduled_job_type.scheduled_job_type.run_scheduled_jo..., site='task.local', user='Administrator') (task.local::scheduled_job::frappe.email.queue.retry_sending_emails)
2026-05-01 06:52:10,827 home-mahmoudtawfeek-task-manger:default: Job OK (task.local::scheduled_job::frappe.email.queue.retry_sending_emails)
2026-05-01 06:52:10,827 Result is kept for 600 seconds
2026-05-01 06:56:09,908 home-mahmoudtawfeek-task-manger:default: frappe.utils.background_jobs.execute_job(event=None, is_async=True, job_name='frappe.core.doctype.scheduled_job_type.scheduled_job_type.run_scheduled_jo..., kwargs={'job_type': 'frappe.monitor.flush'}, method='frappe.core.doctype.scheduled_job_type.scheduled_job_type.run_scheduled_jo..., site='task.local', user='Administrator') (task.local::scheduled_job::frappe.monitor.flush)
2026-05-01 06:56:10,179 home-mahmoudtawfeek-task-manger:default: Job OK (task.local::scheduled_job::frappe.monitor.flush)
2026-05-01 06:56:10,180 Result is kept for 600 seconds
2026-05-01 06:56:10,186 home-mahmoudtawfeek-task-manger:default: frappe.utils.background_jobs.execute_job(event=None, is_async=True, job_name='frappe.core.doctype.scheduled_job_type.scheduled_job_type.run_scheduled_jo..., kwargs={'job_type': 'frappe.integrations.doctype.google_calendar.google_calendar.s..., method='frappe.core.doctype.scheduled_job_type.scheduled_job_type.run_scheduled_jo..., site='task.local', user='Administrator') (task.local::scheduled_job::frappe.integrations.doctype.google_calendar.google_calendar.sync)
2026-05-01 06:56:10,702 home-mahmoudtawfeek-task-manger:default: Job OK (task.local::scheduled_job::frappe.integrations.doctype.google_calendar.google_calendar.sync)
2026-05-01 06:56:10,703 Result is kept for 600 seconds
2026-05-01 06:56:10,710 home-mahmoudtawfeek-task-manger:default: frappe.utils.background_jobs.execute_job(event=None, is_async=True, job_name='frappe.core.doctype.scheduled_job_type.scheduled_job_type.run_scheduled_jo..., kwargs={'job_type': 'frappe.email.queue.flush'}, method='frappe.core.doctype.scheduled_job_type.scheduled_job_type.run_scheduled_jo..., site='task.local', user='Administrator') (task.local::scheduled_job::frappe.email.queue.flush)
2026-05-01 06:56:11,299 home-mahmoudtawfeek-task-manger:default: Job OK (task.local::scheduled_job::frappe.email.queue.flush)
2026-05-01 06:56:11,299 Result is kept for 600 seconds
2026-05-01 06:56:11,310 home-mahmoudtawfeek-task-manger:default: frappe.utils.background_jobs.execute_job(event=None, is_async=True, job_name='frappe.core.doctype.scheduled_job_type.scheduled_job_type.run_scheduled_jo..., kwargs={'job_type': 'frappe.email.queue.retry_sending_emails'}, method='frappe.core.doctype.scheduled_job_type.scheduled_job_type.run_scheduled_jo..., site='task.local', user='Administrator') (task.local::scheduled_job::frappe.email.queue.retry_sending_emails)
2026-05-01 06:56:11,887 home-mahmoudtawfeek-task-manger:default: Job OK (task.local::scheduled_job::frappe.email.queue.retry_sending_emails)
2026-05-01 06:56:11,887 Result is kept for 600 seconds
2026-05-01 07:00:10,660 home-mahmoudtawfeek-task-manger:long: frappe.utils.background_jobs.execute_job(event=None, is_async=True, job_name='frappe.core.doctype.scheduled_job_type.scheduled_job_type.run_scheduled_jo..., kwargs={'job_type': 'erpnext.projects.doctype.project.project.collect_project_stat..., method='frappe.core.doctype.scheduled_job_type.scheduled_job_type.run_scheduled_jo..., site='task.local', user='Administrator') (task.local::scheduled_job::erpnext.projects.doctype.project.project.collect_project_status)
2026-05-01 07:00:11,118 home-mahmoudtawfeek-task-manger:long: Job OK (task.local::scheduled_job::erpnext.projects.doctype.project.project.collect_project_status)
2026-05-01 07:00:11,118 Result is kept for 600 seconds
2026-05-01 07:00:11,127 home-mahmoudtawfeek-task-manger:default: frappe.utils.background_jobs.execute_job(event=None, is_async=True, job_name='frappe.core.doctype.scheduled_job_type.scheduled_job_type.run_scheduled_jo..., kwargs={'job_type': 'frappe.email.queue.retry_sending_emails'}, method='frappe.core.doctype.scheduled_job_type.scheduled_job_type.run_scheduled_jo..., site='task.local', user='Administrator') (task.local::scheduled_job::frappe.email.queue.retry_sending_emails)
2026-05-01 07:00:11,659 home-mahmoudtawfeek-task-manger:default: Job OK (task.local::scheduled_job::frappe.email.queue.retry_sending_emails)
2026-05-01 07:00:11,659 Result is kept for 600 seconds
2026-05-01 07:00:11,667 home-mahmoudtawfeek-task-manger:default: frappe.utils.background_jobs.execute_job(event=None, is_async=True, job_name='frappe.core.doctype.scheduled_job_type.scheduled_job_type.run_scheduled_jo..., kwargs={'job_type': 'frappe.utils.global_search.sync_global_search'}, method='frappe.core.doctype.scheduled_job_type.scheduled_job_type.run_scheduled_jo..., site='task.local', user='Administrator') (task.local::scheduled_job::frappe.utils.global_search.sync_global_search)
2026-05-01 07:00:11,948 home-mahmoudtawfeek-task-manger:default: Job OK (task.local::scheduled_job::frappe.utils.global_search.sync_global_search)
2026-05-01 07:00:11,948 Result is kept for 600 seconds
2026-05-01 07:00:11,955 home-mahmoudtawfeek-task-manger:default: frappe.utils.background_jobs.execute_job(event=None, is_async=True, job_name='frappe.core.doctype.scheduled_job_type.scheduled_job_type.run_scheduled_jo..., kwargs={'job_type': 'erpnext.manufacturing.doctype.bom_update_log.bom_update_log.r..., method='frappe.core.doctype.scheduled_job_type.scheduled_job_type.run_scheduled_jo..., site='task.local', user='Administrator') (task.local::scheduled_job::erpnext.manufacturing.doctype.bom_update_log.bom_update_log.resume_bom_cost_update_jobs)
2026-05-01 07:00:12,334 home-mahmoudtawfeek-task-manger:default: Job OK (task.local::scheduled_job::erpnext.manufacturing.doctype.bom_update_log.bom_update_log.resume_bom_cost_update_jobs)
2026-05-01 07:00:12,334 Result is kept for 600 seconds
2026-05-01 07:00:12,342 home-mahmoudtawfeek-task-manger:default: frappe.utils.background_jobs.execute_job(event=None, is_async=True, job_name='frappe.core.doctype.scheduled_job_type.scheduled_job_type.run_scheduled_jo..., kwargs={'job_type': 'frappe.monitor.flush'}, method='frappe.core.doctype.scheduled_job_type.scheduled_job_type.run_scheduled_jo..., site='task.local', user='Administrator') (task.local::scheduled_job::frappe.monitor.flush)
2026-05-01 07:00:12,577 home-mahmoudtawfeek-task-manger:default: Job OK (task.local::scheduled_job::frappe.monitor.flush)
2026-05-01 07:00:12,578 Result is kept for 600 seconds
2026-05-01 07:00:12,584 home-mahmoudtawfeek-task-manger:default: frappe.utils.background_jobs.execute_job(event=None, is_async=True, job_name='frappe.core.doctype.scheduled_job_type.scheduled_job_type.run_scheduled_jo..., kwargs={'job_type': 'frappe.email.doctype.newsletter.newsletter.send_scheduled_ema..., method='frappe.core.doctype.scheduled_job_type.scheduled_job_type.run_scheduled_jo..., site='task.local', user='Administrator') (task.local::scheduled_job::frappe.email.doctype.newsletter.newsletter.send_scheduled_email)
2026-05-01 07:00:12,888 home-mahmoudtawfeek-task-manger:default: Job OK (task.local::scheduled_job::frappe.email.doctype.newsletter.newsletter.send_scheduled_email)
2026-05-01 07:00:12,889 Result is kept for 600 seconds
2026-05-01 07:00:12,896 home-mahmoudtawfeek-task-manger:default: frappe.utils.background_jobs.execute_job(event=None, is_async=True, job_name='frappe.core.doctype.scheduled_job_type.scheduled_job_type.run_scheduled_jo..., kwargs={'job_type': 'frappe.automation.doctype.reminder.reminder.send_reminders'}, method='frappe.core.doctype.scheduled_job_type.scheduled_job_type.run_scheduled_jo..., site='task.local', user='Administrator') (task.local::scheduled_job::frappe.automation.doctype.reminder.reminder.send_reminders)
2026-05-01 07:00:13,275 home-mahmoudtawfeek-task-manger:default: Job OK (task.local::scheduled_job::frappe.automation.doctype.reminder.reminder.send_reminders)
2026-05-01 07:00:13,276 Result is kept for 600 seconds
2026-05-01 07:00:13,283 home-mahmoudtawfeek-task-manger:default: frappe.utils.background_jobs.execute_job(event=None, is_async=True, job_name='frappe.core.doctype.scheduled_job_type.scheduled_job_type.run_scheduled_jo..., kwargs={'job_type': 'frappe.integrations.doctype.google_calendar.google_calendar.s..., method='frappe.core.doctype.scheduled_job_type.scheduled_job_type.run_scheduled_jo..., site='task.local', user='Administrator') (task.local::scheduled_job::frappe.integrations.doctype.google_calendar.google_calendar.sync)
2026-05-01 07:00:13,754 home-mahmoudtawfeek-task-manger:default: Job OK (task.local::scheduled_job::frappe.integrations.doctype.google_calendar.google_calendar.sync)
2026-05-01 07:00:13,754 Result is kept for 600 seconds
2026-05-01 07:00:13,763 home-mahmoudtawfeek-task-manger:default: frappe.utils.background_jobs.execute_job(event=None, is_async=True, job_name='frappe.core.doctype.scheduled_job_type.scheduled_job_type.run_scheduled_jo..., kwargs={'job_type': 'frappe.search.sqlite_search.build_index_if_not_exists'}, method='frappe.core.doctype.scheduled_job_type.scheduled_job_type.run_scheduled_jo..., site='task.local', user='Administrator') (task.local::scheduled_job::frappe.search.sqlite_search.build_index_if_not_exists)
2026-05-01 07:00:14,050 home-mahmoudtawfeek-task-manger:default: Job OK (task.local::scheduled_job::frappe.search.sqlite_search.build_index_if_not_exists)
2026-05-01 07:00:14,050 Result is kept for 600 seconds
2026-05-01 07:00:14,058 home-mahmoudtawfeek-task-manger:default: frappe.utils.background_jobs.execute_job(event=None, is_async=True, job_name='frappe.core.doctype.scheduled_job_type.scheduled_job_type.run_scheduled_jo..., kwargs={'job_type': 'frappe.utils.telemetry.pulse.client.send_queued_events'}, method='frappe.core.doctype.scheduled_job_type.scheduled_job_type.run_scheduled_jo..., site='task.local', user='Administrator') (task.local::scheduled_job::frappe.utils.telemetry.pulse.client.send_queued_events)
2026-05-01 07:00:14,462 home-mahmoudtawfeek-task-manger:default: Job OK (task.local::scheduled_job::frappe.utils.telemetry.pulse.client.send_queued_events)
2026-05-01 07:00:14,462 Result is kept for 600 seconds
2026-05-01 07:00:14,470 home-mahmoudtawfeek-task-manger:default: frappe.utils.background_jobs.execute_job(event=None, is_async=True, job_name='frappe.core.doctype.scheduled_job_type.scheduled_job_type.run_scheduled_jo..., kwargs={'job_type': 'frappe.email.doctype.email_account.email_account.pull'}, method='frappe.core.doctype.scheduled_job_type.scheduled_job_type.run_scheduled_jo..., site='task.local', user='Administrator') (task.local::scheduled_job::frappe.email.doctype.email_account.email_account.pull)
2026-05-01 07:00:14,780 home-mahmoudtawfeek-task-manger:default: Job OK (task.local::scheduled_job::frappe.email.doctype.email_account.email_account.pull)
2026-05-01 07:00:14,781 Result is kept for 600 seconds
2026-05-01 07:00:14,788 home-mahmoudtawfeek-task-manger:default: frappe.utils.background_jobs.execute_job(event=None, is_async=True, job_name='frappe.core.doctype.scheduled_job_type.scheduled_job_type.run_scheduled_jo..., kwargs={'job_type': 'frappe.email.queue.flush'}, method='frappe.core.doctype.scheduled_job_type.scheduled_job_type.run_scheduled_jo..., site='task.local', user='Administrator') (task.local::scheduled_job::frappe.email.queue.flush)
2026-05-01 07:00:15,303 home-mahmoudtawfeek-task-manger:default: Job OK (task.local::scheduled_job::frappe.email.queue.flush)
2026-05-01 07:00:15,304 Result is kept for 600 seconds
2026-05-01 07:00:15,311 home-mahmoudtawfeek-task-manger:default: frappe.utils.background_jobs.execute_job(event=None, is_async=True, job_name='frappe.core.doctype.scheduled_job_type.scheduled_job_type.run_scheduled_jo..., kwargs={'job_type': 'frappe.deferred_insert.save_to_db'}, method='frappe.core.doctype.scheduled_job_type.scheduled_job_type.run_scheduled_jo..., site='task.local', user='Administrator') (task.local::scheduled_job::frappe.deferred_insert.save_to_db)
2026-05-01 07:00:15,665 home-mahmoudtawfeek-task-manger:default: Job OK (task.local::scheduled_job::frappe.deferred_insert.save_to_db)
2026-05-01 07:00:15,665 Result is kept for 600 seconds
2026-05-01 07:00:15,690 home-mahmoudtawfeek-task-manger:default: frappe.utils.background_jobs.execute_job(event=None, is_async=True, job_name='frappe.core.doctype.scheduled_job_type.scheduled_job_type.run_scheduled_jo..., kwargs={'job_type': 'frappe.model.utils.link_count.update_link_count'}, method='frappe.core.doctype.scheduled_job_type.scheduled_job_type.run_scheduled_jo..., site='task.local', user='Administrator') (task.local::scheduled_job::frappe.model.utils.link_count.update_link_count)
2026-05-01 07:00:16,001 home-mahmoudtawfeek-task-manger:default: Job OK (task.local::scheduled_job::frappe.model.utils.link_count.update_link_count)
2026-05-01 07:00:16,002 Result is kept for 600 seconds
2026-05-01 07:00:16,010 home-mahmoudtawfeek-task-manger:default: frappe.utils.background_jobs.execute_job(event=None, is_async=True, job_name='frappe.core.doctype.scheduled_job_type.scheduled_job_type.run_scheduled_jo..., kwargs={'job_type': 'frappe.email.doctype.email_account.email_account.notify_unrep..., method='frappe.core.doctype.scheduled_job_type.scheduled_job_type.run_scheduled_jo..., site='task.local', user='Administrator') (task.local::scheduled_job::frappe.email.doctype.email_account.email_account.notify_unreplied)
2026-05-01 07:00:16,344 home-mahmoudtawfeek-task-manger:default: Job OK (task.local::scheduled_job::frappe.email.doctype.email_account.email_account.notify_unreplied)
2026-05-01 07:00:16,344 Result is kept for 600 seconds
2026-05-01 07:00:16,352 home-mahmoudtawfeek-task-manger:default: frappe.utils.background_jobs.execute_job(event=None, is_async=True, job_name='frappe.core.doctype.scheduled_job_type.scheduled_job_type.run_scheduled_jo..., kwargs={'job_type': 'erpnext.projects.doctype.project.project.hourly_reminder'}, method='frappe.core.doctype.scheduled_job_type.scheduled_job_type.run_scheduled_jo..., site='task.local', user='Administrator') (task.local::scheduled_job::erpnext.projects.doctype.project.project.hourly_reminder)
2026-05-01 07:00:16,829 home-mahmoudtawfeek-task-manger:default: Job OK (task.local::scheduled_job::erpnext.projects.doctype.project.project.hourly_reminder)
2026-05-01 07:00:16,829 Result is kept for 600 seconds
2026-05-01 07:00:16,837 home-mahmoudtawfeek-task-manger:long: frappe.utils.background_jobs.execute_job(event=None, is_async=True, job_name='frappe.core.doctype.scheduled_job_type.scheduled_job_type.run_scheduled_jo..., kwargs={'job_type': 'erpnext.utilities.doctype.video.video.update_youtube_data'}, method='frappe.core.doctype.scheduled_job_type.scheduled_job_type.run_scheduled_jo..., site='task.local', user='Administrator') (task.local::scheduled_job::erpnext.utilities.doctype.video.video.update_youtube_data)
2026-05-01 07:00:17,320 home-mahmoudtawfeek-task-manger:long: Job OK (task.local::scheduled_job::erpnext.utilities.doctype.video.video.update_youtube_data)
2026-05-01 07:00:17,320 Result is kept for 600 seconds
2026-05-01 07:00:17,328 home-mahmoudtawfeek-task-manger:long: frappe.utils.background_jobs.execute_job(event=None, is_async=True, job_name='frappe.core.doctype.scheduled_job_type.scheduled_job_type.run_scheduled_jo..., kwargs={'job_type': 'frappe.oauth.delete_oauth2_data'}, method='frappe.core.doctype.scheduled_job_type.scheduled_job_type.run_scheduled_jo..., site='task.local', user='Administrator') (task.local::scheduled_job::frappe.oauth.delete_oauth2_data)
2026-05-01 07:00:17,648 home-mahmoudtawfeek-task-manger:long: Job OK (task.local::scheduled_job::frappe.oauth.delete_oauth2_data)
2026-05-01 07:00:17,648 Result is kept for 600 seconds
2026-05-01 07:00:17,655 home-mahmoudtawfeek-task-manger:long: frappe.utils.background_jobs.execute_job(event=None, is_async=True, job_name='frappe.core.doctype.scheduled_job_type.scheduled_job_type.run_scheduled_jo..., kwargs={'job_type': 'frappe.desk.form.document_follow.send_hourly_updates'}, method='frappe.core.doctype.scheduled_job_type.scheduled_job_type.run_scheduled_jo..., site='task.local', user='Administrator') (task.local::scheduled_job::frappe.desk.form.document_follow.send_hourly_updates)
2026-05-01 07:00:17,948 home-mahmoudtawfeek-task-manger:long: Job OK (task.local::scheduled_job::frappe.desk.form.document_follow.send_hourly_updates)
2026-05-01 07:00:17,948 Result is kept for 600 seconds
2026-05-01 07:00:17,955 home-mahmoudtawfeek-task-manger:long: frappe.utils.background_jobs.execute_job(event=None, is_async=True, job_name='frappe.core.doctype.scheduled_job_type.scheduled_job_type.run_scheduled_jo..., kwargs={'job_type': 'erpnext.utilities.bulk_transaction.retry'}, method='frappe.core.doctype.scheduled_job_type.scheduled_job_type.run_scheduled_jo..., site='task.local', user='Administrator') (task.local::scheduled_job::erpnext.utilities.bulk_transaction.retry)
2026-05-01 07:00:18,411 home-mahmoudtawfeek-task-manger:long: Job OK (task.local::scheduled_job::erpnext.utilities.bulk_transaction.retry)
2026-05-01 07:00:18,412 Result is kept for 600 seconds
2026-05-01 07:00:18,419 home-mahmoudtawfeek-task-manger:long: frappe.utils.background_jobs.execute_job(event=None, is_async=True, job_name='frappe.core.doctype.scheduled_job_type.scheduled_job_type.run_scheduled_jo..., kwargs={'job_type': 'erpnext.erpnext_integrations.doctype.plaid_settings.plaid_set..., method='frappe.core.doctype.scheduled_job_type.scheduled_job_type.run_scheduled_jo..., site='task.local', user='Administrator') (task.local::scheduled_job::erpnext.erpnext_integrations.doctype.plaid_settings.plaid_settings.automatic_synchronization)
2026-05-01 07:00:18,724 home-mahmoudtawfeek-task-manger:long: Job OK (task.local::scheduled_job::erpnext.erpnext_integrations.doctype.plaid_settings.plaid_settings.automatic_synchronization)
2026-05-01 07:00:18,725 Result is kept for 600 seconds
2026-05-01 07:00:18,733 home-mahmoudtawfeek-task-manger:long: frappe.utils.background_jobs.execute_job(event=None, is_async=True, job_name='frappe.core.doctype.scheduled_job_type.scheduled_job_type.run_scheduled_jo..., kwargs={'job_type': 'frappe.desk.page.backups.backups.delete_downloadable_backups'..., method='frappe.core.doctype.scheduled_job_type.scheduled_job_type.run_scheduled_jo..., site='task.local', user='Administrator') (task.local::scheduled_job::frappe.desk.page.backups.backups.delete_downloadable_backups)
2026-05-01 07:00:19,001 home-mahmoudtawfeek-task-manger:long: Job OK (task.local::scheduled_job::frappe.desk.page.backups.backups.delete_downloadable_backups)
2026-05-01 07:00:19,001 Result is kept for 600 seconds
2026-05-01 07:00:19,008 home-mahmoudtawfeek-task-manger:long: frappe.utils.background_jobs.execute_job(event=None, is_async=True, job_name='frappe.core.doctype.scheduled_job_type.scheduled_job_type.run_scheduled_jo..., kwargs={'job_type': 'erpnext.stock.doctype.repost_item_valuation.repost_item_valua..., method='frappe.core.doctype.scheduled_job_type.scheduled_job_type.run_scheduled_jo..., site='task.local', user='Administrator') (task.local::scheduled_job::erpnext.stock.doctype.repost_item_valuation.repost_item_valuation.repost_entries)
2026-05-01 07:00:19,377 home-mahmoudtawfeek-task-manger:long: Job OK (task.local::scheduled_job::erpnext.stock.doctype.repost_item_valuation.repost_item_valuation.repost_entries)
2026-05-01 07:00:19,377 Result is kept for 600 seconds
2026-05-01 07:00:19,385 home-mahmoudtawfeek-task-manger:long: frappe.utils.background_jobs.execute_job(event=None, is_async=True, job_name='frappe.core.doctype.scheduled_job_type.scheduled_job_type.run_scheduled_jo..., kwargs={'job_type': 'frappe.model.utils.user_settings.sync_user_settings'}, method='frappe.core.doctype.scheduled_job_type.scheduled_job_type.run_scheduled_jo..., site='task.local', user='Administrator') (task.local::scheduled_job::frappe.model.utils.user_settings.sync_user_settings)
2026-05-01 07:00:19,710 home-mahmoudtawfeek-task-manger:long: Job OK (task.local::scheduled_job::frappe.model.utils.user_settings.sync_user_settings)
2026-05-01 07:00:19,710 Result is kept for 600 seconds
2026-05-01 07:00:19,717 home-mahmoudtawfeek-task-manger:long: frappe.utils.background_jobs.execute_job(event=None, is_async=True, job_name='frappe.core.doctype.scheduled_job_type.scheduled_job_type.run_scheduled_jo..., kwargs={'job_type': 'frappe.website.doctype.web_page.web_page.check_publish_status..., method='frappe.core.doctype.scheduled_job_type.scheduled_job_type.run_scheduled_jo..., site='task.local', user='Administrator') (task.local::scheduled_job::frappe.website.doctype.web_page.web_page.check_publish_status)
2026-05-01 07:00:20,078 home-mahmoudtawfeek-task-manger:long: Job OK (task.local::scheduled_job::frappe.website.doctype.web_page.web_page.check_publish_status)
2026-05-01 07:00:20,079 Result is kept for 600 seconds
2026-05-01 07:00:20,086 home-mahmoudtawfeek-task-manger:long: frappe.utils.background_jobs.execute_job(event=None, is_async=True, job_name='frappe.core.doctype.scheduled_job_type.scheduled_job_type.run_scheduled_jo..., kwargs={'job_type': 'frappe.website.doctype.personal_data_deletion_request.persona..., method='frappe.core.doctype.scheduled_job_type.scheduled_job_type.run_scheduled_jo..., site='task.local', user='Administrator') (task.local::scheduled_job::frappe.website.doctype.personal_data_deletion_request.personal_data_deletion_request.process_data_deletion_request)
2026-05-01 07:00:20,384 home-mahmoudtawfeek-task-manger:long: Job OK (task.local::scheduled_job::frappe.website.doctype.personal_data_deletion_request.personal_data_deletion_request.process_data_deletion_request)
2026-05-01 07:00:20,385 Result is kept for 600 seconds
2026-05-01 07:00:20,392 home-mahmoudtawfeek-task-manger:long: frappe.utils.background_jobs.execute_job(event=None, is_async=True, job_name='frappe.core.doctype.scheduled_job_type.scheduled_job_type.run_scheduled_jo..., kwargs={'job_type': 'frappe.twofactor.delete_all_barcodes_for_users'}, method='frappe.core.doctype.scheduled_job_type.scheduled_job_type.run_scheduled_jo..., site='task.local', user='Administrator') (task.local::scheduled_job::frappe.twofactor.delete_all_barcodes_for_users)
2026-05-01 07:00:20,872 home-mahmoudtawfeek-task-manger:long: Job OK (task.local::scheduled_job::frappe.twofactor.delete_all_barcodes_for_users)
2026-05-01 07:00:20,872 Result is kept for 600 seconds
2026-05-01 07:00:20,879 home-mahmoudtawfeek-task-manger:long: frappe.utils.background_jobs.execute_job(event=None, is_async=True, job_name='frappe.core.doctype.scheduled_job_type.scheduled_job_type.run_scheduled_jo..., kwargs={'job_type': 'erpnext.projects.doctype.project.project.project_status_updat..., method='frappe.core.doctype.scheduled_job_type.scheduled_job_type.run_scheduled_jo..., site='task.local', user='Administrator') (task.local::scheduled_job::erpnext.projects.doctype.project.project.project_status_update_reminder)
2026-05-01 07:00:21,314 home-mahmoudtawfeek-task-manger:long: Job OK (task.local::scheduled_job::erpnext.projects.doctype.project.project.project_status_update_reminder)
2026-05-01 07:00:21,315 Result is kept for 600 seconds
2026-05-01 07:00:21,336 home-mahmoudtawfeek-task-manger:long: frappe.utils.background_jobs.execute_job(event=None, is_async=True, job_name='frappe.core.doctype.scheduled_job_type.scheduled_job_type.run_scheduled_jo..., kwargs={'job_type': 'frappe.core.doctype.prepared_report.prepared_report.expire_st..., method='frappe.core.doctype.scheduled_job_type.scheduled_job_type.run_scheduled_jo..., site='task.local', user='Administrator') (task.local::scheduled_job::frappe.core.doctype.prepared_report.prepared_report.expire_stalled_report)
2026-05-01 07:00:21,670 home-mahmoudtawfeek-task-manger:long: Job OK (task.local::scheduled_job::frappe.core.doctype.prepared_report.prepared_report.expire_stalled_report)
2026-05-01 07:00:21,671 Result is kept for 600 seconds
2026-05-01 07:00:21,684 home-mahmoudtawfeek-task-manger:long: frappe.utils.background_jobs.execute_job(event=None, is_async=True, job_name='frappe.core.doctype.scheduled_job_type.scheduled_job_type.run_scheduled_jo..., kwargs={'job_type': 'frappe.desk.utils.delete_old_exported_report_files'}, method='frappe.core.doctype.scheduled_job_type.scheduled_job_type.run_scheduled_jo..., site='task.local', user='Administrator') (task.local::scheduled_job::frappe.desk.utils.delete_old_exported_report_files)
2026-05-01 07:00:22,088 home-mahmoudtawfeek-task-manger:long: Job OK (task.local::scheduled_job::frappe.desk.utils.delete_old_exported_report_files)
2026-05-01 07:00:22,089 Result is kept for 600 seconds
2026-05-01 07:04:11,888 home-mahmoudtawfeek-task-manger:default: frappe.utils.background_jobs.execute_job(event=None, is_async=True, job_name='frappe.core.doctype.scheduled_job_type.scheduled_job_type.run_scheduled_jo..., kwargs={'job_type': 'frappe.monitor.flush'}, method='frappe.core.doctype.scheduled_job_type.scheduled_job_type.run_scheduled_jo..., site='task.local', user='Administrator') (task.local::scheduled_job::frappe.monitor.flush)
2026-05-01 07:04:12,806 home-mahmoudtawfeek-task-manger:default: Job OK (task.local::scheduled_job::frappe.monitor.flush)
2026-05-01 07:04:12,807 Result is kept for 600 seconds
2026-05-01 07:04:12,817 Cleaning registries for queue: home-mahmoudtawfeek-task-manger:short
2026-05-01 07:04:12,820 Cleaning registries for queue: home-mahmoudtawfeek-task-manger:default
2026-05-01 07:04:12,822 Cleaning registries for queue: home-mahmoudtawfeek-task-manger:long
2026-05-01 07:04:12,826 home-mahmoudtawfeek-task-manger:default: frappe.utils.background_jobs.execute_job(event=None, is_async=True, job_name='frappe.core.doctype.scheduled_job_type.scheduled_job_type.run_scheduled_jo..., kwargs={'job_type': 'frappe.email.queue.retry_sending_emails'}, method='frappe.core.doctype.scheduled_job_type.scheduled_job_type.run_scheduled_jo..., site='task.local', user='Administrator') (task.local::scheduled_job::frappe.email.queue.retry_sending_emails)
2026-05-01 07:04:14,992 home-mahmoudtawfeek-task-manger:default: Job OK (task.local::scheduled_job::frappe.email.queue.retry_sending_emails)
2026-05-01 07:04:14,993 Result is kept for 600 seconds
2026-05-01 07:04:15,008 home-mahmoudtawfeek-task-manger:default: frappe.utils.background_jobs.execute_job(event=None, is_async=True, job_name='frappe.core.doctype.scheduled_job_type.scheduled_job_type.run_scheduled_jo..., kwargs={'job_type': 'frappe.email.queue.flush'}, method='frappe.core.doctype.scheduled_job_type.scheduled_job_type.run_scheduled_jo..., site='task.local', user='Administrator') (task.local::scheduled_job::frappe.email.queue.flush)
2026-05-01 07:04:16,007 home-mahmoudtawfeek-task-manger:default: Job OK (task.local::scheduled_job::frappe.email.queue.flush)
2026-05-01 07:04:16,007 Result is kept for 600 seconds
2026-05-01 07:04:16,015 home-mahmoudtawfeek-task-manger:default: frappe.utils.background_jobs.execute_job(event=None, is_async=True, job_name='frappe.core.doctype.scheduled_job_type.scheduled_job_type.run_scheduled_jo..., kwargs={'job_type': 'frappe.integrations.doctype.google_calendar.google_calendar.s..., method='frappe.core.doctype.scheduled_job_type.scheduled_job_type.run_scheduled_jo..., site='task.local', user='Administrator') (task.local::scheduled_job::frappe.integrations.doctype.google_calendar.google_calendar.sync)
2026-05-01 07:04:16,540 home-mahmoudtawfeek-task-manger:default: Job OK (task.local::scheduled_job::frappe.integrations.doctype.google_calendar.google_calendar.sync)
2026-05-01 07:04:16,541 Result is kept for 600 seconds
2026-05-01 07:08:12,802 home-mahmoudtawfeek-task-manger:default: frappe.utils.background_jobs.execute_job(event=None, is_async=True, job_name='frappe.core.doctype.scheduled_job_type.scheduled_job_type.run_scheduled_jo..., kwargs={'job_type': 'frappe.email.queue.retry_sending_emails'}, method='frappe.core.doctype.scheduled_job_type.scheduled_job_type.run_scheduled_jo..., site='task.local', user='Administrator') (task.local::scheduled_job::frappe.email.queue.retry_sending_emails)
2026-05-01 07:08:13,867 home-mahmoudtawfeek-task-manger:default: Job OK (task.local::scheduled_job::frappe.email.queue.retry_sending_emails)
2026-05-01 07:08:13,868 Result is kept for 600 seconds
2026-05-01 07:08:13,890 home-mahmoudtawfeek-task-manger:default: frappe.utils.background_jobs.execute_job(event=None, is_async=True, job_name='frappe.core.doctype.scheduled_job_type.scheduled_job_type.run_scheduled_jo..., kwargs={'job_type': 'frappe.integrations.doctype.google_calendar.google_calendar.s..., method='frappe.core.doctype.scheduled_job_type.scheduled_job_type.run_scheduled_jo..., site='task.local', user='Administrator') (task.local::scheduled_job::frappe.integrations.doctype.google_calendar.google_calendar.sync)
2026-05-01 07:08:14,487 home-mahmoudtawfeek-task-manger:default: Job OK (task.local::scheduled_job::frappe.integrations.doctype.google_calendar.google_calendar.sync)
2026-05-01 07:08:14,487 Result is kept for 600 seconds
2026-05-01 07:08:14,497 home-mahmoudtawfeek-task-manger:default: frappe.utils.background_jobs.execute_job(event=None, is_async=True, job_name='frappe.core.doctype.scheduled_job_type.scheduled_job_type.run_scheduled_jo..., kwargs={'job_type': 'frappe.monitor.flush'}, method='frappe.core.doctype.scheduled_job_type.scheduled_job_type.run_scheduled_jo..., site='task.local', user='Administrator') (task.local::scheduled_job::frappe.monitor.flush)
2026-05-01 07:08:14,999 home-mahmoudtawfeek-task-manger:default: Job OK (task.local::scheduled_job::frappe.monitor.flush)
2026-05-01 07:08:15,000 Result is kept for 600 seconds
2026-05-01 07:08:15,023 home-mahmoudtawfeek-task-manger:default: frappe.utils.background_jobs.execute_job(event=None, is_async=True, job_name='frappe.core.doctype.scheduled_job_type.scheduled_job_type.run_scheduled_jo..., kwargs={'job_type': 'frappe.email.queue.flush'}, method='frappe.core.doctype.scheduled_job_type.scheduled_job_type.run_scheduled_jo..., site='task.local', user='Administrator') (task.local::scheduled_job::frappe.email.queue.flush)
2026-05-01 07:08:16,046 home-mahmoudtawfeek-task-manger:default: Job OK (task.local::scheduled_job::frappe.email.queue.flush)
2026-05-01 07:08:16,047 Result is kept for 600 seconds
2026-05-01 07:10:13,434 home-mahmoudtawfeek-task-manger:default: frappe.utils.background_jobs.execute_job(event=None, is_async=True, job_name='frappe.core.doctype.scheduled_job_type.scheduled_job_type.run_scheduled_jo..., kwargs={'job_type': 'frappe.email.doctype.email_account.email_account.pull'}, method='frappe.core.doctype.scheduled_job_type.scheduled_job_type.run_scheduled_jo..., site='task.local', user='Administrator') (task.local::scheduled_job::frappe.email.doctype.email_account.email_account.pull)
2026-05-01 07:10:14,178 home-mahmoudtawfeek-task-manger:default: Job OK (task.local::scheduled_job::frappe.email.doctype.email_account.email_account.pull)
2026-05-01 07:10:14,179 Result is kept for 600 seconds
2026-05-01 07:12:14,090 home-mahmoudtawfeek-task-manger:default: frappe.utils.background_jobs.execute_job(event=None, is_async=True, job_name='frappe.core.doctype.scheduled_job_type.scheduled_job_type.run_scheduled_jo..., kwargs={'job_type': 'frappe.monitor.flush'}, method='frappe.core.doctype.scheduled_job_type.scheduled_job_type.run_scheduled_jo..., site='task.local', user='Administrator') (task.local::scheduled_job::frappe.monitor.flush)
2026-05-01 07:12:14,429 home-mahmoudtawfeek-task-manger:default: Job OK (task.local::scheduled_job::frappe.monitor.flush)
2026-05-01 07:12:14,430 Result is kept for 600 seconds
2026-05-01 07:12:14,441 home-mahmoudtawfeek-task-manger:default: frappe.utils.background_jobs.execute_job(event=None, is_async=True, job_name='frappe.core.doctype.scheduled_job_type.scheduled_job_type.run_scheduled_jo..., kwargs={'job_type': 'frappe.email.queue.flush'}, method='frappe.core.doctype.scheduled_job_type.scheduled_job_type.run_scheduled_jo..., site='task.local', user='Administrator') (task.local::scheduled_job::frappe.email.queue.flush)
2026-05-01 07:12:15,567 home-mahmoudtawfeek-task-manger:default: Job OK (task.local::scheduled_job::frappe.email.queue.flush)
2026-05-01 07:12:15,569 Result is kept for 600 seconds
2026-05-01 07:12:15,597 home-mahmoudtawfeek-task-manger:default: frappe.utils.background_jobs.execute_job(event=None, is_async=True, job_name='frappe.core.doctype.scheduled_job_type.scheduled_job_type.run_scheduled_jo..., kwargs={'job_type': 'frappe.email.queue.retry_sending_emails'}, method='frappe.core.doctype.scheduled_job_type.scheduled_job_type.run_scheduled_jo..., site='task.local', user='Administrator') (task.local::scheduled_job::frappe.email.queue.retry_sending_emails)
2026-05-01 07:12:16,960 home-mahmoudtawfeek-task-manger:default: Job OK (task.local::scheduled_job::frappe.email.queue.retry_sending_emails)
2026-05-01 07:12:16,962 Result is kept for 600 seconds
2026-05-01 07:12:16,986 home-mahmoudtawfeek-task-manger:default: frappe.utils.background_jobs.execute_job(event=None, is_async=True, job_name='frappe.core.doctype.scheduled_job_type.scheduled_job_type.run_scheduled_jo..., kwargs={'job_type': 'frappe.integrations.doctype.google_calendar.google_calendar.s..., method='frappe.core.doctype.scheduled_job_type.scheduled_job_type.run_scheduled_jo..., site='task.local', user='Administrator') (task.local::scheduled_job::frappe.integrations.doctype.google_calendar.google_calendar.sync)
2026-05-01 07:12:17,567 home-mahmoudtawfeek-task-manger:default: Job OK (task.local::scheduled_job::frappe.integrations.doctype.google_calendar.google_calendar.sync)
2026-05-01 07:12:17,568 Result is kept for 600 seconds
2026-05-01 07:15:14,718 home-mahmoudtawfeek-task-manger:default: frappe.utils.background_jobs.execute_job(event=None, is_async=True, job_name='frappe.core.doctype.scheduled_job_type.scheduled_job_type.run_scheduled_jo..., kwargs={'job_type': 'frappe.utils.telemetry.pulse.client.send_queued_events'}, method='frappe.core.doctype.scheduled_job_type.scheduled_job_type.run_scheduled_jo..., site='task.local', user='Administrator') (task.local::scheduled_job::frappe.utils.telemetry.pulse.client.send_queued_events)
2026-05-01 07:15:15,607 home-mahmoudtawfeek-task-manger:default: Job OK (task.local::scheduled_job::frappe.utils.telemetry.pulse.client.send_queued_events)
2026-05-01 07:15:15,608 Result is kept for 600 seconds
2026-05-01 07:15:15,628 home-mahmoudtawfeek-task-manger:default: frappe.utils.background_jobs.execute_job(event=None, is_async=True, job_name='frappe.core.doctype.scheduled_job_type.scheduled_job_type.run_scheduled_jo..., kwargs={'job_type': 'frappe.deferred_insert.save_to_db'}, method='frappe.core.doctype.scheduled_job_type.scheduled_job_type.run_scheduled_jo..., site='task.local', user='Administrator') (task.local::scheduled_job::frappe.deferred_insert.save_to_db)
2026-05-01 07:15:17,432 home-mahmoudtawfeek-task-manger:default: Job OK (task.local::scheduled_job::frappe.deferred_insert.save_to_db)
2026-05-01 07:15:17,434 Result is kept for 600 seconds
2026-05-01 07:15:17,461 home-mahmoudtawfeek-task-manger:default: frappe.utils.background_jobs.execute_job(event=None, is_async=True, job_name='frappe.core.doctype.scheduled_job_type.scheduled_job_type.run_scheduled_jo..., kwargs={'job_type': 'frappe.automation.doctype.reminder.reminder.send_reminders'}, method='frappe.core.doctype.scheduled_job_type.scheduled_job_type.run_scheduled_jo..., site='task.local', user='Administrator') (task.local::scheduled_job::frappe.automation.doctype.reminder.reminder.send_reminders)
2026-05-01 07:15:18,185 home-mahmoudtawfeek-task-manger:default: Job OK (task.local::scheduled_job::frappe.automation.doctype.reminder.reminder.send_reminders)
2026-05-01 07:15:18,186 Result is kept for 600 seconds
2026-05-01 07:15:18,193 home-mahmoudtawfeek-task-manger:default: frappe.utils.background_jobs.execute_job(event=None, is_async=True, job_name='frappe.core.doctype.scheduled_job_type.scheduled_job_type.run_scheduled_jo..., kwargs={'job_type': 'frappe.utils.global_search.sync_global_search'}, method='frappe.core.doctype.scheduled_job_type.scheduled_job_type.run_scheduled_jo..., site='task.local', user='Administrator') (task.local::scheduled_job::frappe.utils.global_search.sync_global_search)
2026-05-01 07:15:19,315 home-mahmoudtawfeek-task-manger:default: Job OK (task.local::scheduled_job::frappe.utils.global_search.sync_global_search)
2026-05-01 07:15:19,315 Result is kept for 600 seconds
2026-05-01 07:15:19,325 home-mahmoudtawfeek-task-manger:default: frappe.utils.background_jobs.execute_job(event=None, is_async=True, job_name='frappe.core.doctype.scheduled_job_type.scheduled_job_type.run_scheduled_jo..., kwargs={'job_type': 'frappe.search.sqlite_search.build_index_if_not_exists'}, method='frappe.core.doctype.scheduled_job_type.scheduled_job_type.run_scheduled_jo..., site='task.local', user='Administrator') (task.local::scheduled_job::frappe.search.sqlite_search.build_index_if_not_exists)
2026-05-01 07:15:19,883 home-mahmoudtawfeek-task-manger:default: Job OK (task.local::scheduled_job::frappe.search.sqlite_search.build_index_if_not_exists)
2026-05-01 07:15:19,883 Result is kept for 600 seconds
2026-05-01 07:15:19,892 home-mahmoudtawfeek-task-manger:default: frappe.utils.background_jobs.execute_job(event=None, is_async=True, job_name='frappe.core.doctype.scheduled_job_type.scheduled_job_type.run_scheduled_jo..., kwargs={'job_type': 'erpnext.manufacturing.doctype.bom_update_log.bom_update_log.r..., method='frappe.core.doctype.scheduled_job_type.scheduled_job_type.run_scheduled_jo..., site='task.local', user='Administrator') (task.local::scheduled_job::erpnext.manufacturing.doctype.bom_update_log.bom_update_log.resume_bom_cost_update_jobs)
2026-05-01 07:15:21,005 home-mahmoudtawfeek-task-manger:default: Job OK (task.local::scheduled_job::erpnext.manufacturing.doctype.bom_update_log.bom_update_log.resume_bom_cost_update_jobs)
2026-05-01 07:15:21,005 Result is kept for 600 seconds
2026-05-01 07:15:21,032 home-mahmoudtawfeek-task-manger:default: frappe.utils.background_jobs.execute_job(event=None, is_async=True, job_name='frappe.core.doctype.scheduled_job_type.scheduled_job_type.run_scheduled_jo..., kwargs={'job_type': 'frappe.model.utils.link_count.update_link_count'}, method='frappe.core.doctype.scheduled_job_type.scheduled_job_type.run_scheduled_jo..., site='task.local', user='Administrator') (task.local::scheduled_job::frappe.model.utils.link_count.update_link_count)
2026-05-01 07:15:21,528 home-mahmoudtawfeek-task-manger:default: Job OK (task.local::scheduled_job::frappe.model.utils.link_count.update_link_count)
2026-05-01 07:15:21,528 Result is kept for 600 seconds
2026-05-01 07:15:21,551 home-mahmoudtawfeek-task-manger:default: frappe.utils.background_jobs.execute_job(event=None, is_async=True, job_name='frappe.core.doctype.scheduled_job_type.scheduled_job_type.run_scheduled_jo..., kwargs={'job_type': 'frappe.email.doctype.email_account.email_account.notify_unrep..., method='frappe.core.doctype.scheduled_job_type.scheduled_job_type.run_scheduled_jo..., site='task.local', user='Administrator') (task.local::scheduled_job::frappe.email.doctype.email_account.email_account.notify_unreplied)
2026-05-01 07:15:21,967 home-mahmoudtawfeek-task-manger:default: Job OK (task.local::scheduled_job::frappe.email.doctype.email_account.email_account.notify_unreplied)
2026-05-01 07:15:21,967 Result is kept for 600 seconds
2026-05-01 07:16:15,049 home-mahmoudtawfeek-task-manger:default: frappe.utils.background_jobs.execute_job(event=None, is_async=True, job_name='frappe.core.doctype.scheduled_job_type.scheduled_job_type.run_scheduled_jo..., kwargs={'job_type': 'frappe.email.queue.retry_sending_emails'}, method='frappe.core.doctype.scheduled_job_type.scheduled_job_type.run_scheduled_jo..., site='task.local', user='Administrator') (task.local::scheduled_job::frappe.email.queue.retry_sending_emails)
2026-05-01 07:16:17,135 home-mahmoudtawfeek-task-manger:default: Job OK (task.local::scheduled_job::frappe.email.queue.retry_sending_emails)
2026-05-01 07:16:17,136 Result is kept for 600 seconds
2026-05-01 07:16:17,157 home-mahmoudtawfeek-task-manger:default: frappe.utils.background_jobs.execute_job(event=None, is_async=True, job_name='frappe.core.doctype.scheduled_job_type.scheduled_job_type.run_scheduled_jo..., kwargs={'job_type': 'frappe.integrations.doctype.google_calendar.google_calendar.s..., method='frappe.core.doctype.scheduled_job_type.scheduled_job_type.run_scheduled_jo..., site='task.local', user='Administrator') (task.local::scheduled_job::frappe.integrations.doctype.google_calendar.google_calendar.sync)
2026-05-01 07:16:17,740 home-mahmoudtawfeek-task-manger:default: Job OK (task.local::scheduled_job::frappe.integrations.doctype.google_calendar.google_calendar.sync)
2026-05-01 07:16:17,740 Result is kept for 600 seconds
2026-05-01 07:16:17,747 home-mahmoudtawfeek-task-manger:default: frappe.utils.background_jobs.execute_job(event=None, is_async=True, job_name='frappe.core.doctype.scheduled_job_type.scheduled_job_type.run_scheduled_jo..., kwargs={'job_type': 'frappe.monitor.flush'}, method='frappe.core.doctype.scheduled_job_type.scheduled_job_type.run_scheduled_jo..., site='task.local', user='Administrator') (task.local::scheduled_job::frappe.monitor.flush)
2026-05-01 07:16:18,305 home-mahmoudtawfeek-task-manger:default: Job OK (task.local::scheduled_job::frappe.monitor.flush)
2026-05-01 07:16:18,308 Result is kept for 600 seconds
2026-05-01 07:16:18,331 home-mahmoudtawfeek-task-manger:default: frappe.utils.background_jobs.execute_job(event=None, is_async=True, job_name='frappe.core.doctype.scheduled_job_type.scheduled_job_type.run_scheduled_jo..., kwargs={'job_type': 'frappe.email.queue.flush'}, method='frappe.core.doctype.scheduled_job_type.scheduled_job_type.run_scheduled_jo..., site='task.local', user='Administrator') (task.local::scheduled_job::frappe.email.queue.flush)
2026-05-01 07:16:20,089 home-mahmoudtawfeek-task-manger:default: Job OK (task.local::scheduled_job::frappe.email.queue.flush)
2026-05-01 07:16:20,090 Result is kept for 600 seconds
2026-05-01 07:20:15,956 home-mahmoudtawfeek-task-manger:default: frappe.utils.background_jobs.execute_job(event=None, is_async=True, job_name='frappe.core.doctype.scheduled_job_type.scheduled_job_type.run_scheduled_jo..., kwargs={'job_type': 'frappe.integrations.doctype.google_calendar.google_calendar.s..., method='frappe.core.doctype.scheduled_job_type.scheduled_job_type.run_scheduled_jo..., site='task.local', user='Administrator') (task.local::scheduled_job::frappe.integrations.doctype.google_calendar.google_calendar.sync)
2026-05-01 07:20:16,588 home-mahmoudtawfeek-task-manger:default: Job OK (task.local::scheduled_job::frappe.integrations.doctype.google_calendar.google_calendar.sync)
2026-05-01 07:20:16,588 Result is kept for 600 seconds
2026-05-01 07:20:16,596 home-mahmoudtawfeek-task-manger:default: frappe.utils.background_jobs.execute_job(event=None, is_async=True, job_name='frappe.core.doctype.scheduled_job_type.scheduled_job_type.run_scheduled_jo..., kwargs={'job_type': 'frappe.email.doctype.email_account.email_account.pull'}, method='frappe.core.doctype.scheduled_job_type.scheduled_job_type.run_scheduled_jo..., site='task.local', user='Administrator') (task.local::scheduled_job::frappe.email.doctype.email_account.email_account.pull)
2026-05-01 07:20:16,939 home-mahmoudtawfeek-task-manger:default: Job OK (task.local::scheduled_job::frappe.email.doctype.email_account.email_account.pull)
2026-05-01 07:20:16,940 Result is kept for 600 seconds
2026-05-01 07:20:16,947 home-mahmoudtawfeek-task-manger:default: frappe.utils.background_jobs.execute_job(event=None, is_async=True, job_name='frappe.core.doctype.scheduled_job_type.scheduled_job_type.run_scheduled_jo..., kwargs={'job_type': 'frappe.email.queue.retry_sending_emails'}, method='frappe.core.doctype.scheduled_job_type.scheduled_job_type.run_scheduled_jo..., site='task.local', user='Administrator') (task.local::scheduled_job::frappe.email.queue.retry_sending_emails)
2026-05-01 07:20:17,957 home-mahmoudtawfeek-task-manger:default: Job OK (task.local::scheduled_job::frappe.email.queue.retry_sending_emails)
2026-05-01 07:20:17,957 Result is kept for 600 seconds
2026-05-01 07:20:17,965 home-mahmoudtawfeek-task-manger:default: frappe.utils.background_jobs.execute_job(event=None, is_async=True, job_name='frappe.core.doctype.scheduled_job_type.scheduled_job_type.run_scheduled_jo..., kwargs={'job_type': 'frappe.monitor.flush'}, method='frappe.core.doctype.scheduled_job_type.scheduled_job_type.run_scheduled_jo..., site='task.local', user='Administrator') (task.local::scheduled_job::frappe.monitor.flush)
2026-05-01 07:20:18,216 home-mahmoudtawfeek-task-manger:default: Job OK (task.local::scheduled_job::frappe.monitor.flush)
2026-05-01 07:20:18,216 Result is kept for 600 seconds
2026-05-01 07:20:18,223 home-mahmoudtawfeek-task-manger:default: frappe.utils.background_jobs.execute_job(event=None, is_async=True, job_name='frappe.core.doctype.scheduled_job_type.scheduled_job_type.run_scheduled_jo..., kwargs={'job_type': 'frappe.email.queue.flush'}, method='frappe.core.doctype.scheduled_job_type.scheduled_job_type.run_scheduled_jo..., site='task.local', user='Administrator') (task.local::scheduled_job::frappe.email.queue.flush)
2026-05-01 07:20:18,901 home-mahmoudtawfeek-task-manger:default: Job OK (task.local::scheduled_job::frappe.email.queue.flush)
2026-05-01 07:20:18,902 Result is kept for 600 seconds
2026-05-01 07:24:16,833 home-mahmoudtawfeek-task-manger:default: frappe.utils.background_jobs.execute_job(event=None, is_async=True, job_name='frappe.core.doctype.scheduled_job_type.scheduled_job_type.run_scheduled_jo..., kwargs={'job_type': 'frappe.email.queue.flush'}, method='frappe.core.doctype.scheduled_job_type.scheduled_job_type.run_scheduled_jo..., site='task.local', user='Administrator') (task.local::scheduled_job::frappe.email.queue.flush)
2026-05-01 07:24:20,055 home-mahmoudtawfeek-task-manger:default: Job OK (task.local::scheduled_job::frappe.email.queue.flush)
2026-05-01 07:24:20,056 Result is kept for 600 seconds
2026-05-01 07:24:20,071 home-mahmoudtawfeek-task-manger:default: frappe.utils.background_jobs.execute_job(event=None, is_async=True, job_name='frappe.core.doctype.scheduled_job_type.scheduled_job_type.run_scheduled_jo..., kwargs={'job_type': 'frappe.monitor.flush'}, method='frappe.core.doctype.scheduled_job_type.scheduled_job_type.run_scheduled_jo..., site='task.local', user='Administrator') (task.local::scheduled_job::frappe.monitor.flush)
2026-05-01 07:24:20,437 home-mahmoudtawfeek-task-manger:default: Job OK (task.local::scheduled_job::frappe.monitor.flush)
2026-05-01 07:24:20,438 Result is kept for 600 seconds
2026-05-01 07:24:20,463 home-mahmoudtawfeek-task-manger:default: frappe.utils.background_jobs.execute_job(event=None, is_async=True, job_name='frappe.core.doctype.scheduled_job_type.scheduled_job_type.run_scheduled_jo..., kwargs={'job_type': 'frappe.email.queue.retry_sending_emails'}, method='frappe.core.doctype.scheduled_job_type.scheduled_job_type.run_scheduled_jo..., site='task.local', user='Administrator') (task.local::scheduled_job::frappe.email.queue.retry_sending_emails)
2026-05-01 07:24:21,443 home-mahmoudtawfeek-task-manger:default: Job OK (task.local::scheduled_job::frappe.email.queue.retry_sending_emails)
2026-05-01 07:24:21,444 Result is kept for 600 seconds
2026-05-01 07:24:21,468 home-mahmoudtawfeek-task-manger:default: frappe.utils.background_jobs.execute_job(event=None, is_async=True, job_name='frappe.core.doctype.scheduled_job_type.scheduled_job_type.run_scheduled_jo..., kwargs={'job_type': 'frappe.integrations.doctype.google_calendar.google_calendar.s..., method='frappe.core.doctype.scheduled_job_type.scheduled_job_type.run_scheduled_jo..., site='task.local', user='Administrator') (task.local::scheduled_job::frappe.integrations.doctype.google_calendar.google_calendar.sync)
2026-05-01 07:24:22,085 home-mahmoudtawfeek-task-manger:default: Job OK (task.local::scheduled_job::frappe.integrations.doctype.google_calendar.google_calendar.sync)
2026-05-01 07:24:22,086 Result is kept for 600 seconds
2026-05-01 07:28:17,729 home-mahmoudtawfeek-task-manger:default: frappe.utils.background_jobs.execute_job(event=None, is_async=True, job_name='frappe.core.doctype.scheduled_job_type.scheduled_job_type.run_scheduled_jo..., kwargs={'job_type': 'frappe.monitor.flush'}, method='frappe.core.doctype.scheduled_job_type.scheduled_job_type.run_scheduled_jo..., site='task.local', user='Administrator') (task.local::scheduled_job::frappe.monitor.flush)
2026-05-01 07:28:18,014 home-mahmoudtawfeek-task-manger:default: Job OK (task.local::scheduled_job::frappe.monitor.flush)
2026-05-01 07:28:18,014 Result is kept for 600 seconds
2026-05-01 07:28:18,020 Cleaning registries for queue: home-mahmoudtawfeek-task-manger:short
2026-05-01 07:28:18,023 Cleaning registries for queue: home-mahmoudtawfeek-task-manger:default
2026-05-01 07:28:18,025 Cleaning registries for queue: home-mahmoudtawfeek-task-manger:long
2026-05-01 07:28:18,028 home-mahmoudtawfeek-task-manger:default: frappe.utils.background_jobs.execute_job(event=None, is_async=True, job_name='frappe.core.doctype.scheduled_job_type.scheduled_job_type.run_scheduled_jo..., kwargs={'job_type': 'frappe.email.queue.retry_sending_emails'}, method='frappe.core.doctype.scheduled_job_type.scheduled_job_type.run_scheduled_jo..., site='task.local', user='Administrator') (task.local::scheduled_job::frappe.email.queue.retry_sending_emails)
2026-05-01 07:28:18,649 home-mahmoudtawfeek-task-manger:default: Job OK (task.local::scheduled_job::frappe.email.queue.retry_sending_emails)
2026-05-01 07:28:18,649 Result is kept for 600 seconds
2026-05-01 07:28:18,656 home-mahmoudtawfeek-task-manger:default: frappe.utils.background_jobs.execute_job(event=None, is_async=True, job_name='frappe.core.doctype.scheduled_job_type.scheduled_job_type.run_scheduled_jo..., kwargs={'job_type': 'frappe.email.queue.flush'}, method='frappe.core.doctype.scheduled_job_type.scheduled_job_type.run_scheduled_jo..., site='task.local', user='Administrator') (task.local::scheduled_job::frappe.email.queue.flush)
2026-05-01 07:28:19,155 home-mahmoudtawfeek-task-manger:default: Job OK (task.local::scheduled_job::frappe.email.queue.flush)
2026-05-01 07:28:19,155 Result is kept for 600 seconds
2026-05-01 07:28:19,163 home-mahmoudtawfeek-task-manger:default: frappe.utils.background_jobs.execute_job(event=None, is_async=True, job_name='frappe.core.doctype.scheduled_job_type.scheduled_job_type.run_scheduled_jo..., kwargs={'job_type': 'frappe.integrations.doctype.google_calendar.google_calendar.s..., method='frappe.core.doctype.scheduled_job_type.scheduled_job_type.run_scheduled_jo..., site='task.local', user='Administrator') (task.local::scheduled_job::frappe.integrations.doctype.google_calendar.google_calendar.sync)
2026-05-01 07:28:19,677 home-mahmoudtawfeek-task-manger:default: Job OK (task.local::scheduled_job::frappe.integrations.doctype.google_calendar.google_calendar.sync)
2026-05-01 07:28:19,678 Result is kept for 600 seconds
2026-05-01 07:30:18,169 home-mahmoudtawfeek-task-manger:default: frappe.utils.background_jobs.execute_job(event=None, is_async=True, job_name='frappe.core.doctype.scheduled_job_type.scheduled_job_type.run_scheduled_jo..., kwargs={'job_type': 'frappe.email.doctype.email_account.email_account.pull'}, method='frappe.core.doctype.scheduled_job_type.scheduled_job_type.run_scheduled_jo..., site='task.local', user='Administrator') (task.local::scheduled_job::frappe.email.doctype.email_account.email_account.pull)
2026-05-01 07:30:18,652 home-mahmoudtawfeek-task-manger:default: Job OK (task.local::scheduled_job::frappe.email.doctype.email_account.email_account.pull)
2026-05-01 07:30:18,652 Result is kept for 600 seconds
2026-05-01 07:30:18,659 home-mahmoudtawfeek-task-manger:default: frappe.utils.background_jobs.execute_job(event=None, is_async=True, job_name='frappe.core.doctype.scheduled_job_type.scheduled_job_type.run_scheduled_jo..., kwargs={'job_type': 'frappe.search.sqlite_search.build_index_if_not_exists'}, method='frappe.core.doctype.scheduled_job_type.scheduled_job_type.run_scheduled_jo..., site='task.local', user='Administrator') (task.local::scheduled_job::frappe.search.sqlite_search.build_index_if_not_exists)
2026-05-01 07:30:19,024 home-mahmoudtawfeek-task-manger:default: Job OK (task.local::scheduled_job::frappe.search.sqlite_search.build_index_if_not_exists)
2026-05-01 07:30:19,025 Result is kept for 600 seconds
2026-05-01 07:30:19,040 home-mahmoudtawfeek-task-manger:default: frappe.utils.background_jobs.execute_job(event=None, is_async=True, job_name='frappe.core.doctype.scheduled_job_type.scheduled_job_type.run_scheduled_jo..., kwargs={'job_type': 'frappe.model.utils.link_count.update_link_count'}, method='frappe.core.doctype.scheduled_job_type.scheduled_job_type.run_scheduled_jo..., site='task.local', user='Administrator') (task.local::scheduled_job::frappe.model.utils.link_count.update_link_count)
2026-05-01 07:30:19,372 home-mahmoudtawfeek-task-manger:default: Job OK (task.local::scheduled_job::frappe.model.utils.link_count.update_link_count)
2026-05-01 07:30:19,372 Result is kept for 600 seconds
2026-05-01 07:30:19,379 home-mahmoudtawfeek-task-manger:default: frappe.utils.background_jobs.execute_job(event=None, is_async=True, job_name='frappe.core.doctype.scheduled_job_type.scheduled_job_type.run_scheduled_jo..., kwargs={'job_type': 'erpnext.accounts.doctype.gl_entry.gl_entry.rename_gle_sle_doc..., method='frappe.core.doctype.scheduled_job_type.scheduled_job_type.run_scheduled_jo..., site='task.local', user='Administrator') (task.local::scheduled_job::erpnext.accounts.doctype.gl_entry.gl_entry.rename_gle_sle_docs)
2026-05-01 07:30:19,976 home-mahmoudtawfeek-task-manger:default: Job OK (task.local::scheduled_job::erpnext.accounts.doctype.gl_entry.gl_entry.rename_gle_sle_docs)
2026-05-01 07:30:19,977 Result is kept for 600 seconds
2026-05-01 07:30:20,003 home-mahmoudtawfeek-task-manger:default: frappe.utils.background_jobs.execute_job(event=None, is_async=True, job_name='frappe.core.doctype.scheduled_job_type.scheduled_job_type.run_scheduled_jo..., kwargs={'job_type': 'frappe.utils.global_search.sync_global_search'}, method='frappe.core.doctype.scheduled_job_type.scheduled_job_type.run_scheduled_jo..., site='task.local', user='Administrator') (task.local::scheduled_job::frappe.utils.global_search.sync_global_search)
2026-05-01 07:30:20,368 home-mahmoudtawfeek-task-manger:default: Job OK (task.local::scheduled_job::frappe.utils.global_search.sync_global_search)
2026-05-01 07:30:20,368 Result is kept for 600 seconds
2026-05-01 07:30:20,376 home-mahmoudtawfeek-task-manger:default: frappe.utils.background_jobs.execute_job(event=None, is_async=True, job_name='frappe.core.doctype.scheduled_job_type.scheduled_job_type.run_scheduled_jo..., kwargs={'job_type': 'frappe.email.doctype.email_account.email_account.notify_unrep..., method='frappe.core.doctype.scheduled_job_type.scheduled_job_type.run_scheduled_jo..., site='task.local', user='Administrator') (task.local::scheduled_job::frappe.email.doctype.email_account.email_account.notify_unreplied)
2026-05-01 07:30:20,741 home-mahmoudtawfeek-task-manger:default: Job OK (task.local::scheduled_job::frappe.email.doctype.email_account.email_account.notify_unreplied)
2026-05-01 07:30:20,741 Result is kept for 600 seconds
2026-05-01 07:30:20,751 home-mahmoudtawfeek-task-manger:default: frappe.utils.background_jobs.execute_job(event=None, is_async=True, job_name='frappe.core.doctype.scheduled_job_type.scheduled_job_type.run_scheduled_jo..., kwargs={'job_type': 'frappe.automation.doctype.reminder.reminder.send_reminders'}, method='frappe.core.doctype.scheduled_job_type.scheduled_job_type.run_scheduled_jo..., site='task.local', user='Administrator') (task.local::scheduled_job::frappe.automation.doctype.reminder.reminder.send_reminders)
2026-05-01 07:30:21,145 home-mahmoudtawfeek-task-manger:default: Job OK (task.local::scheduled_job::frappe.automation.doctype.reminder.reminder.send_reminders)
2026-05-01 07:30:21,145 Result is kept for 600 seconds
2026-05-01 07:30:21,163 home-mahmoudtawfeek-task-manger:default: frappe.utils.background_jobs.execute_job(event=None, is_async=True, job_name='frappe.core.doctype.scheduled_job_type.scheduled_job_type.run_scheduled_jo..., kwargs={'job_type': 'frappe.deferred_insert.save_to_db'}, method='frappe.core.doctype.scheduled_job_type.scheduled_job_type.run_scheduled_jo..., site='task.local', user='Administrator') (task.local::scheduled_job::frappe.deferred_insert.save_to_db)
2026-05-01 07:30:21,442 home-mahmoudtawfeek-task-manger:default: Job OK (task.local::scheduled_job::frappe.deferred_insert.save_to_db)
2026-05-01 07:30:21,442 Result is kept for 600 seconds
2026-05-01 07:30:21,449 home-mahmoudtawfeek-task-manger:default: frappe.utils.background_jobs.execute_job(event=None, is_async=True, job_name='frappe.core.doctype.scheduled_job_type.scheduled_job_type.run_scheduled_jo..., kwargs={'job_type': 'erpnext.manufacturing.doctype.bom_update_log.bom_update_log.r..., method='frappe.core.doctype.scheduled_job_type.scheduled_job_type.run_scheduled_jo..., site='task.local', user='Administrator') (task.local::scheduled_job::erpnext.manufacturing.doctype.bom_update_log.bom_update_log.resume_bom_cost_update_jobs)
2026-05-01 07:30:21,760 home-mahmoudtawfeek-task-manger:default: Job OK (task.local::scheduled_job::erpnext.manufacturing.doctype.bom_update_log.bom_update_log.resume_bom_cost_update_jobs)
2026-05-01 07:30:21,760 Result is kept for 600 seconds
2026-05-01 07:30:21,768 home-mahmoudtawfeek-task-manger:default: frappe.utils.background_jobs.execute_job(event=None, is_async=True, job_name='frappe.core.doctype.scheduled_job_type.scheduled_job_type.run_scheduled_jo..., kwargs={'job_type': 'frappe.utils.telemetry.pulse.client.send_queued_events'}, method='frappe.core.doctype.scheduled_job_type.scheduled_job_type.run_scheduled_jo..., site='task.local', user='Administrator') (task.local::scheduled_job::frappe.utils.telemetry.pulse.client.send_queued_events)
2026-05-01 07:30:22,216 home-mahmoudtawfeek-task-manger:default: Job OK (task.local::scheduled_job::frappe.utils.telemetry.pulse.client.send_queued_events)
2026-05-01 07:30:22,217 Result is kept for 600 seconds
2026-05-01 07:32:18,656 home-mahmoudtawfeek-task-manger:default: frappe.utils.background_jobs.execute_job(event=None, is_async=True, job_name='frappe.core.doctype.scheduled_job_type.scheduled_job_type.run_scheduled_jo..., kwargs={'job_type': 'frappe.email.queue.retry_sending_emails'}, method='frappe.core.doctype.scheduled_job_type.scheduled_job_type.run_scheduled_jo..., site='task.local', user='Administrator') (task.local::scheduled_job::frappe.email.queue.retry_sending_emails)
2026-05-01 07:32:19,361 home-mahmoudtawfeek-task-manger:default: Job OK (task.local::scheduled_job::frappe.email.queue.retry_sending_emails)
2026-05-01 07:32:19,361 Result is kept for 600 seconds
2026-05-01 07:32:19,369 home-mahmoudtawfeek-task-manger:default: frappe.utils.background_jobs.execute_job(event=None, is_async=True, job_name='frappe.core.doctype.scheduled_job_type.scheduled_job_type.run_scheduled_jo..., kwargs={'job_type': 'frappe.integrations.doctype.google_calendar.google_calendar.s..., method='frappe.core.doctype.scheduled_job_type.scheduled_job_type.run_scheduled_jo..., site='task.local', user='Administrator') (task.local::scheduled_job::frappe.integrations.doctype.google_calendar.google_calendar.sync)
2026-05-01 07:32:19,829 home-mahmoudtawfeek-task-manger:default: Job OK (task.local::scheduled_job::frappe.integrations.doctype.google_calendar.google_calendar.sync)
2026-05-01 07:32:19,829 Result is kept for 600 seconds
2026-05-01 07:32:19,837 home-mahmoudtawfeek-task-manger:default: frappe.utils.background_jobs.execute_job(event=None, is_async=True, job_name='frappe.core.doctype.scheduled_job_type.scheduled_job_type.run_scheduled_jo..., kwargs={'job_type': 'frappe.monitor.flush'}, method='frappe.core.doctype.scheduled_job_type.scheduled_job_type.run_scheduled_jo..., site='task.local', user='Administrator') (task.local::scheduled_job::frappe.monitor.flush)
2026-05-01 07:32:20,081 home-mahmoudtawfeek-task-manger:default: Job OK (task.local::scheduled_job::frappe.monitor.flush)
2026-05-01 07:32:20,082 Result is kept for 600 seconds
2026-05-01 07:32:20,104 home-mahmoudtawfeek-task-manger:default: frappe.utils.background_jobs.execute_job(event=None, is_async=True, job_name='frappe.core.doctype.scheduled_job_type.scheduled_job_type.run_scheduled_jo..., kwargs={'job_type': 'frappe.email.queue.flush'}, method='frappe.core.doctype.scheduled_job_type.scheduled_job_type.run_scheduled_jo..., site='task.local', user='Administrator') (task.local::scheduled_job::frappe.email.queue.flush)
2026-05-01 07:32:20,723 home-mahmoudtawfeek-task-manger:default: Job OK (task.local::scheduled_job::frappe.email.queue.flush)
2026-05-01 07:32:20,723 Result is kept for 600 seconds
2026-05-01 07:36:19,585 home-mahmoudtawfeek-task-manger:default: frappe.utils.background_jobs.execute_job(event=None, is_async=True, job_name='frappe.core.doctype.scheduled_job_type.scheduled_job_type.run_scheduled_jo..., kwargs={'job_type': 'frappe.monitor.flush'}, method='frappe.core.doctype.scheduled_job_type.scheduled_job_type.run_scheduled_jo..., site='task.local', user='Administrator') (task.local::scheduled_job::frappe.monitor.flush)
2026-05-01 07:36:19,876 home-mahmoudtawfeek-task-manger:default: Job OK (task.local::scheduled_job::frappe.monitor.flush)
2026-05-01 07:36:19,877 Result is kept for 600 seconds
2026-05-01 07:36:19,884 home-mahmoudtawfeek-task-manger:default: frappe.utils.background_jobs.execute_job(event=None, is_async=True, job_name='frappe.core.doctype.scheduled_job_type.scheduled_job_type.run_scheduled_jo..., kwargs={'job_type': 'frappe.integrations.doctype.google_calendar.google_calendar.s..., method='frappe.core.doctype.scheduled_job_type.scheduled_job_type.run_scheduled_jo..., site='task.local', user='Administrator') (task.local::scheduled_job::frappe.integrations.doctype.google_calendar.google_calendar.sync)
2026-05-01 07:36:20,520 home-mahmoudtawfeek-task-manger:default: Job OK (task.local::scheduled_job::frappe.integrations.doctype.google_calendar.google_calendar.sync)
2026-05-01 07:36:20,520 Result is kept for 600 seconds
2026-05-01 07:36:20,536 home-mahmoudtawfeek-task-manger:default: frappe.utils.background_jobs.execute_job(event=None, is_async=True, job_name='frappe.core.doctype.scheduled_job_type.scheduled_job_type.run_scheduled_jo..., kwargs={'job_type': 'frappe.email.queue.flush'}, method='frappe.core.doctype.scheduled_job_type.scheduled_job_type.run_scheduled_jo..., site='task.local', user='Administrator') (task.local::scheduled_job::frappe.email.queue.flush)
2026-05-01 07:36:21,305 home-mahmoudtawfeek-task-manger:default: Job OK (task.local::scheduled_job::frappe.email.queue.flush)
2026-05-01 07:36:21,305 Result is kept for 600 seconds
2026-05-01 07:36:21,312 home-mahmoudtawfeek-task-manger:default: frappe.utils.background_jobs.execute_job(event=None, is_async=True, job_name='frappe.core.doctype.scheduled_job_type.scheduled_job_type.run_scheduled_jo..., kwargs={'job_type': 'frappe.email.queue.retry_sending_emails'}, method='frappe.core.doctype.scheduled_job_type.scheduled_job_type.run_scheduled_jo..., site='task.local', user='Administrator') (task.local::scheduled_job::frappe.email.queue.retry_sending_emails)
2026-05-01 07:36:21,985 home-mahmoudtawfeek-task-manger:default: Job OK (task.local::scheduled_job::frappe.email.queue.retry_sending_emails)
2026-05-01 07:36:21,986 Result is kept for 600 seconds
2026-05-01 07:40:20,387 home-mahmoudtawfeek-task-manger:default: frappe.utils.background_jobs.execute_job(event=None, is_async=True, job_name='frappe.core.doctype.scheduled_job_type.scheduled_job_type.run_scheduled_jo..., kwargs={'job_type': 'frappe.monitor.flush'}, method='frappe.core.doctype.scheduled_job_type.scheduled_job_type.run_scheduled_jo..., site='task.local', user='Administrator') (task.local::scheduled_job::frappe.monitor.flush)
2026-05-01 07:40:20,664 home-mahmoudtawfeek-task-manger:default: Job OK (task.local::scheduled_job::frappe.monitor.flush)
2026-05-01 07:40:20,664 Result is kept for 600 seconds
2026-05-01 07:40:20,693 home-mahmoudtawfeek-task-manger:default: frappe.utils.background_jobs.execute_job(event=None, is_async=True, job_name='frappe.core.doctype.scheduled_job_type.scheduled_job_type.run_scheduled_jo..., kwargs={'job_type': 'frappe.email.queue.flush'}, method='frappe.core.doctype.scheduled_job_type.scheduled_job_type.run_scheduled_jo..., site='task.local', user='Administrator') (task.local::scheduled_job::frappe.email.queue.flush)
2026-05-01 07:40:21,233 home-mahmoudtawfeek-task-manger:default: Job OK (task.local::scheduled_job::frappe.email.queue.flush)
2026-05-01 07:40:21,234 Result is kept for 600 seconds
2026-05-01 07:40:21,241 home-mahmoudtawfeek-task-manger:default: frappe.utils.background_jobs.execute_job(event=None, is_async=True, job_name='frappe.core.doctype.scheduled_job_type.scheduled_job_type.run_scheduled_jo..., kwargs={'job_type': 'frappe.email.queue.retry_sending_emails'}, method='frappe.core.doctype.scheduled_job_type.scheduled_job_type.run_scheduled_jo..., site='task.local', user='Administrator') (task.local::scheduled_job::frappe.email.queue.retry_sending_emails)
2026-05-01 07:40:21,904 home-mahmoudtawfeek-task-manger:default: Job OK (task.local::scheduled_job::frappe.email.queue.retry_sending_emails)
2026-05-01 07:40:21,904 Result is kept for 600 seconds
2026-05-01 07:40:21,912 home-mahmoudtawfeek-task-manger:default: frappe.utils.background_jobs.execute_job(event=None, is_async=True, job_name='frappe.core.doctype.scheduled_job_type.scheduled_job_type.run_scheduled_jo..., kwargs={'job_type': 'frappe.integrations.doctype.google_calendar.google_calendar.s..., method='frappe.core.doctype.scheduled_job_type.scheduled_job_type.run_scheduled_jo..., site='task.local', user='Administrator') (task.local::scheduled_job::frappe.integrations.doctype.google_calendar.google_calendar.sync)
2026-05-01 07:40:22,424 home-mahmoudtawfeek-task-manger:default: Job OK (task.local::scheduled_job::frappe.integrations.doctype.google_calendar.google_calendar.sync)
2026-05-01 07:40:22,424 Result is kept for 600 seconds
2026-05-01 07:40:22,433 home-mahmoudtawfeek-task-manger:default: frappe.utils.background_jobs.execute_job(event=None, is_async=True, job_name='frappe.core.doctype.scheduled_job_type.scheduled_job_type.run_scheduled_jo..., kwargs={'job_type': 'frappe.email.doctype.email_account.email_account.pull'}, method='frappe.core.doctype.scheduled_job_type.scheduled_job_type.run_scheduled_jo..., site='task.local', user='Administrator') (task.local::scheduled_job::frappe.email.doctype.email_account.email_account.pull)
2026-05-01 07:40:22,761 home-mahmoudtawfeek-task-manger:default: Job OK (task.local::scheduled_job::frappe.email.doctype.email_account.email_account.pull)
2026-05-01 07:40:22,762 Result is kept for 600 seconds
2026-05-01 07:44:21,302 home-mahmoudtawfeek-task-manger:default: frappe.utils.background_jobs.execute_job(event=None, is_async=True, job_name='frappe.core.doctype.scheduled_job_type.scheduled_job_type.run_scheduled_jo..., kwargs={'job_type': 'frappe.email.queue.retry_sending_emails'}, method='frappe.core.doctype.scheduled_job_type.scheduled_job_type.run_scheduled_jo..., site='task.local', user='Administrator') (task.local::scheduled_job::frappe.email.queue.retry_sending_emails)
2026-05-01 07:44:21,920 home-mahmoudtawfeek-task-manger:default: Job OK (task.local::scheduled_job::frappe.email.queue.retry_sending_emails)
2026-05-01 07:44:21,921 Result is kept for 600 seconds
2026-05-01 07:44:21,929 home-mahmoudtawfeek-task-manger:default: frappe.utils.background_jobs.execute_job(event=None, is_async=True, job_name='frappe.core.doctype.scheduled_job_type.scheduled_job_type.run_scheduled_jo..., kwargs={'job_type': 'frappe.email.queue.flush'}, method='frappe.core.doctype.scheduled_job_type.scheduled_job_type.run_scheduled_jo..., site='task.local', user='Administrator') (task.local::scheduled_job::frappe.email.queue.flush)
2026-05-01 07:44:22,406 home-mahmoudtawfeek-task-manger:default: Job OK (task.local::scheduled_job::frappe.email.queue.flush)
2026-05-01 07:44:22,406 Result is kept for 600 seconds
2026-05-01 07:44:22,413 home-mahmoudtawfeek-task-manger:default: frappe.utils.background_jobs.execute_job(event=None, is_async=True, job_name='frappe.core.doctype.scheduled_job_type.scheduled_job_type.run_scheduled_jo..., kwargs={'job_type': 'frappe.monitor.flush'}, method='frappe.core.doctype.scheduled_job_type.scheduled_job_type.run_scheduled_jo..., site='task.local', user='Administrator') (task.local::scheduled_job::frappe.monitor.flush)
2026-05-01 07:44:22,711 home-mahmoudtawfeek-task-manger:default: Job OK (task.local::scheduled_job::frappe.monitor.flush)
2026-05-01 07:44:22,711 Result is kept for 600 seconds
2026-05-01 07:44:22,718 home-mahmoudtawfeek-task-manger:default: frappe.utils.background_jobs.execute_job(event=None, is_async=True, job_name='frappe.core.doctype.scheduled_job_type.scheduled_job_type.run_scheduled_jo..., kwargs={'job_type': 'frappe.integrations.doctype.google_calendar.google_calendar.s..., method='frappe.core.doctype.scheduled_job_type.scheduled_job_type.run_scheduled_jo..., site='task.local', user='Administrator') (task.local::scheduled_job::frappe.integrations.doctype.google_calendar.google_calendar.sync)
2026-05-01 07:44:23,191 home-mahmoudtawfeek-task-manger:default: Job OK (task.local::scheduled_job::frappe.integrations.doctype.google_calendar.google_calendar.sync)
2026-05-01 07:44:23,191 Result is kept for 600 seconds
2026-05-01 07:45:21,575 home-mahmoudtawfeek-task-manger:default: frappe.utils.background_jobs.execute_job(event=None, is_async=True, job_name='frappe.core.doctype.scheduled_job_type.scheduled_job_type.run_scheduled_jo..., kwargs={'job_type': 'frappe.utils.global_search.sync_global_search'}, method='frappe.core.doctype.scheduled_job_type.scheduled_job_type.run_scheduled_jo..., site='task.local', user='Administrator') (task.local::scheduled_job::frappe.utils.global_search.sync_global_search)
2026-05-01 07:45:21,931 home-mahmoudtawfeek-task-manger:default: Job OK (task.local::scheduled_job::frappe.utils.global_search.sync_global_search)
2026-05-01 07:45:21,932 Result is kept for 600 seconds
2026-05-01 07:45:21,939 home-mahmoudtawfeek-task-manger:default: frappe.utils.background_jobs.execute_job(event=None, is_async=True, job_name='frappe.core.doctype.scheduled_job_type.scheduled_job_type.run_scheduled_jo..., kwargs={'job_type': 'frappe.model.utils.link_count.update_link_count'}, method='frappe.core.doctype.scheduled_job_type.scheduled_job_type.run_scheduled_jo..., site='task.local', user='Administrator') (task.local::scheduled_job::frappe.model.utils.link_count.update_link_count)
2026-05-01 07:45:22,227 home-mahmoudtawfeek-task-manger:default: Job OK (task.local::scheduled_job::frappe.model.utils.link_count.update_link_count)
2026-05-01 07:45:22,227 Result is kept for 600 seconds
2026-05-01 07:45:22,234 home-mahmoudtawfeek-task-manger:default: frappe.utils.background_jobs.execute_job(event=None, is_async=True, job_name='frappe.core.doctype.scheduled_job_type.scheduled_job_type.run_scheduled_jo..., kwargs={'job_type': 'frappe.automation.doctype.reminder.reminder.send_reminders'}, method='frappe.core.doctype.scheduled_job_type.scheduled_job_type.run_scheduled_jo..., site='task.local', user='Administrator') (task.local::scheduled_job::frappe.automation.doctype.reminder.reminder.send_reminders)
2026-05-01 07:45:22,615 home-mahmoudtawfeek-task-manger:default: Job OK (task.local::scheduled_job::frappe.automation.doctype.reminder.reminder.send_reminders)
2026-05-01 07:45:22,615 Result is kept for 600 seconds
2026-05-01 07:45:22,622 home-mahmoudtawfeek-task-manger:default: frappe.utils.background_jobs.execute_job(event=None, is_async=True, job_name='frappe.core.doctype.scheduled_job_type.scheduled_job_type.run_scheduled_jo..., kwargs={'job_type': 'frappe.search.sqlite_search.build_index_if_not_exists'}, method='frappe.core.doctype.scheduled_job_type.scheduled_job_type.run_scheduled_jo..., site='task.local', user='Administrator') (task.local::scheduled_job::frappe.search.sqlite_search.build_index_if_not_exists)
2026-05-01 07:45:22,902 home-mahmoudtawfeek-task-manger:default: Job OK (task.local::scheduled_job::frappe.search.sqlite_search.build_index_if_not_exists)
2026-05-01 07:45:22,902 Result is kept for 600 seconds
2026-05-01 07:45:22,909 home-mahmoudtawfeek-task-manger:default: frappe.utils.background_jobs.execute_job(event=None, is_async=True, job_name='frappe.core.doctype.scheduled_job_type.scheduled_job_type.run_scheduled_jo..., kwargs={'job_type': 'frappe.utils.telemetry.pulse.client.send_queued_events'}, method='frappe.core.doctype.scheduled_job_type.scheduled_job_type.run_scheduled_jo..., site='task.local', user='Administrator') (task.local::scheduled_job::frappe.utils.telemetry.pulse.client.send_queued_events)
2026-05-01 07:45:23,332 home-mahmoudtawfeek-task-manger:default: Job OK (task.local::scheduled_job::frappe.utils.telemetry.pulse.client.send_queued_events)
2026-05-01 07:45:23,332 Result is kept for 600 seconds
2026-05-01 07:45:23,375 home-mahmoudtawfeek-task-manger:default: frappe.utils.background_jobs.execute_job(event=None, is_async=True, job_name='frappe.core.doctype.scheduled_job_type.scheduled_job_type.run_scheduled_jo..., kwargs={'job_type': 'frappe.email.doctype.email_account.email_account.notify_unrep..., method='frappe.core.doctype.scheduled_job_type.scheduled_job_type.run_scheduled_jo..., site='task.local', user='Administrator') (task.local::scheduled_job::frappe.email.doctype.email_account.email_account.notify_unreplied)
2026-05-01 07:45:23,744 home-mahmoudtawfeek-task-manger:default: Job OK (task.local::scheduled_job::frappe.email.doctype.email_account.email_account.notify_unreplied)
2026-05-01 07:45:23,744 Result is kept for 600 seconds
2026-05-01 07:45:23,752 home-mahmoudtawfeek-task-manger:default: frappe.utils.background_jobs.execute_job(event=None, is_async=True, job_name='frappe.core.doctype.scheduled_job_type.scheduled_job_type.run_scheduled_jo..., kwargs={'job_type': 'frappe.deferred_insert.save_to_db'}, method='frappe.core.doctype.scheduled_job_type.scheduled_job_type.run_scheduled_jo..., site='task.local', user='Administrator') (task.local::scheduled_job::frappe.deferred_insert.save_to_db)
2026-05-01 07:45:24,098 home-mahmoudtawfeek-task-manger:default: Job OK (task.local::scheduled_job::frappe.deferred_insert.save_to_db)
2026-05-01 07:45:24,098 Result is kept for 600 seconds
2026-05-01 07:45:24,106 home-mahmoudtawfeek-task-manger:default: frappe.utils.background_jobs.execute_job(event=None, is_async=True, job_name='frappe.core.doctype.scheduled_job_type.scheduled_job_type.run_scheduled_jo..., kwargs={'job_type': 'erpnext.manufacturing.doctype.bom_update_log.bom_update_log.r..., method='frappe.core.doctype.scheduled_job_type.scheduled_job_type.run_scheduled_jo..., site='task.local', user='Administrator') (task.local::scheduled_job::erpnext.manufacturing.doctype.bom_update_log.bom_update_log.resume_bom_cost_update_jobs)
2026-05-01 07:45:24,452 home-mahmoudtawfeek-task-manger:default: Job OK (task.local::scheduled_job::erpnext.manufacturing.doctype.bom_update_log.bom_update_log.resume_bom_cost_update_jobs)
2026-05-01 07:45:24,452 Result is kept for 600 seconds
2026-05-01 07:48:22,345 home-mahmoudtawfeek-task-manger:default: frappe.utils.background_jobs.execute_job(event=None, is_async=True, job_name='frappe.core.doctype.scheduled_job_type.scheduled_job_type.run_scheduled_jo..., kwargs={'job_type': 'frappe.integrations.doctype.google_calendar.google_calendar.s..., method='frappe.core.doctype.scheduled_job_type.scheduled_job_type.run_scheduled_jo..., site='task.local', user='Administrator') (task.local::scheduled_job::frappe.integrations.doctype.google_calendar.google_calendar.sync)
2026-05-01 07:48:22,851 home-mahmoudtawfeek-task-manger:default: Job OK (task.local::scheduled_job::frappe.integrations.doctype.google_calendar.google_calendar.sync)
2026-05-01 07:48:22,851 Result is kept for 600 seconds
2026-05-01 07:48:22,858 home-mahmoudtawfeek-task-manger:default: frappe.utils.background_jobs.execute_job(event=None, is_async=True, job_name='frappe.core.doctype.scheduled_job_type.scheduled_job_type.run_scheduled_jo..., kwargs={'job_type': 'frappe.monitor.flush'}, method='frappe.core.doctype.scheduled_job_type.scheduled_job_type.run_scheduled_jo..., site='task.local', user='Administrator') (task.local::scheduled_job::frappe.monitor.flush)
2026-05-01 07:48:23,072 home-mahmoudtawfeek-task-manger:default: Job OK (task.local::scheduled_job::frappe.monitor.flush)
2026-05-01 07:48:23,073 Result is kept for 600 seconds
2026-05-01 07:48:23,079 home-mahmoudtawfeek-task-manger:default: frappe.utils.background_jobs.execute_job(event=None, is_async=True, job_name='frappe.core.doctype.scheduled_job_type.scheduled_job_type.run_scheduled_jo..., kwargs={'job_type': 'frappe.email.queue.retry_sending_emails'}, method='frappe.core.doctype.scheduled_job_type.scheduled_job_type.run_scheduled_jo..., site='task.local', user='Administrator') (task.local::scheduled_job::frappe.email.queue.retry_sending_emails)
2026-05-01 07:48:23,670 home-mahmoudtawfeek-task-manger:default: Job OK (task.local::scheduled_job::frappe.email.queue.retry_sending_emails)
2026-05-01 07:48:23,671 Result is kept for 600 seconds
2026-05-01 07:48:23,701 home-mahmoudtawfeek-task-manger:default: frappe.utils.background_jobs.execute_job(event=None, is_async=True, job_name='frappe.core.doctype.scheduled_job_type.scheduled_job_type.run_scheduled_jo..., kwargs={'job_type': 'frappe.email.queue.flush'}, method='frappe.core.doctype.scheduled_job_type.scheduled_job_type.run_scheduled_jo..., site='task.local', user='Administrator') (task.local::scheduled_job::frappe.email.queue.flush)
2026-05-01 07:48:24,302 home-mahmoudtawfeek-task-manger:default: Job OK (task.local::scheduled_job::frappe.email.queue.flush)
2026-05-01 07:48:24,302 Result is kept for 600 seconds
2026-05-01 07:50:22,820 home-mahmoudtawfeek-task-manger:default: frappe.utils.background_jobs.execute_job(event=None, is_async=True, job_name='frappe.core.doctype.scheduled_job_type.scheduled_job_type.run_scheduled_jo..., kwargs={'job_type': 'frappe.email.doctype.email_account.email_account.pull'}, method='frappe.core.doctype.scheduled_job_type.scheduled_job_type.run_scheduled_jo..., site='task.local', user='Administrator') (task.local::scheduled_job::frappe.email.doctype.email_account.email_account.pull)
2026-05-01 07:50:23,334 home-mahmoudtawfeek-task-manger:default: Job OK (task.local::scheduled_job::frappe.email.doctype.email_account.email_account.pull)
2026-05-01 07:50:23,335 Result is kept for 600 seconds
2026-05-01 07:50:23,353 Cleaning registries for queue: home-mahmoudtawfeek-task-manger:short
2026-05-01 07:50:23,357 Cleaning registries for queue: home-mahmoudtawfeek-task-manger:default
2026-05-01 07:50:23,361 Cleaning registries for queue: home-mahmoudtawfeek-task-manger:long
2026-05-01 07:52:23,197 home-mahmoudtawfeek-task-manger:default: frappe.utils.background_jobs.execute_job(event=None, is_async=True, job_name='frappe.core.doctype.scheduled_job_type.scheduled_job_type.run_scheduled_jo..., kwargs={'job_type': 'frappe.email.queue.flush'}, method='frappe.core.doctype.scheduled_job_type.scheduled_job_type.run_scheduled_jo..., site='task.local', user='Administrator') (task.local::scheduled_job::frappe.email.queue.flush)
2026-05-01 07:52:23,833 home-mahmoudtawfeek-task-manger:default: Job OK (task.local::scheduled_job::frappe.email.queue.flush)
2026-05-01 07:52:23,833 Result is kept for 600 seconds
2026-05-01 07:52:23,841 home-mahmoudtawfeek-task-manger:default: frappe.utils.background_jobs.execute_job(event=None, is_async=True, job_name='frappe.core.doctype.scheduled_job_type.scheduled_job_type.run_scheduled_jo..., kwargs={'job_type': 'frappe.integrations.doctype.google_calendar.google_calendar.s..., method='frappe.core.doctype.scheduled_job_type.scheduled_job_type.run_scheduled_jo..., site='task.local', user='Administrator') (task.local::scheduled_job::frappe.integrations.doctype.google_calendar.google_calendar.sync)
2026-05-01 07:52:24,291 home-mahmoudtawfeek-task-manger:default: Job OK (task.local::scheduled_job::frappe.integrations.doctype.google_calendar.google_calendar.sync)
2026-05-01 07:52:24,291 Result is kept for 600 seconds
2026-05-01 07:52:24,299 home-mahmoudtawfeek-task-manger:default: frappe.utils.background_jobs.execute_job(event=None, is_async=True, job_name='frappe.core.doctype.scheduled_job_type.scheduled_job_type.run_scheduled_jo..., kwargs={'job_type': 'frappe.email.queue.retry_sending_emails'}, method='frappe.core.doctype.scheduled_job_type.scheduled_job_type.run_scheduled_jo..., site='task.local', user='Administrator') (task.local::scheduled_job::frappe.email.queue.retry_sending_emails)
2026-05-01 07:52:24,836 home-mahmoudtawfeek-task-manger:default: Job OK (task.local::scheduled_job::frappe.email.queue.retry_sending_emails)
2026-05-01 07:52:24,837 Result is kept for 600 seconds
2026-05-01 07:52:24,856 home-mahmoudtawfeek-task-manger:default: frappe.utils.background_jobs.execute_job(event=None, is_async=True, job_name='frappe.core.doctype.scheduled_job_type.scheduled_job_type.run_scheduled_jo..., kwargs={'job_type': 'frappe.monitor.flush'}, method='frappe.core.doctype.scheduled_job_type.scheduled_job_type.run_scheduled_jo..., site='task.local', user='Administrator') (task.local::scheduled_job::frappe.monitor.flush)
2026-05-01 07:52:25,142 home-mahmoudtawfeek-task-manger:default: Job OK (task.local::scheduled_job::frappe.monitor.flush)
2026-05-01 07:52:25,142 Result is kept for 600 seconds
2026-05-01 07:56:24,002 home-mahmoudtawfeek-task-manger:default: frappe.utils.background_jobs.execute_job(event=None, is_async=True, job_name='frappe.core.doctype.scheduled_job_type.scheduled_job_type.run_scheduled_jo..., kwargs={'job_type': 'frappe.integrations.doctype.google_calendar.google_calendar.s..., method='frappe.core.doctype.scheduled_job_type.scheduled_job_type.run_scheduled_jo..., site='task.local', user='Administrator') (task.local::scheduled_job::frappe.integrations.doctype.google_calendar.google_calendar.sync)
2026-05-01 07:56:24,569 home-mahmoudtawfeek-task-manger:default: Job OK (task.local::scheduled_job::frappe.integrations.doctype.google_calendar.google_calendar.sync)
2026-05-01 07:56:24,570 Result is kept for 600 seconds
2026-05-01 07:56:24,578 home-mahmoudtawfeek-task-manger:default: frappe.utils.background_jobs.execute_job(event=None, is_async=True, job_name='frappe.core.doctype.scheduled_job_type.scheduled_job_type.run_scheduled_jo..., kwargs={'job_type': 'frappe.email.queue.flush'}, method='frappe.core.doctype.scheduled_job_type.scheduled_job_type.run_scheduled_jo..., site='task.local', user='Administrator') (task.local::scheduled_job::frappe.email.queue.flush)
2026-05-01 07:56:25,282 home-mahmoudtawfeek-task-manger:default: Job OK (task.local::scheduled_job::frappe.email.queue.flush)
2026-05-01 07:56:25,282 Result is kept for 600 seconds
2026-05-01 07:56:25,289 home-mahmoudtawfeek-task-manger:default: frappe.utils.background_jobs.execute_job(event=None, is_async=True, job_name='frappe.core.doctype.scheduled_job_type.scheduled_job_type.run_scheduled_jo..., kwargs={'job_type': 'frappe.monitor.flush'}, method='frappe.core.doctype.scheduled_job_type.scheduled_job_type.run_scheduled_jo..., site='task.local', user='Administrator') (task.local::scheduled_job::frappe.monitor.flush)
2026-05-01 07:56:25,514 home-mahmoudtawfeek-task-manger:default: Job OK (task.local::scheduled_job::frappe.monitor.flush)
2026-05-01 07:56:25,514 Result is kept for 600 seconds
2026-05-01 07:56:25,529 home-mahmoudtawfeek-task-manger:default: frappe.utils.background_jobs.execute_job(event=None, is_async=True, job_name='frappe.core.doctype.scheduled_job_type.scheduled_job_type.run_scheduled_jo..., kwargs={'job_type': 'frappe.email.queue.retry_sending_emails'}, method='frappe.core.doctype.scheduled_job_type.scheduled_job_type.run_scheduled_jo..., site='task.local', user='Administrator') (task.local::scheduled_job::frappe.email.queue.retry_sending_emails)
2026-05-01 07:56:26,034 home-mahmoudtawfeek-task-manger:default: Job OK (task.local::scheduled_job::frappe.email.queue.retry_sending_emails)
2026-05-01 07:56:26,034 Result is kept for 600 seconds
2026-05-01 08:00:25,436 home-mahmoudtawfeek-task-manger:default: frappe.utils.background_jobs.execute_job(event=None, is_async=True, job_name='frappe.core.doctype.scheduled_job_type.scheduled_job_type.run_scheduled_jo..., kwargs={'job_type': 'erpnext.projects.doctype.project.project.hourly_reminder'}, method='frappe.core.doctype.scheduled_job_type.scheduled_job_type.run_scheduled_jo..., site='task.local', user='Administrator') (task.local::scheduled_job::erpnext.projects.doctype.project.project.hourly_reminder)
2026-05-01 08:00:25,908 home-mahmoudtawfeek-task-manger:default: Job OK (task.local::scheduled_job::erpnext.projects.doctype.project.project.hourly_reminder)
2026-05-01 08:00:25,908 Result is kept for 600 seconds
2026-05-01 08:00:25,917 home-mahmoudtawfeek-task-manger:default: frappe.utils.background_jobs.execute_job(event=None, is_async=True, job_name='frappe.core.doctype.scheduled_job_type.scheduled_job_type.run_scheduled_jo..., kwargs={'job_type': 'frappe.deferred_insert.save_to_db'}, method='frappe.core.doctype.scheduled_job_type.scheduled_job_type.run_scheduled_jo..., site='task.local', user='Administrator') (task.local::scheduled_job::frappe.deferred_insert.save_to_db)
2026-05-01 08:00:26,262 home-mahmoudtawfeek-task-manger:default: Job OK (task.local::scheduled_job::frappe.deferred_insert.save_to_db)
2026-05-01 08:00:26,262 Result is kept for 600 seconds
2026-05-01 08:00:26,269 home-mahmoudtawfeek-task-manger:default: frappe.utils.background_jobs.execute_job(event=None, is_async=True, job_name='frappe.core.doctype.scheduled_job_type.scheduled_job_type.run_scheduled_jo..., kwargs={'job_type': 'frappe.email.doctype.email_account.email_account.pull'}, method='frappe.core.doctype.scheduled_job_type.scheduled_job_type.run_scheduled_jo..., site='task.local', user='Administrator') (task.local::scheduled_job::frappe.email.doctype.email_account.email_account.pull)
2026-05-01 08:00:26,594 home-mahmoudtawfeek-task-manger:default: Job OK (task.local::scheduled_job::frappe.email.doctype.email_account.email_account.pull)
2026-05-01 08:00:26,594 Result is kept for 600 seconds
2026-05-01 08:00:26,601 home-mahmoudtawfeek-task-manger:default: frappe.utils.background_jobs.execute_job(event=None, is_async=True, job_name='frappe.core.doctype.scheduled_job_type.scheduled_job_type.run_scheduled_jo..., kwargs={'job_type': 'frappe.monitor.flush'}, method='frappe.core.doctype.scheduled_job_type.scheduled_job_type.run_scheduled_jo..., site='task.local', user='Administrator') (task.local::scheduled_job::frappe.monitor.flush)
2026-05-01 08:00:26,844 home-mahmoudtawfeek-task-manger:default: Job OK (task.local::scheduled_job::frappe.monitor.flush)
2026-05-01 08:00:26,844 Result is kept for 600 seconds
2026-05-01 08:00:26,858 home-mahmoudtawfeek-task-manger:default: frappe.utils.background_jobs.execute_job(event=None, is_async=True, job_name='frappe.core.doctype.scheduled_job_type.scheduled_job_type.run_scheduled_jo..., kwargs={'job_type': 'frappe.email.doctype.newsletter.newsletter.send_scheduled_ema..., method='frappe.core.doctype.scheduled_job_type.scheduled_job_type.run_scheduled_jo..., site='task.local', user='Administrator') (task.local::scheduled_job::frappe.email.doctype.newsletter.newsletter.send_scheduled_email)
2026-05-01 08:00:27,167 home-mahmoudtawfeek-task-manger:default: Job OK (task.local::scheduled_job::frappe.email.doctype.newsletter.newsletter.send_scheduled_email)
2026-05-01 08:00:27,167 Result is kept for 600 seconds
2026-05-01 08:00:27,174 home-mahmoudtawfeek-task-manger:default: frappe.utils.background_jobs.execute_job(event=None, is_async=True, job_name='frappe.core.doctype.scheduled_job_type.scheduled_job_type.run_scheduled_jo..., kwargs={'job_type': 'frappe.model.utils.link_count.update_link_count'}, method='frappe.core.doctype.scheduled_job_type.scheduled_job_type.run_scheduled_jo..., site='task.local', user='Administrator') (task.local::scheduled_job::frappe.model.utils.link_count.update_link_count)
2026-05-01 08:00:27,480 home-mahmoudtawfeek-task-manger:default: Job OK (task.local::scheduled_job::frappe.model.utils.link_count.update_link_count)
2026-05-01 08:00:27,481 Result is kept for 600 seconds
2026-05-01 08:00:27,488 home-mahmoudtawfeek-task-manger:default: frappe.utils.background_jobs.execute_job(event=None, is_async=True, job_name='frappe.core.doctype.scheduled_job_type.scheduled_job_type.run_scheduled_jo..., kwargs={'job_type': 'frappe.email.doctype.email_account.email_account.notify_unrep..., method='frappe.core.doctype.scheduled_job_type.scheduled_job_type.run_scheduled_jo..., site='task.local', user='Administrator') (task.local::scheduled_job::frappe.email.doctype.email_account.email_account.notify_unreplied)
2026-05-01 08:00:27,861 home-mahmoudtawfeek-task-manger:default: Job OK (task.local::scheduled_job::frappe.email.doctype.email_account.email_account.notify_unreplied)
2026-05-01 08:00:27,862 Result is kept for 600 seconds
2026-05-01 08:00:27,879 home-mahmoudtawfeek-task-manger:default: frappe.utils.background_jobs.execute_job(event=None, is_async=True, job_name='frappe.core.doctype.scheduled_job_type.scheduled_job_type.run_scheduled_jo..., kwargs={'job_type': 'frappe.email.queue.flush'}, method='frappe.core.doctype.scheduled_job_type.scheduled_job_type.run_scheduled_jo..., site='task.local', user='Administrator') (task.local::scheduled_job::frappe.email.queue.flush)
2026-05-01 08:00:28,362 home-mahmoudtawfeek-task-manger:default: Job OK (task.local::scheduled_job::frappe.email.queue.flush)
2026-05-01 08:00:28,362 Result is kept for 600 seconds
2026-05-01 08:00:28,370 home-mahmoudtawfeek-task-manger:default: frappe.utils.background_jobs.execute_job(event=None, is_async=True, job_name='frappe.core.doctype.scheduled_job_type.scheduled_job_type.run_scheduled_jo..., kwargs={'job_type': 'frappe.search.sqlite_search.build_index_if_not_exists'}, method='frappe.core.doctype.scheduled_job_type.scheduled_job_type.run_scheduled_jo..., site='task.local', user='Administrator') (task.local::scheduled_job::frappe.search.sqlite_search.build_index_if_not_exists)
2026-05-01 08:00:28,671 home-mahmoudtawfeek-task-manger:default: Job OK (task.local::scheduled_job::frappe.search.sqlite_search.build_index_if_not_exists)
2026-05-01 08:00:28,672 Result is kept for 600 seconds
2026-05-01 08:00:28,679 home-mahmoudtawfeek-task-manger:default: frappe.utils.background_jobs.execute_job(event=None, is_async=True, job_name='frappe.core.doctype.scheduled_job_type.scheduled_job_type.run_scheduled_jo..., kwargs={'job_type': 'frappe.utils.telemetry.pulse.client.send_queued_events'}, method='frappe.core.doctype.scheduled_job_type.scheduled_job_type.run_scheduled_jo..., site='task.local', user='Administrator') (task.local::scheduled_job::frappe.utils.telemetry.pulse.client.send_queued_events)
2026-05-01 08:00:28,971 home-mahmoudtawfeek-task-manger:default: Job OK (task.local::scheduled_job::frappe.utils.telemetry.pulse.client.send_queued_events)
2026-05-01 08:00:28,971 Result is kept for 600 seconds
2026-05-01 08:00:28,978 home-mahmoudtawfeek-task-manger:default: frappe.utils.background_jobs.execute_job(event=None, is_async=True, job_name='frappe.core.doctype.scheduled_job_type.scheduled_job_type.run_scheduled_jo..., kwargs={'job_type': 'frappe.automation.doctype.reminder.reminder.send_reminders'}, method='frappe.core.doctype.scheduled_job_type.scheduled_job_type.run_scheduled_jo..., site='task.local', user='Administrator') (task.local::scheduled_job::frappe.automation.doctype.reminder.reminder.send_reminders)
2026-05-01 08:00:29,314 home-mahmoudtawfeek-task-manger:default: Job OK (task.local::scheduled_job::frappe.automation.doctype.reminder.reminder.send_reminders)
2026-05-01 08:00:29,314 Result is kept for 600 seconds
2026-05-01 08:00:29,322 home-mahmoudtawfeek-task-manger:default: frappe.utils.background_jobs.execute_job(event=None, is_async=True, job_name='frappe.core.doctype.scheduled_job_type.scheduled_job_type.run_scheduled_jo..., kwargs={'job_type': 'frappe.utils.global_search.sync_global_search'}, method='frappe.core.doctype.scheduled_job_type.scheduled_job_type.run_scheduled_jo..., site='task.local', user='Administrator') (task.local::scheduled_job::frappe.utils.global_search.sync_global_search)
2026-05-01 08:00:29,602 home-mahmoudtawfeek-task-manger:default: Job OK (task.local::scheduled_job::frappe.utils.global_search.sync_global_search)
2026-05-01 08:00:29,603 Result is kept for 600 seconds
2026-05-01 08:00:29,612 home-mahmoudtawfeek-task-manger:default: frappe.utils.background_jobs.execute_job(event=None, is_async=True, job_name='frappe.core.doctype.scheduled_job_type.scheduled_job_type.run_scheduled_jo..., kwargs={'job_type': 'frappe.email.queue.retry_sending_emails'}, method='frappe.core.doctype.scheduled_job_type.scheduled_job_type.run_scheduled_jo..., site='task.local', user='Administrator') (task.local::scheduled_job::frappe.email.queue.retry_sending_emails)
2026-05-01 08:00:30,071 home-mahmoudtawfeek-task-manger:default: Job OK (task.local::scheduled_job::frappe.email.queue.retry_sending_emails)
2026-05-01 08:00:30,071 Result is kept for 600 seconds
2026-05-01 08:00:30,080 home-mahmoudtawfeek-task-manger:default: frappe.utils.background_jobs.execute_job(event=None, is_async=True, job_name='frappe.core.doctype.scheduled_job_type.scheduled_job_type.run_scheduled_jo..., kwargs={'job_type': 'erpnext.manufacturing.doctype.bom_update_log.bom_update_log.r..., method='frappe.core.doctype.scheduled_job_type.scheduled_job_type.run_scheduled_jo..., site='task.local', user='Administrator') (task.local::scheduled_job::erpnext.manufacturing.doctype.bom_update_log.bom_update_log.resume_bom_cost_update_jobs)
2026-05-01 08:00:30,399 home-mahmoudtawfeek-task-manger:default: Job OK (task.local::scheduled_job::erpnext.manufacturing.doctype.bom_update_log.bom_update_log.resume_bom_cost_update_jobs)
2026-05-01 08:00:30,399 Result is kept for 600 seconds
2026-05-01 08:00:30,407 home-mahmoudtawfeek-task-manger:default: frappe.utils.background_jobs.execute_job(event=None, is_async=True, job_name='frappe.core.doctype.scheduled_job_type.scheduled_job_type.run_scheduled_jo..., kwargs={'job_type': 'frappe.integrations.doctype.google_calendar.google_calendar.s..., method='frappe.core.doctype.scheduled_job_type.scheduled_job_type.run_scheduled_jo..., site='task.local', user='Administrator') (task.local::scheduled_job::frappe.integrations.doctype.google_calendar.google_calendar.sync)
2026-05-01 08:00:30,878 home-mahmoudtawfeek-task-manger:default: Job OK (task.local::scheduled_job::frappe.integrations.doctype.google_calendar.google_calendar.sync)
2026-05-01 08:00:30,878 Result is kept for 600 seconds
2026-05-01 08:00:30,886 home-mahmoudtawfeek-task-manger:long: frappe.utils.background_jobs.execute_job(event=None, is_async=True, job_name='frappe.core.doctype.scheduled_job_type.scheduled_job_type.run_scheduled_jo..., kwargs={'job_type': 'frappe.website.doctype.web_page.web_page.check_publish_status..., method='frappe.core.doctype.scheduled_job_type.scheduled_job_type.run_scheduled_jo..., site='task.local', user='Administrator') (task.local::scheduled_job::frappe.website.doctype.web_page.web_page.check_publish_status)
2026-05-01 08:00:31,211 home-mahmoudtawfeek-task-manger:long: Job OK (task.local::scheduled_job::frappe.website.doctype.web_page.web_page.check_publish_status)
2026-05-01 08:00:31,211 Result is kept for 600 seconds
2026-05-01 08:00:31,219 home-mahmoudtawfeek-task-manger:long: frappe.utils.background_jobs.execute_job(event=None, is_async=True, job_name='frappe.core.doctype.scheduled_job_type.scheduled_job_type.run_scheduled_jo..., kwargs={'job_type': 'erpnext.projects.doctype.project.project.collect_project_stat..., method='frappe.core.doctype.scheduled_job_type.scheduled_job_type.run_scheduled_jo..., site='task.local', user='Administrator') (task.local::scheduled_job::erpnext.projects.doctype.project.project.collect_project_status)
2026-05-01 08:00:31,555 home-mahmoudtawfeek-task-manger:long: Job OK (task.local::scheduled_job::erpnext.projects.doctype.project.project.collect_project_status)
2026-05-01 08:00:31,555 Result is kept for 600 seconds
2026-05-01 08:00:31,564 home-mahmoudtawfeek-task-manger:long: frappe.utils.background_jobs.execute_job(event=None, is_async=True, job_name='frappe.core.doctype.scheduled_job_type.scheduled_job_type.run_scheduled_jo..., kwargs={'job_type': 'frappe.desk.form.document_follow.send_hourly_updates'}, method='frappe.core.doctype.scheduled_job_type.scheduled_job_type.run_scheduled_jo..., site='task.local', user='Administrator') (task.local::scheduled_job::frappe.desk.form.document_follow.send_hourly_updates)
2026-05-01 08:00:31,883 home-mahmoudtawfeek-task-manger:long: Job OK (task.local::scheduled_job::frappe.desk.form.document_follow.send_hourly_updates)
2026-05-01 08:00:31,883 Result is kept for 600 seconds
2026-05-01 08:00:31,892 home-mahmoudtawfeek-task-manger:long: frappe.utils.background_jobs.execute_job(event=None, is_async=True, job_name='frappe.core.doctype.scheduled_job_type.scheduled_job_type.run_scheduled_jo..., kwargs={'job_type': 'erpnext.erpnext_integrations.doctype.plaid_settings.plaid_set..., method='frappe.core.doctype.scheduled_job_type.scheduled_job_type.run_scheduled_jo..., site='task.local', user='Administrator') (task.local::scheduled_job::erpnext.erpnext_integrations.doctype.plaid_settings.plaid_settings.automatic_synchronization)
2026-05-01 08:00:32,252 home-mahmoudtawfeek-task-manger:long: Job OK (task.local::scheduled_job::erpnext.erpnext_integrations.doctype.plaid_settings.plaid_settings.automatic_synchronization)
2026-05-01 08:00:32,252 Result is kept for 600 seconds
2026-05-01 08:00:32,259 home-mahmoudtawfeek-task-manger:long: frappe.utils.background_jobs.execute_job(event=None, is_async=True, job_name='frappe.core.doctype.scheduled_job_type.scheduled_job_type.run_scheduled_jo..., kwargs={'job_type': 'frappe.core.doctype.prepared_report.prepared_report.expire_st..., method='frappe.core.doctype.scheduled_job_type.scheduled_job_type.run_scheduled_jo..., site='task.local', user='Administrator') (task.local::scheduled_job::frappe.core.doctype.prepared_report.prepared_report.expire_stalled_report)
2026-05-01 08:00:33,314 home-mahmoudtawfeek-task-manger:long: Job OK (task.local::scheduled_job::frappe.core.doctype.prepared_report.prepared_report.expire_stalled_report)
2026-05-01 08:00:33,315 Result is kept for 600 seconds
2026-05-01 08:00:33,337 home-mahmoudtawfeek-task-manger:long: frappe.utils.background_jobs.execute_job(event=None, is_async=True, job_name='frappe.core.doctype.scheduled_job_type.scheduled_job_type.run_scheduled_jo..., kwargs={'job_type': 'frappe.twofactor.delete_all_barcodes_for_users'}, method='frappe.core.doctype.scheduled_job_type.scheduled_job_type.run_scheduled_jo..., site='task.local', user='Administrator') (task.local::scheduled_job::frappe.twofactor.delete_all_barcodes_for_users)
2026-05-01 08:00:33,778 home-mahmoudtawfeek-task-manger:long: Job OK (task.local::scheduled_job::frappe.twofactor.delete_all_barcodes_for_users)
2026-05-01 08:00:33,779 Result is kept for 600 seconds
2026-05-01 08:00:33,795 home-mahmoudtawfeek-task-manger:long: frappe.utils.background_jobs.execute_job(event=None, is_async=True, job_name='frappe.core.doctype.scheduled_job_type.scheduled_job_type.run_scheduled_jo..., kwargs={'job_type': 'frappe.oauth.delete_oauth2_data'}, method='frappe.core.doctype.scheduled_job_type.scheduled_job_type.run_scheduled_jo..., site='task.local', user='Administrator') (task.local::scheduled_job::frappe.oauth.delete_oauth2_data)
2026-05-01 08:00:34,112 home-mahmoudtawfeek-task-manger:long: Job OK (task.local::scheduled_job::frappe.oauth.delete_oauth2_data)
2026-05-01 08:00:34,112 Result is kept for 600 seconds
2026-05-01 08:00:34,119 home-mahmoudtawfeek-task-manger:long: frappe.utils.background_jobs.execute_job(event=None, is_async=True, job_name='frappe.core.doctype.scheduled_job_type.scheduled_job_type.run_scheduled_jo..., kwargs={'job_type': 'erpnext.utilities.bulk_transaction.retry'}, method='frappe.core.doctype.scheduled_job_type.scheduled_job_type.run_scheduled_jo..., site='task.local', user='Administrator') (task.local::scheduled_job::erpnext.utilities.bulk_transaction.retry)
2026-05-01 08:00:34,466 home-mahmoudtawfeek-task-manger:long: Job OK (task.local::scheduled_job::erpnext.utilities.bulk_transaction.retry)
2026-05-01 08:00:34,466 Result is kept for 600 seconds
2026-05-01 08:00:34,474 home-mahmoudtawfeek-task-manger:long: frappe.utils.background_jobs.execute_job(event=None, is_async=True, job_name='frappe.core.doctype.scheduled_job_type.scheduled_job_type.run_scheduled_jo..., kwargs={'job_type': 'erpnext.utilities.doctype.video.video.update_youtube_data'}, method='frappe.core.doctype.scheduled_job_type.scheduled_job_type.run_scheduled_jo..., site='task.local', user='Administrator') (task.local::scheduled_job::erpnext.utilities.doctype.video.video.update_youtube_data)
2026-05-01 08:00:34,964 home-mahmoudtawfeek-task-manger:long: Job OK (task.local::scheduled_job::erpnext.utilities.doctype.video.video.update_youtube_data)
2026-05-01 08:00:34,973 Result is kept for 600 seconds
2026-05-01 08:00:34,981 home-mahmoudtawfeek-task-manger:long: frappe.utils.background_jobs.execute_job(event=None, is_async=True, job_name='frappe.core.doctype.scheduled_job_type.scheduled_job_type.run_scheduled_jo..., kwargs={'job_type': 'frappe.desk.page.backups.backups.delete_downloadable_backups'..., method='frappe.core.doctype.scheduled_job_type.scheduled_job_type.run_scheduled_jo..., site='task.local', user='Administrator') (task.local::scheduled_job::frappe.desk.page.backups.backups.delete_downloadable_backups)
2026-05-01 08:00:35,310 home-mahmoudtawfeek-task-manger:long: Job OK (task.local::scheduled_job::frappe.desk.page.backups.backups.delete_downloadable_backups)
2026-05-01 08:00:35,311 Result is kept for 600 seconds
2026-05-01 08:00:35,328 home-mahmoudtawfeek-task-manger:long: frappe.utils.background_jobs.execute_job(event=None, is_async=True, job_name='frappe.core.doctype.scheduled_job_type.scheduled_job_type.run_scheduled_jo..., kwargs={'job_type': 'erpnext.stock.doctype.repost_item_valuation.repost_item_valua..., method='frappe.core.doctype.scheduled_job_type.scheduled_job_type.run_scheduled_jo..., site='task.local', user='Administrator') (task.local::scheduled_job::erpnext.stock.doctype.repost_item_valuation.repost_item_valuation.repost_entries)
2026-05-01 08:00:35,673 home-mahmoudtawfeek-task-manger:long: Job OK (task.local::scheduled_job::erpnext.stock.doctype.repost_item_valuation.repost_item_valuation.repost_entries)
2026-05-01 08:00:35,673 Result is kept for 600 seconds
2026-05-01 08:00:35,680 home-mahmoudtawfeek-task-manger:long: frappe.utils.background_jobs.execute_job(event=None, is_async=True, job_name='frappe.core.doctype.scheduled_job_type.scheduled_job_type.run_scheduled_jo..., kwargs={'job_type': 'frappe.website.doctype.personal_data_deletion_request.persona..., method='frappe.core.doctype.scheduled_job_type.scheduled_job_type.run_scheduled_jo..., site='task.local', user='Administrator') (task.local::scheduled_job::frappe.website.doctype.personal_data_deletion_request.personal_data_deletion_request.process_data_deletion_request)
2026-05-01 08:00:36,053 home-mahmoudtawfeek-task-manger:long: Job OK (task.local::scheduled_job::frappe.website.doctype.personal_data_deletion_request.personal_data_deletion_request.process_data_deletion_request)
2026-05-01 08:00:36,054 Result is kept for 600 seconds
2026-05-01 08:00:36,067 home-mahmoudtawfeek-task-manger:long: frappe.utils.background_jobs.execute_job(event=None, is_async=True, job_name='frappe.core.doctype.scheduled_job_type.scheduled_job_type.run_scheduled_jo..., kwargs={'job_type': 'frappe.desk.utils.delete_old_exported_report_files'}, method='frappe.core.doctype.scheduled_job_type.scheduled_job_type.run_scheduled_jo..., site='task.local', user='Administrator') (task.local::scheduled_job::frappe.desk.utils.delete_old_exported_report_files)
2026-05-01 08:00:36,411 home-mahmoudtawfeek-task-manger:long: Job OK (task.local::scheduled_job::frappe.desk.utils.delete_old_exported_report_files)
2026-05-01 08:00:36,411 Result is kept for 600 seconds
2026-05-01 08:00:36,418 home-mahmoudtawfeek-task-manger:long: frappe.utils.background_jobs.execute_job(event=None, is_async=True, job_name='frappe.core.doctype.scheduled_job_type.scheduled_job_type.run_scheduled_jo..., kwargs={'job_type': 'frappe.model.utils.user_settings.sync_user_settings'}, method='frappe.core.doctype.scheduled_job_type.scheduled_job_type.run_scheduled_jo..., site='task.local', user='Administrator') (task.local::scheduled_job::frappe.model.utils.user_settings.sync_user_settings)
2026-05-01 08:00:36,742 home-mahmoudtawfeek-task-manger:long: Job OK (task.local::scheduled_job::frappe.model.utils.user_settings.sync_user_settings)
2026-05-01 08:00:36,742 Result is kept for 600 seconds
2026-05-01 08:00:36,749 home-mahmoudtawfeek-task-manger:long: frappe.utils.background_jobs.execute_job(event=None, is_async=True, job_name='frappe.core.doctype.scheduled_job_type.scheduled_job_type.run_scheduled_jo..., kwargs={'job_type': 'erpnext.projects.doctype.project.project.project_status_updat..., method='frappe.core.doctype.scheduled_job_type.scheduled_job_type.run_scheduled_jo..., site='task.local', user='Administrator') (task.local::scheduled_job::erpnext.projects.doctype.project.project.project_status_update_reminder)
2026-05-01 08:00:37,159 home-mahmoudtawfeek-task-manger:long: Job OK (task.local::scheduled_job::erpnext.projects.doctype.project.project.project_status_update_reminder)
2026-05-01 08:00:37,160 Result is kept for 600 seconds
2026-05-01 08:04:26,438 home-mahmoudtawfeek-task-manger:default: frappe.utils.background_jobs.execute_job(event=None, is_async=True, job_name='frappe.core.doctype.scheduled_job_type.scheduled_job_type.run_scheduled_jo..., kwargs={'job_type': 'frappe.email.queue.retry_sending_emails'}, method='frappe.core.doctype.scheduled_job_type.scheduled_job_type.run_scheduled_jo..., site='task.local', user='Administrator') (task.local::scheduled_job::frappe.email.queue.retry_sending_emails)
2026-05-01 08:04:26,978 home-mahmoudtawfeek-task-manger:default: Job OK (task.local::scheduled_job::frappe.email.queue.retry_sending_emails)
2026-05-01 08:04:26,978 Result is kept for 600 seconds
2026-05-01 08:04:26,986 home-mahmoudtawfeek-task-manger:default: frappe.utils.background_jobs.execute_job(event=None, is_async=True, job_name='frappe.core.doctype.scheduled_job_type.scheduled_job_type.run_scheduled_jo..., kwargs={'job_type': 'frappe.email.queue.flush'}, method='frappe.core.doctype.scheduled_job_type.scheduled_job_type.run_scheduled_jo..., site='task.local', user='Administrator') (task.local::scheduled_job::frappe.email.queue.flush)
2026-05-01 08:04:27,516 home-mahmoudtawfeek-task-manger:default: Job OK (task.local::scheduled_job::frappe.email.queue.flush)
2026-05-01 08:04:27,516 Result is kept for 600 seconds
2026-05-01 08:04:27,524 home-mahmoudtawfeek-task-manger:default: frappe.utils.background_jobs.execute_job(event=None, is_async=True, job_name='frappe.core.doctype.scheduled_job_type.scheduled_job_type.run_scheduled_jo..., kwargs={'job_type': 'frappe.integrations.doctype.google_calendar.google_calendar.s..., method='frappe.core.doctype.scheduled_job_type.scheduled_job_type.run_scheduled_jo..., site='task.local', user='Administrator') (task.local::scheduled_job::frappe.integrations.doctype.google_calendar.google_calendar.sync)
2026-05-01 08:04:27,981 home-mahmoudtawfeek-task-manger:default: Job OK (task.local::scheduled_job::frappe.integrations.doctype.google_calendar.google_calendar.sync)
2026-05-01 08:04:27,981 Result is kept for 600 seconds
2026-05-01 08:04:27,989 home-mahmoudtawfeek-task-manger:default: frappe.utils.background_jobs.execute_job(event=None, is_async=True, job_name='frappe.core.doctype.scheduled_job_type.scheduled_job_type.run_scheduled_jo..., kwargs={'job_type': 'frappe.monitor.flush'}, method='frappe.core.doctype.scheduled_job_type.scheduled_job_type.run_scheduled_jo..., site='task.local', user='Administrator') (task.local::scheduled_job::frappe.monitor.flush)
2026-05-01 08:04:28,202 home-mahmoudtawfeek-task-manger:default: Job OK (task.local::scheduled_job::frappe.monitor.flush)
2026-05-01 08:04:28,202 Result is kept for 600 seconds
2026-05-01 08:08:27,258 home-mahmoudtawfeek-task-manger:default: frappe.utils.background_jobs.execute_job(event=None, is_async=True, job_name='frappe.core.doctype.scheduled_job_type.scheduled_job_type.run_scheduled_jo..., kwargs={'job_type': 'frappe.integrations.doctype.google_calendar.google_calendar.s..., method='frappe.core.doctype.scheduled_job_type.scheduled_job_type.run_scheduled_jo..., site='task.local', user='Administrator') (task.local::scheduled_job::frappe.integrations.doctype.google_calendar.google_calendar.sync)
2026-05-01 08:08:27,826 home-mahmoudtawfeek-task-manger:default: Job OK (task.local::scheduled_job::frappe.integrations.doctype.google_calendar.google_calendar.sync)
2026-05-01 08:08:27,827 Result is kept for 600 seconds
2026-05-01 08:08:27,850 home-mahmoudtawfeek-task-manger:default: frappe.utils.background_jobs.execute_job(event=None, is_async=True, job_name='frappe.core.doctype.scheduled_job_type.scheduled_job_type.run_scheduled_jo..., kwargs={'job_type': 'frappe.email.queue.retry_sending_emails'}, method='frappe.core.doctype.scheduled_job_type.scheduled_job_type.run_scheduled_jo..., site='task.local', user='Administrator') (task.local::scheduled_job::frappe.email.queue.retry_sending_emails)
2026-05-01 08:08:28,385 home-mahmoudtawfeek-task-manger:default: Job OK (task.local::scheduled_job::frappe.email.queue.retry_sending_emails)
2026-05-01 08:08:28,386 Result is kept for 600 seconds
2026-05-01 08:08:28,393 home-mahmoudtawfeek-task-manger:default: frappe.utils.background_jobs.execute_job(event=None, is_async=True, job_name='frappe.core.doctype.scheduled_job_type.scheduled_job_type.run_scheduled_jo..., kwargs={'job_type': 'frappe.monitor.flush'}, method='frappe.core.doctype.scheduled_job_type.scheduled_job_type.run_scheduled_jo..., site='task.local', user='Administrator') (task.local::scheduled_job::frappe.monitor.flush)
2026-05-01 08:08:28,607 home-mahmoudtawfeek-task-manger:default: Job OK (task.local::scheduled_job::frappe.monitor.flush)
2026-05-01 08:08:28,608 Result is kept for 600 seconds
2026-05-01 08:08:28,615 home-mahmoudtawfeek-task-manger:default: frappe.utils.background_jobs.execute_job(event=None, is_async=True, job_name='frappe.core.doctype.scheduled_job_type.scheduled_job_type.run_scheduled_jo..., kwargs={'job_type': 'frappe.email.queue.flush'}, method='frappe.core.doctype.scheduled_job_type.scheduled_job_type.run_scheduled_jo..., site='task.local', user='Administrator') (task.local::scheduled_job::frappe.email.queue.flush)
2026-05-01 08:08:29,058 home-mahmoudtawfeek-task-manger:default: Job OK (task.local::scheduled_job::frappe.email.queue.flush)
2026-05-01 08:08:29,059 Result is kept for 600 seconds
2026-05-01 08:10:27,656 home-mahmoudtawfeek-task-manger:default: frappe.utils.background_jobs.execute_job(event=None, is_async=True, job_name='frappe.core.doctype.scheduled_job_type.scheduled_job_type.run_scheduled_jo..., kwargs={'job_type': 'frappe.email.doctype.email_account.email_account.pull'}, method='frappe.core.doctype.scheduled_job_type.scheduled_job_type.run_scheduled_jo..., site='task.local', user='Administrator') (task.local::scheduled_job::frappe.email.doctype.email_account.email_account.pull)
2026-05-01 08:10:28,190 home-mahmoudtawfeek-task-manger:default: Job OK (task.local::scheduled_job::frappe.email.doctype.email_account.email_account.pull)
2026-05-01 08:10:28,190 Result is kept for 600 seconds
2026-05-01 08:10:28,197 Cleaning registries for queue: home-mahmoudtawfeek-task-manger:short
2026-05-01 08:10:28,199 Cleaning registries for queue: home-mahmoudtawfeek-task-manger:default
2026-05-01 08:10:28,202 Cleaning registries for queue: home-mahmoudtawfeek-task-manger:long
2026-05-01 08:12:28,095 home-mahmoudtawfeek-task-manger:default: frappe.utils.background_jobs.execute_job(event=None, is_async=True, job_name='frappe.core.doctype.scheduled_job_type.scheduled_job_type.run_scheduled_jo..., kwargs={'job_type': 'frappe.monitor.flush'}, method='frappe.core.doctype.scheduled_job_type.scheduled_job_type.run_scheduled_jo..., site='task.local', user='Administrator') (task.local::scheduled_job::frappe.monitor.flush)
2026-05-01 08:12:28,507 home-mahmoudtawfeek-task-manger:default: Job OK (task.local::scheduled_job::frappe.monitor.flush)
2026-05-01 08:12:28,508 Result is kept for 600 seconds
2026-05-01 08:12:28,533 home-mahmoudtawfeek-task-manger:default: frappe.utils.background_jobs.execute_job(event=None, is_async=True, job_name='frappe.core.doctype.scheduled_job_type.scheduled_job_type.run_scheduled_jo..., kwargs={'job_type': 'frappe.email.queue.retry_sending_emails'}, method='frappe.core.doctype.scheduled_job_type.scheduled_job_type.run_scheduled_jo..., site='task.local', user='Administrator') (task.local::scheduled_job::frappe.email.queue.retry_sending_emails)
2026-05-01 08:12:29,072 home-mahmoudtawfeek-task-manger:default: Job OK (task.local::scheduled_job::frappe.email.queue.retry_sending_emails)
2026-05-01 08:12:29,072 Result is kept for 600 seconds
2026-05-01 08:12:29,080 home-mahmoudtawfeek-task-manger:default: frappe.utils.background_jobs.execute_job(event=None, is_async=True, job_name='frappe.core.doctype.scheduled_job_type.scheduled_job_type.run_scheduled_jo..., kwargs={'job_type': 'frappe.email.queue.flush'}, method='frappe.core.doctype.scheduled_job_type.scheduled_job_type.run_scheduled_jo..., site='task.local', user='Administrator') (task.local::scheduled_job::frappe.email.queue.flush)
2026-05-01 08:12:29,544 home-mahmoudtawfeek-task-manger:default: Job OK (task.local::scheduled_job::frappe.email.queue.flush)
2026-05-01 08:12:29,544 Result is kept for 600 seconds
2026-05-01 08:12:29,551 home-mahmoudtawfeek-task-manger:default: frappe.utils.background_jobs.execute_job(event=None, is_async=True, job_name='frappe.core.doctype.scheduled_job_type.scheduled_job_type.run_scheduled_jo..., kwargs={'job_type': 'frappe.integrations.doctype.google_calendar.google_calendar.s..., method='frappe.core.doctype.scheduled_job_type.scheduled_job_type.run_scheduled_jo..., site='task.local', user='Administrator') (task.local::scheduled_job::frappe.integrations.doctype.google_calendar.google_calendar.sync)
2026-05-01 08:12:30,325 home-mahmoudtawfeek-task-manger:default: Job OK (task.local::scheduled_job::frappe.integrations.doctype.google_calendar.google_calendar.sync)
2026-05-01 08:12:30,326 Result is kept for 600 seconds
2026-05-01 08:15:28,708 home-mahmoudtawfeek-task-manger:default: frappe.utils.background_jobs.execute_job(event=None, is_async=True, job_name='frappe.core.doctype.scheduled_job_type.scheduled_job_type.run_scheduled_jo..., kwargs={'job_type': 'frappe.deferred_insert.save_to_db'}, method='frappe.core.doctype.scheduled_job_type.scheduled_job_type.run_scheduled_jo..., site='task.local', user='Administrator') (task.local::scheduled_job::frappe.deferred_insert.save_to_db)
2026-05-01 08:15:29,091 home-mahmoudtawfeek-task-manger:default: Job OK (task.local::scheduled_job::frappe.deferred_insert.save_to_db)
2026-05-01 08:15:29,092 Result is kept for 600 seconds
2026-05-01 08:15:29,121 home-mahmoudtawfeek-task-manger:default: frappe.utils.background_jobs.execute_job(event=None, is_async=True, job_name='frappe.core.doctype.scheduled_job_type.scheduled_job_type.run_scheduled_jo..., kwargs={'job_type': 'erpnext.manufacturing.doctype.bom_update_log.bom_update_log.r..., method='frappe.core.doctype.scheduled_job_type.scheduled_job_type.run_scheduled_jo..., site='task.local', user='Administrator') (task.local::scheduled_job::erpnext.manufacturing.doctype.bom_update_log.bom_update_log.resume_bom_cost_update_jobs)
2026-05-01 08:15:29,560 home-mahmoudtawfeek-task-manger:default: Job OK (task.local::scheduled_job::erpnext.manufacturing.doctype.bom_update_log.bom_update_log.resume_bom_cost_update_jobs)
2026-05-01 08:15:29,560 Result is kept for 600 seconds
2026-05-01 08:15:29,581 home-mahmoudtawfeek-task-manger:default: frappe.utils.background_jobs.execute_job(event=None, is_async=True, job_name='frappe.core.doctype.scheduled_job_type.scheduled_job_type.run_scheduled_jo..., kwargs={'job_type': 'frappe.utils.telemetry.pulse.client.send_queued_events'}, method='frappe.core.doctype.scheduled_job_type.scheduled_job_type.run_scheduled_jo..., site='task.local', user='Administrator') (task.local::scheduled_job::frappe.utils.telemetry.pulse.client.send_queued_events)
2026-05-01 08:15:29,914 home-mahmoudtawfeek-task-manger:default: Job OK (task.local::scheduled_job::frappe.utils.telemetry.pulse.client.send_queued_events)
2026-05-01 08:15:29,914 Result is kept for 600 seconds
2026-05-01 08:15:29,921 home-mahmoudtawfeek-task-manger:default: frappe.utils.background_jobs.execute_job(event=None, is_async=True, job_name='frappe.core.doctype.scheduled_job_type.scheduled_job_type.run_scheduled_jo..., kwargs={'job_type': 'frappe.model.utils.link_count.update_link_count'}, method='frappe.core.doctype.scheduled_job_type.scheduled_job_type.run_scheduled_jo..., site='task.local', user='Administrator') (task.local::scheduled_job::frappe.model.utils.link_count.update_link_count)
2026-05-01 08:15:30,212 home-mahmoudtawfeek-task-manger:default: Job OK (task.local::scheduled_job::frappe.model.utils.link_count.update_link_count)
2026-05-01 08:15:30,213 Result is kept for 600 seconds
2026-05-01 08:15:30,237 home-mahmoudtawfeek-task-manger:default: frappe.utils.background_jobs.execute_job(event=None, is_async=True, job_name='frappe.core.doctype.scheduled_job_type.scheduled_job_type.run_scheduled_jo..., kwargs={'job_type': 'frappe.email.doctype.email_account.email_account.notify_unrep..., method='frappe.core.doctype.scheduled_job_type.scheduled_job_type.run_scheduled_jo..., site='task.local', user='Administrator') (task.local::scheduled_job::frappe.email.doctype.email_account.email_account.notify_unreplied)
2026-05-01 08:15:30,600 home-mahmoudtawfeek-task-manger:default: Job OK (task.local::scheduled_job::frappe.email.doctype.email_account.email_account.notify_unreplied)
2026-05-01 08:15:30,600 Result is kept for 600 seconds
2026-05-01 08:15:30,607 home-mahmoudtawfeek-task-manger:default: frappe.utils.background_jobs.execute_job(event=None, is_async=True, job_name='frappe.core.doctype.scheduled_job_type.scheduled_job_type.run_scheduled_jo..., kwargs={'job_type': 'frappe.automation.doctype.reminder.reminder.send_reminders'}, method='frappe.core.doctype.scheduled_job_type.scheduled_job_type.run_scheduled_jo..., site='task.local', user='Administrator') (task.local::scheduled_job::frappe.automation.doctype.reminder.reminder.send_reminders)
2026-05-01 08:15:30,921 home-mahmoudtawfeek-task-manger:default: Job OK (task.local::scheduled_job::frappe.automation.doctype.reminder.reminder.send_reminders)
2026-05-01 08:15:30,922 Result is kept for 600 seconds
2026-05-01 08:15:30,929 home-mahmoudtawfeek-task-manger:default: frappe.utils.background_jobs.execute_job(event=None, is_async=True, job_name='frappe.core.doctype.scheduled_job_type.scheduled_job_type.run_scheduled_jo..., kwargs={'job_type': 'frappe.utils.global_search.sync_global_search'}, method='frappe.core.doctype.scheduled_job_type.scheduled_job_type.run_scheduled_jo..., site='task.local', user='Administrator') (task.local::scheduled_job::frappe.utils.global_search.sync_global_search)
2026-05-01 08:15:31,231 home-mahmoudtawfeek-task-manger:default: Job OK (task.local::scheduled_job::frappe.utils.global_search.sync_global_search)
2026-05-01 08:15:31,231 Result is kept for 600 seconds
2026-05-01 08:15:31,245 home-mahmoudtawfeek-task-manger:default: frappe.utils.background_jobs.execute_job(event=None, is_async=True, job_name='frappe.core.doctype.scheduled_job_type.scheduled_job_type.run_scheduled_jo..., kwargs={'job_type': 'frappe.search.sqlite_search.build_index_if_not_exists'}, method='frappe.core.doctype.scheduled_job_type.scheduled_job_type.run_scheduled_jo..., site='task.local', user='Administrator') (task.local::scheduled_job::frappe.search.sqlite_search.build_index_if_not_exists)
2026-05-01 08:15:31,564 home-mahmoudtawfeek-task-manger:default: Job OK (task.local::scheduled_job::frappe.search.sqlite_search.build_index_if_not_exists)
2026-05-01 08:15:31,564 Result is kept for 600 seconds
2026-05-01 08:16:28,962 home-mahmoudtawfeek-task-manger:default: frappe.utils.background_jobs.execute_job(event=None, is_async=True, job_name='frappe.core.doctype.scheduled_job_type.scheduled_job_type.run_scheduled_jo..., kwargs={'job_type': 'frappe.integrations.doctype.google_calendar.google_calendar.s..., method='frappe.core.doctype.scheduled_job_type.scheduled_job_type.run_scheduled_jo..., site='task.local', user='Administrator') (task.local::scheduled_job::frappe.integrations.doctype.google_calendar.google_calendar.sync)
2026-05-01 08:16:29,515 home-mahmoudtawfeek-task-manger:default: Job OK (task.local::scheduled_job::frappe.integrations.doctype.google_calendar.google_calendar.sync)
2026-05-01 08:16:29,515 Result is kept for 600 seconds
2026-05-01 08:16:29,531 home-mahmoudtawfeek-task-manger:default: frappe.utils.background_jobs.execute_job(event=None, is_async=True, job_name='frappe.core.doctype.scheduled_job_type.scheduled_job_type.run_scheduled_jo..., kwargs={'job_type': 'frappe.email.queue.retry_sending_emails'}, method='frappe.core.doctype.scheduled_job_type.scheduled_job_type.run_scheduled_jo..., site='task.local', user='Administrator') (task.local::scheduled_job::frappe.email.queue.retry_sending_emails)
2026-05-01 08:16:30,052 home-mahmoudtawfeek-task-manger:default: Job OK (task.local::scheduled_job::frappe.email.queue.retry_sending_emails)
2026-05-01 08:16:30,053 Result is kept for 600 seconds
2026-05-01 08:16:30,060 home-mahmoudtawfeek-task-manger:default: frappe.utils.background_jobs.execute_job(event=None, is_async=True, job_name='frappe.core.doctype.scheduled_job_type.scheduled_job_type.run_scheduled_jo..., kwargs={'job_type': 'frappe.email.queue.flush'}, method='frappe.core.doctype.scheduled_job_type.scheduled_job_type.run_scheduled_jo..., site='task.local', user='Administrator') (task.local::scheduled_job::frappe.email.queue.flush)
2026-05-01 08:16:30,513 home-mahmoudtawfeek-task-manger:default: Job OK (task.local::scheduled_job::frappe.email.queue.flush)
2026-05-01 08:16:30,513 Result is kept for 600 seconds
2026-05-01 08:16:30,520 home-mahmoudtawfeek-task-manger:default: frappe.utils.background_jobs.execute_job(event=None, is_async=True, job_name='frappe.core.doctype.scheduled_job_type.scheduled_job_type.run_scheduled_jo..., kwargs={'job_type': 'frappe.monitor.flush'}, method='frappe.core.doctype.scheduled_job_type.scheduled_job_type.run_scheduled_jo..., site='task.local', user='Administrator') (task.local::scheduled_job::frappe.monitor.flush)
2026-05-01 08:16:30,802 home-mahmoudtawfeek-task-manger:default: Job OK (task.local::scheduled_job::frappe.monitor.flush)
2026-05-01 08:16:30,802 Result is kept for 600 seconds
2026-05-01 08:20:29,884 home-mahmoudtawfeek-task-manger:default: frappe.utils.background_jobs.execute_job(event=None, is_async=True, job_name='frappe.core.doctype.scheduled_job_type.scheduled_job_type.run_scheduled_jo..., kwargs={'job_type': 'frappe.email.doctype.email_account.email_account.pull'}, method='frappe.core.doctype.scheduled_job_type.scheduled_job_type.run_scheduled_jo..., site='task.local', user='Administrator') (task.local::scheduled_job::frappe.email.doctype.email_account.email_account.pull)
2026-05-01 08:20:30,331 home-mahmoudtawfeek-task-manger:default: Job OK (task.local::scheduled_job::frappe.email.doctype.email_account.email_account.pull)
2026-05-01 08:20:30,332 Result is kept for 600 seconds
2026-05-01 08:20:30,340 home-mahmoudtawfeek-task-manger:default: frappe.utils.background_jobs.execute_job(event=None, is_async=True, job_name='frappe.core.doctype.scheduled_job_type.scheduled_job_type.run_scheduled_jo..., kwargs={'job_type': 'frappe.email.queue.flush'}, method='frappe.core.doctype.scheduled_job_type.scheduled_job_type.run_scheduled_jo..., site='task.local', user='Administrator') (task.local::scheduled_job::frappe.email.queue.flush)
2026-05-01 08:20:30,949 home-mahmoudtawfeek-task-manger:default: Job OK (task.local::scheduled_job::frappe.email.queue.flush)
2026-05-01 08:20:30,950 Result is kept for 600 seconds
2026-05-01 08:20:30,969 home-mahmoudtawfeek-task-manger:default: frappe.utils.background_jobs.execute_job(event=None, is_async=True, job_name='frappe.core.doctype.scheduled_job_type.scheduled_job_type.run_scheduled_jo..., kwargs={'job_type': 'frappe.integrations.doctype.google_calendar.google_calendar.s..., method='frappe.core.doctype.scheduled_job_type.scheduled_job_type.run_scheduled_jo..., site='task.local', user='Administrator') (task.local::scheduled_job::frappe.integrations.doctype.google_calendar.google_calendar.sync)
2026-05-01 08:20:31,487 home-mahmoudtawfeek-task-manger:default: Job OK (task.local::scheduled_job::frappe.integrations.doctype.google_calendar.google_calendar.sync)
2026-05-01 08:20:31,488 Result is kept for 600 seconds
2026-05-01 08:20:31,495 home-mahmoudtawfeek-task-manger:default: frappe.utils.background_jobs.execute_job(event=None, is_async=True, job_name='frappe.core.doctype.scheduled_job_type.scheduled_job_type.run_scheduled_jo..., kwargs={'job_type': 'frappe.monitor.flush'}, method='frappe.core.doctype.scheduled_job_type.scheduled_job_type.run_scheduled_jo..., site='task.local', user='Administrator') (task.local::scheduled_job::frappe.monitor.flush)
2026-05-01 08:20:31,708 home-mahmoudtawfeek-task-manger:default: Job OK (task.local::scheduled_job::frappe.monitor.flush)
2026-05-01 08:20:31,708 Result is kept for 600 seconds
2026-05-01 08:20:31,716 home-mahmoudtawfeek-task-manger:default: frappe.utils.background_jobs.execute_job(event=None, is_async=True, job_name='frappe.core.doctype.scheduled_job_type.scheduled_job_type.run_scheduled_jo..., kwargs={'job_type': 'frappe.email.queue.retry_sending_emails'}, method='frappe.core.doctype.scheduled_job_type.scheduled_job_type.run_scheduled_jo..., site='task.local', user='Administrator') (task.local::scheduled_job::frappe.email.queue.retry_sending_emails)
2026-05-01 08:20:32,222 home-mahmoudtawfeek-task-manger:default: Job OK (task.local::scheduled_job::frappe.email.queue.retry_sending_emails)
2026-05-01 08:20:32,222 Result is kept for 600 seconds
2026-05-01 08:24:30,655 home-mahmoudtawfeek-task-manger:default: frappe.utils.background_jobs.execute_job(event=None, is_async=True, job_name='frappe.core.doctype.scheduled_job_type.scheduled_job_type.run_scheduled_jo..., kwargs={'job_type': 'frappe.integrations.doctype.google_calendar.google_calendar.s..., method='frappe.core.doctype.scheduled_job_type.scheduled_job_type.run_scheduled_jo..., site='task.local', user='Administrator') (task.local::scheduled_job::frappe.integrations.doctype.google_calendar.google_calendar.sync)
2026-05-01 08:24:31,162 home-mahmoudtawfeek-task-manger:default: Job OK (task.local::scheduled_job::frappe.integrations.doctype.google_calendar.google_calendar.sync)
2026-05-01 08:24:31,162 Result is kept for 600 seconds
2026-05-01 08:24:31,170 home-mahmoudtawfeek-task-manger:default: frappe.utils.background_jobs.execute_job(event=None, is_async=True, job_name='frappe.core.doctype.scheduled_job_type.scheduled_job_type.run_scheduled_jo..., kwargs={'job_type': 'frappe.email.queue.retry_sending_emails'}, method='frappe.core.doctype.scheduled_job_type.scheduled_job_type.run_scheduled_jo..., site='task.local', user='Administrator') (task.local::scheduled_job::frappe.email.queue.retry_sending_emails)
2026-05-01 08:24:31,571 home-mahmoudtawfeek-task-manger:default: Job OK (task.local::scheduled_job::frappe.email.queue.retry_sending_emails)
2026-05-01 08:24:31,571 Result is kept for 600 seconds
2026-05-01 08:24:31,579 home-mahmoudtawfeek-task-manger:default: frappe.utils.background_jobs.execute_job(event=None, is_async=True, job_name='frappe.core.doctype.scheduled_job_type.scheduled_job_type.run_scheduled_jo..., kwargs={'job_type': 'frappe.monitor.flush'}, method='frappe.core.doctype.scheduled_job_type.scheduled_job_type.run_scheduled_jo..., site='task.local', user='Administrator') (task.local::scheduled_job::frappe.monitor.flush)
2026-05-01 08:24:31,852 home-mahmoudtawfeek-task-manger:default: Job OK (task.local::scheduled_job::frappe.monitor.flush)
2026-05-01 08:24:31,853 Result is kept for 600 seconds
2026-05-01 08:24:31,868 home-mahmoudtawfeek-task-manger:default: frappe.utils.background_jobs.execute_job(event=None, is_async=True, job_name='frappe.core.doctype.scheduled_job_type.scheduled_job_type.run_scheduled_jo..., kwargs={'job_type': 'frappe.email.queue.flush'}, method='frappe.core.doctype.scheduled_job_type.scheduled_job_type.run_scheduled_jo..., site='task.local', user='Administrator') (task.local::scheduled_job::frappe.email.queue.flush)
2026-05-01 08:24:32,364 home-mahmoudtawfeek-task-manger:default: Job OK (task.local::scheduled_job::frappe.email.queue.flush)
2026-05-01 08:24:32,365 Result is kept for 600 seconds
2026-05-01 08:28:31,568 home-mahmoudtawfeek-task-manger:default: frappe.utils.background_jobs.execute_job(event=None, is_async=True, job_name='frappe.core.doctype.scheduled_job_type.scheduled_job_type.run_scheduled_jo..., kwargs={'job_type': 'frappe.integrations.doctype.google_calendar.google_calendar.s..., method='frappe.core.doctype.scheduled_job_type.scheduled_job_type.run_scheduled_jo..., site='task.local', user='Administrator') (task.local::scheduled_job::frappe.integrations.doctype.google_calendar.google_calendar.sync)
2026-05-01 08:28:32,137 home-mahmoudtawfeek-task-manger:default: Job OK (task.local::scheduled_job::frappe.integrations.doctype.google_calendar.google_calendar.sync)
2026-05-01 08:28:32,138 Result is kept for 600 seconds
2026-05-01 08:28:32,162 home-mahmoudtawfeek-task-manger:default: frappe.utils.background_jobs.execute_job(event=None, is_async=True, job_name='frappe.core.doctype.scheduled_job_type.scheduled_job_type.run_scheduled_jo..., kwargs={'job_type': 'frappe.email.queue.flush'}, method='frappe.core.doctype.scheduled_job_type.scheduled_job_type.run_scheduled_jo..., site='task.local', user='Administrator') (task.local::scheduled_job::frappe.email.queue.flush)
2026-05-01 08:28:32,594 home-mahmoudtawfeek-task-manger:default: Job OK (task.local::scheduled_job::frappe.email.queue.flush)
2026-05-01 08:28:32,594 Result is kept for 600 seconds
2026-05-01 08:28:32,617 home-mahmoudtawfeek-task-manger:default: frappe.utils.background_jobs.execute_job(event=None, is_async=True, job_name='frappe.core.doctype.scheduled_job_type.scheduled_job_type.run_scheduled_jo..., kwargs={'job_type': 'frappe.email.queue.retry_sending_emails'}, method='frappe.core.doctype.scheduled_job_type.scheduled_job_type.run_scheduled_jo..., site='task.local', user='Administrator') (task.local::scheduled_job::frappe.email.queue.retry_sending_emails)
2026-05-01 08:28:33,089 home-mahmoudtawfeek-task-manger:default: Job OK (task.local::scheduled_job::frappe.email.queue.retry_sending_emails)
2026-05-01 08:28:33,090 Result is kept for 600 seconds
2026-05-01 08:28:33,097 home-mahmoudtawfeek-task-manger:default: frappe.utils.background_jobs.execute_job(event=None, is_async=True, job_name='frappe.core.doctype.scheduled_job_type.scheduled_job_type.run_scheduled_jo..., kwargs={'job_type': 'frappe.monitor.flush'}, method='frappe.core.doctype.scheduled_job_type.scheduled_job_type.run_scheduled_jo..., site='task.local', user='Administrator') (task.local::scheduled_job::frappe.monitor.flush)
2026-05-01 08:28:33,316 home-mahmoudtawfeek-task-manger:default: Job OK (task.local::scheduled_job::frappe.monitor.flush)
2026-05-01 08:28:33,317 Result is kept for 600 seconds
2026-05-01 08:30:31,967 home-mahmoudtawfeek-task-manger:default: frappe.utils.background_jobs.execute_job(event=None, is_async=True, job_name='frappe.core.doctype.scheduled_job_type.scheduled_job_type.run_scheduled_jo..., kwargs={'job_type': 'frappe.utils.global_search.sync_global_search'}, method='frappe.core.doctype.scheduled_job_type.scheduled_job_type.run_scheduled_jo..., site='task.local', user='Administrator') (task.local::scheduled_job::frappe.utils.global_search.sync_global_search)
2026-05-01 08:30:32,363 home-mahmoudtawfeek-task-manger:default: Job OK (task.local::scheduled_job::frappe.utils.global_search.sync_global_search)
2026-05-01 08:30:32,363 Result is kept for 600 seconds
2026-05-01 08:30:32,369 Cleaning registries for queue: home-mahmoudtawfeek-task-manger:short
2026-05-01 08:30:32,371 Cleaning registries for queue: home-mahmoudtawfeek-task-manger:default
2026-05-01 08:30:32,374 Cleaning registries for queue: home-mahmoudtawfeek-task-manger:long
2026-05-01 08:30:32,377 home-mahmoudtawfeek-task-manger:default: frappe.utils.background_jobs.execute_job(event=None, is_async=True, job_name='frappe.core.doctype.scheduled_job_type.scheduled_job_type.run_scheduled_jo..., kwargs={'job_type': 'frappe.email.doctype.email_account.email_account.pull'}, method='frappe.core.doctype.scheduled_job_type.scheduled_job_type.run_scheduled_jo..., site='task.local', user='Administrator') (task.local::scheduled_job::frappe.email.doctype.email_account.email_account.pull)
2026-05-01 08:30:32,784 home-mahmoudtawfeek-task-manger:default: Job OK (task.local::scheduled_job::frappe.email.doctype.email_account.email_account.pull)
2026-05-01 08:30:32,784 Result is kept for 600 seconds
2026-05-01 08:30:32,792 home-mahmoudtawfeek-task-manger:default: frappe.utils.background_jobs.execute_job(event=None, is_async=True, job_name='frappe.core.doctype.scheduled_job_type.scheduled_job_type.run_scheduled_jo..., kwargs={'job_type': 'frappe.search.sqlite_search.build_index_if_not_exists'}, method='frappe.core.doctype.scheduled_job_type.scheduled_job_type.run_scheduled_jo..., site='task.local', user='Administrator') (task.local::scheduled_job::frappe.search.sqlite_search.build_index_if_not_exists)
2026-05-01 08:30:33,094 home-mahmoudtawfeek-task-manger:default: Job OK (task.local::scheduled_job::frappe.search.sqlite_search.build_index_if_not_exists)
2026-05-01 08:30:33,094 Result is kept for 600 seconds
2026-05-01 08:30:33,101 home-mahmoudtawfeek-task-manger:default: frappe.utils.background_jobs.execute_job(event=None, is_async=True, job_name='frappe.core.doctype.scheduled_job_type.scheduled_job_type.run_scheduled_jo..., kwargs={'job_type': 'frappe.automation.doctype.reminder.reminder.send_reminders'}, method='frappe.core.doctype.scheduled_job_type.scheduled_job_type.run_scheduled_jo..., site='task.local', user='Administrator') (task.local::scheduled_job::frappe.automation.doctype.reminder.reminder.send_reminders)
2026-05-01 08:30:33,513 home-mahmoudtawfeek-task-manger:default: Job OK (task.local::scheduled_job::frappe.automation.doctype.reminder.reminder.send_reminders)
2026-05-01 08:30:33,513 Result is kept for 600 seconds
2026-05-01 08:30:33,528 home-mahmoudtawfeek-task-manger:default: frappe.utils.background_jobs.execute_job(event=None, is_async=True, job_name='frappe.core.doctype.scheduled_job_type.scheduled_job_type.run_scheduled_jo..., kwargs={'job_type': 'frappe.email.doctype.email_account.email_account.notify_unrep..., method='frappe.core.doctype.scheduled_job_type.scheduled_job_type.run_scheduled_jo..., site='task.local', user='Administrator') (task.local::scheduled_job::frappe.email.doctype.email_account.email_account.notify_unreplied)
2026-05-01 08:30:33,895 home-mahmoudtawfeek-task-manger:default: Job OK (task.local::scheduled_job::frappe.email.doctype.email_account.email_account.notify_unreplied)
2026-05-01 08:30:33,895 Result is kept for 600 seconds
2026-05-01 08:30:33,903 home-mahmoudtawfeek-task-manger:default: frappe.utils.background_jobs.execute_job(event=None, is_async=True, job_name='frappe.core.doctype.scheduled_job_type.scheduled_job_type.run_scheduled_jo..., kwargs={'job_type': 'frappe.utils.telemetry.pulse.client.send_queued_events'}, method='frappe.core.doctype.scheduled_job_type.scheduled_job_type.run_scheduled_jo..., site='task.local', user='Administrator') (task.local::scheduled_job::frappe.utils.telemetry.pulse.client.send_queued_events)
2026-05-01 08:30:34,227 home-mahmoudtawfeek-task-manger:default: Job OK (task.local::scheduled_job::frappe.utils.telemetry.pulse.client.send_queued_events)
2026-05-01 08:30:34,227 Result is kept for 600 seconds
2026-05-01 08:30:34,236 home-mahmoudtawfeek-task-manger:default: frappe.utils.background_jobs.execute_job(event=None, is_async=True, job_name='frappe.core.doctype.scheduled_job_type.scheduled_job_type.run_scheduled_jo..., kwargs={'job_type': 'frappe.deferred_insert.save_to_db'}, method='frappe.core.doctype.scheduled_job_type.scheduled_job_type.run_scheduled_jo..., site='task.local', user='Administrator') (task.local::scheduled_job::frappe.deferred_insert.save_to_db)
2026-05-01 08:30:34,586 home-mahmoudtawfeek-task-manger:default: Job OK (task.local::scheduled_job::frappe.deferred_insert.save_to_db)
2026-05-01 08:30:34,586 Result is kept for 600 seconds
2026-05-01 08:30:34,596 home-mahmoudtawfeek-task-manger:default: frappe.utils.background_jobs.execute_job(event=None, is_async=True, job_name='frappe.core.doctype.scheduled_job_type.scheduled_job_type.run_scheduled_jo..., kwargs={'job_type': 'frappe.model.utils.link_count.update_link_count'}, method='frappe.core.doctype.scheduled_job_type.scheduled_job_type.run_scheduled_jo..., site='task.local', user='Administrator') (task.local::scheduled_job::frappe.model.utils.link_count.update_link_count)
2026-05-01 08:30:34,876 home-mahmoudtawfeek-task-manger:default: Job OK (task.local::scheduled_job::frappe.model.utils.link_count.update_link_count)
2026-05-01 08:30:34,876 Result is kept for 600 seconds
2026-05-01 08:30:34,883 home-mahmoudtawfeek-task-manger:default: frappe.utils.background_jobs.execute_job(event=None, is_async=True, job_name='frappe.core.doctype.scheduled_job_type.scheduled_job_type.run_scheduled_jo..., kwargs={'job_type': 'erpnext.accounts.doctype.gl_entry.gl_entry.rename_gle_sle_doc..., method='frappe.core.doctype.scheduled_job_type.scheduled_job_type.run_scheduled_jo..., site='task.local', user='Administrator') (task.local::scheduled_job::erpnext.accounts.doctype.gl_entry.gl_entry.rename_gle_sle_docs)
2026-05-01 08:30:35,296 home-mahmoudtawfeek-task-manger:default: Job OK (task.local::scheduled_job::erpnext.accounts.doctype.gl_entry.gl_entry.rename_gle_sle_docs)
2026-05-01 08:30:35,296 Result is kept for 600 seconds
2026-05-01 08:30:35,303 home-mahmoudtawfeek-task-manger:default: frappe.utils.background_jobs.execute_job(event=None, is_async=True, job_name='frappe.core.doctype.scheduled_job_type.scheduled_job_type.run_scheduled_jo..., kwargs={'job_type': 'erpnext.manufacturing.doctype.bom_update_log.bom_update_log.r..., method='frappe.core.doctype.scheduled_job_type.scheduled_job_type.run_scheduled_jo..., site='task.local', user='Administrator') (task.local::scheduled_job::erpnext.manufacturing.doctype.bom_update_log.bom_update_log.resume_bom_cost_update_jobs)
2026-05-01 08:30:35,703 home-mahmoudtawfeek-task-manger:default: Job OK (task.local::scheduled_job::erpnext.manufacturing.doctype.bom_update_log.bom_update_log.resume_bom_cost_update_jobs)
2026-05-01 08:30:35,704 Result is kept for 600 seconds
2026-05-01 08:32:32,541 home-mahmoudtawfeek-task-manger:default: frappe.utils.background_jobs.execute_job(event=None, is_async=True, job_name='frappe.core.doctype.scheduled_job_type.scheduled_job_type.run_scheduled_jo..., kwargs={'job_type': 'frappe.email.queue.flush'}, method='frappe.core.doctype.scheduled_job_type.scheduled_job_type.run_scheduled_jo..., site='task.local', user='Administrator') (task.local::scheduled_job::frappe.email.queue.flush)
2026-05-01 08:32:33,079 home-mahmoudtawfeek-task-manger:default: Job OK (task.local::scheduled_job::frappe.email.queue.flush)
2026-05-01 08:32:33,079 Result is kept for 600 seconds
2026-05-01 08:32:33,086 home-mahmoudtawfeek-task-manger:default: frappe.utils.background_jobs.execute_job(event=None, is_async=True, job_name='frappe.core.doctype.scheduled_job_type.scheduled_job_type.run_scheduled_jo..., kwargs={'job_type': 'frappe.email.queue.retry_sending_emails'}, method='frappe.core.doctype.scheduled_job_type.scheduled_job_type.run_scheduled_jo..., site='task.local', user='Administrator') (task.local::scheduled_job::frappe.email.queue.retry_sending_emails)
2026-05-01 08:32:33,606 home-mahmoudtawfeek-task-manger:default: Job OK (task.local::scheduled_job::frappe.email.queue.retry_sending_emails)
2026-05-01 08:32:33,606 Result is kept for 600 seconds
2026-05-01 08:32:33,614 home-mahmoudtawfeek-task-manger:default: frappe.utils.background_jobs.execute_job(event=None, is_async=True, job_name='frappe.core.doctype.scheduled_job_type.scheduled_job_type.run_scheduled_jo..., kwargs={'job_type': 'frappe.monitor.flush'}, method='frappe.core.doctype.scheduled_job_type.scheduled_job_type.run_scheduled_jo..., site='task.local', user='Administrator') (task.local::scheduled_job::frappe.monitor.flush)
2026-05-01 08:32:33,864 home-mahmoudtawfeek-task-manger:default: Job OK (task.local::scheduled_job::frappe.monitor.flush)
2026-05-01 08:32:33,864 Result is kept for 600 seconds
2026-05-01 08:32:33,878 home-mahmoudtawfeek-task-manger:default: frappe.utils.background_jobs.execute_job(event=None, is_async=True, job_name='frappe.core.doctype.scheduled_job_type.scheduled_job_type.run_scheduled_jo..., kwargs={'job_type': 'frappe.integrations.doctype.google_calendar.google_calendar.s..., method='frappe.core.doctype.scheduled_job_type.scheduled_job_type.run_scheduled_jo..., site='task.local', user='Administrator') (task.local::scheduled_job::frappe.integrations.doctype.google_calendar.google_calendar.sync)
2026-05-01 08:32:34,446 home-mahmoudtawfeek-task-manger:default: Job OK (task.local::scheduled_job::frappe.integrations.doctype.google_calendar.google_calendar.sync)
2026-05-01 08:32:34,446 Result is kept for 600 seconds
2026-05-01 08:36:33,481 home-mahmoudtawfeek-task-manger:default: frappe.utils.background_jobs.execute_job(event=None, is_async=True, job_name='frappe.core.doctype.scheduled_job_type.scheduled_job_type.run_scheduled_jo..., kwargs={'job_type': 'frappe.monitor.flush'}, method='frappe.core.doctype.scheduled_job_type.scheduled_job_type.run_scheduled_jo..., site='task.local', user='Administrator') (task.local::scheduled_job::frappe.monitor.flush)
2026-05-01 08:36:33,764 home-mahmoudtawfeek-task-manger:default: Job OK (task.local::scheduled_job::frappe.monitor.flush)
2026-05-01 08:36:33,764 Result is kept for 600 seconds
2026-05-01 08:36:33,794 home-mahmoudtawfeek-task-manger:default: frappe.utils.background_jobs.execute_job(event=None, is_async=True, job_name='frappe.core.doctype.scheduled_job_type.scheduled_job_type.run_scheduled_jo..., kwargs={'job_type': 'frappe.email.queue.retry_sending_emails'}, method='frappe.core.doctype.scheduled_job_type.scheduled_job_type.run_scheduled_jo..., site='task.local', user='Administrator') (task.local::scheduled_job::frappe.email.queue.retry_sending_emails)
2026-05-01 08:36:34,354 home-mahmoudtawfeek-task-manger:default: Job OK (task.local::scheduled_job::frappe.email.queue.retry_sending_emails)
2026-05-01 08:36:34,354 Result is kept for 600 seconds
2026-05-01 08:36:34,361 home-mahmoudtawfeek-task-manger:default: frappe.utils.background_jobs.execute_job(event=None, is_async=True, job_name='frappe.core.doctype.scheduled_job_type.scheduled_job_type.run_scheduled_jo..., kwargs={'job_type': 'frappe.email.queue.flush'}, method='frappe.core.doctype.scheduled_job_type.scheduled_job_type.run_scheduled_jo..., site='task.local', user='Administrator') (task.local::scheduled_job::frappe.email.queue.flush)
2026-05-01 08:36:34,820 home-mahmoudtawfeek-task-manger:default: Job OK (task.local::scheduled_job::frappe.email.queue.flush)
2026-05-01 08:36:34,820 Result is kept for 600 seconds
2026-05-01 08:36:34,842 home-mahmoudtawfeek-task-manger:default: frappe.utils.background_jobs.execute_job(event=None, is_async=True, job_name='frappe.core.doctype.scheduled_job_type.scheduled_job_type.run_scheduled_jo..., kwargs={'job_type': 'frappe.integrations.doctype.google_calendar.google_calendar.s..., method='frappe.core.doctype.scheduled_job_type.scheduled_job_type.run_scheduled_jo..., site='task.local', user='Administrator') (task.local::scheduled_job::frappe.integrations.doctype.google_calendar.google_calendar.sync)
2026-05-01 08:36:35,306 home-mahmoudtawfeek-task-manger:default: Job OK (task.local::scheduled_job::frappe.integrations.doctype.google_calendar.google_calendar.sync)
2026-05-01 08:36:35,306 Result is kept for 600 seconds
2026-05-01 08:40:34,222 home-mahmoudtawfeek-task-manger:default: frappe.utils.background_jobs.execute_job(event=None, is_async=True, job_name='frappe.core.doctype.scheduled_job_type.scheduled_job_type.run_scheduled_jo..., kwargs={'job_type': 'frappe.email.doctype.email_account.email_account.pull'}, method='frappe.core.doctype.scheduled_job_type.scheduled_job_type.run_scheduled_jo..., site='task.local', user='Administrator') (task.local::scheduled_job::frappe.email.doctype.email_account.email_account.pull)
2026-05-01 08:40:35,360 home-mahmoudtawfeek-task-manger:default: Job OK (task.local::scheduled_job::frappe.email.doctype.email_account.email_account.pull)
2026-05-01 08:40:35,360 Result is kept for 600 seconds
2026-05-01 08:40:35,384 home-mahmoudtawfeek-task-manger:default: frappe.utils.background_jobs.execute_job(event=None, is_async=True, job_name='frappe.core.doctype.scheduled_job_type.scheduled_job_type.run_scheduled_jo..., kwargs={'job_type': 'frappe.monitor.flush'}, method='frappe.core.doctype.scheduled_job_type.scheduled_job_type.run_scheduled_jo..., site='task.local', user='Administrator') (task.local::scheduled_job::frappe.monitor.flush)
2026-05-01 08:40:35,694 home-mahmoudtawfeek-task-manger:default: Job OK (task.local::scheduled_job::frappe.monitor.flush)
2026-05-01 08:40:35,694 Result is kept for 600 seconds
2026-05-01 08:40:35,702 home-mahmoudtawfeek-task-manger:default: frappe.utils.background_jobs.execute_job(event=None, is_async=True, job_name='frappe.core.doctype.scheduled_job_type.scheduled_job_type.run_scheduled_jo..., kwargs={'job_type': 'frappe.integrations.doctype.google_calendar.google_calendar.s..., method='frappe.core.doctype.scheduled_job_type.scheduled_job_type.run_scheduled_jo..., site='task.local', user='Administrator') (task.local::scheduled_job::frappe.integrations.doctype.google_calendar.google_calendar.sync)
2026-05-01 08:40:36,215 home-mahmoudtawfeek-task-manger:default: Job OK (task.local::scheduled_job::frappe.integrations.doctype.google_calendar.google_calendar.sync)
2026-05-01 08:40:36,215 Result is kept for 600 seconds
2026-05-01 08:40:36,223 home-mahmoudtawfeek-task-manger:default: frappe.utils.background_jobs.execute_job(event=None, is_async=True, job_name='frappe.core.doctype.scheduled_job_type.scheduled_job_type.run_scheduled_jo..., kwargs={'job_type': 'frappe.email.queue.retry_sending_emails'}, method='frappe.core.doctype.scheduled_job_type.scheduled_job_type.run_scheduled_jo..., site='task.local', user='Administrator') (task.local::scheduled_job::frappe.email.queue.retry_sending_emails)
2026-05-01 08:40:37,195 home-mahmoudtawfeek-task-manger:default: Job OK (task.local::scheduled_job::frappe.email.queue.retry_sending_emails)
2026-05-01 08:40:37,196 Result is kept for 600 seconds
2026-05-01 08:40:37,203 home-mahmoudtawfeek-task-manger:default: frappe.utils.background_jobs.execute_job(event=None, is_async=True, job_name='frappe.core.doctype.scheduled_job_type.scheduled_job_type.run_scheduled_jo..., kwargs={'job_type': 'frappe.email.queue.flush'}, method='frappe.core.doctype.scheduled_job_type.scheduled_job_type.run_scheduled_jo..., site='task.local', user='Administrator') (task.local::scheduled_job::frappe.email.queue.flush)
2026-05-01 08:40:37,991 home-mahmoudtawfeek-task-manger:default: Job OK (task.local::scheduled_job::frappe.email.queue.flush)
2026-05-01 08:40:37,991 Result is kept for 600 seconds
2026-05-01 08:44:35,313 home-mahmoudtawfeek-task-manger:default: frappe.utils.background_jobs.execute_job(event=None, is_async=True, job_name='frappe.core.doctype.scheduled_job_type.scheduled_job_type.run_scheduled_jo..., kwargs={'job_type': 'frappe.monitor.flush'}, method='frappe.core.doctype.scheduled_job_type.scheduled_job_type.run_scheduled_jo..., site='task.local', user='Administrator') (task.local::scheduled_job::frappe.monitor.flush)
2026-05-01 08:44:35,590 home-mahmoudtawfeek-task-manger:default: Job OK (task.local::scheduled_job::frappe.monitor.flush)
2026-05-01 08:44:35,590 Result is kept for 600 seconds
2026-05-01 08:44:35,599 home-mahmoudtawfeek-task-manger:default: frappe.utils.background_jobs.execute_job(event=None, is_async=True, job_name='frappe.core.doctype.scheduled_job_type.scheduled_job_type.run_scheduled_jo..., kwargs={'job_type': 'frappe.email.queue.flush'}, method='frappe.core.doctype.scheduled_job_type.scheduled_job_type.run_scheduled_jo..., site='task.local', user='Administrator') (task.local::scheduled_job::frappe.email.queue.flush)
2026-05-01 08:44:36,211 home-mahmoudtawfeek-task-manger:default: Job OK (task.local::scheduled_job::frappe.email.queue.flush)
2026-05-01 08:44:36,212 Result is kept for 600 seconds
2026-05-01 08:44:36,220 home-mahmoudtawfeek-task-manger:default: frappe.utils.background_jobs.execute_job(event=None, is_async=True, job_name='frappe.core.doctype.scheduled_job_type.scheduled_job_type.run_scheduled_jo..., kwargs={'job_type': 'frappe.email.queue.retry_sending_emails'}, method='frappe.core.doctype.scheduled_job_type.scheduled_job_type.run_scheduled_jo..., site='task.local', user='Administrator') (task.local::scheduled_job::frappe.email.queue.retry_sending_emails)
2026-05-01 08:44:36,803 home-mahmoudtawfeek-task-manger:default: Job OK (task.local::scheduled_job::frappe.email.queue.retry_sending_emails)
2026-05-01 08:44:36,803 Result is kept for 600 seconds
2026-05-01 08:44:36,813 home-mahmoudtawfeek-task-manger:default: frappe.utils.background_jobs.execute_job(event=None, is_async=True, job_name='frappe.core.doctype.scheduled_job_type.scheduled_job_type.run_scheduled_jo..., kwargs={'job_type': 'frappe.integrations.doctype.google_calendar.google_calendar.s..., method='frappe.core.doctype.scheduled_job_type.scheduled_job_type.run_scheduled_jo..., site='task.local', user='Administrator') (task.local::scheduled_job::frappe.integrations.doctype.google_calendar.google_calendar.sync)
2026-05-01 08:44:37,300 home-mahmoudtawfeek-task-manger:default: Job OK (task.local::scheduled_job::frappe.integrations.doctype.google_calendar.google_calendar.sync)
2026-05-01 08:44:37,300 Result is kept for 600 seconds
2026-05-01 08:45:35,594 home-mahmoudtawfeek-task-manger:default: frappe.utils.background_jobs.execute_job(event=None, is_async=True, job_name='frappe.core.doctype.scheduled_job_type.scheduled_job_type.run_scheduled_jo..., kwargs={'job_type': 'frappe.deferred_insert.save_to_db'}, method='frappe.core.doctype.scheduled_job_type.scheduled_job_type.run_scheduled_jo..., site='task.local', user='Administrator') (task.local::scheduled_job::frappe.deferred_insert.save_to_db)
2026-05-01 08:45:36,088 home-mahmoudtawfeek-task-manger:default: Job OK (task.local::scheduled_job::frappe.deferred_insert.save_to_db)
2026-05-01 08:45:36,090 Result is kept for 600 seconds
2026-05-01 08:45:36,111 home-mahmoudtawfeek-task-manger:default: frappe.utils.background_jobs.execute_job(event=None, is_async=True, job_name='frappe.core.doctype.scheduled_job_type.scheduled_job_type.run_scheduled_jo..., kwargs={'job_type': 'frappe.search.sqlite_search.build_index_if_not_exists'}, method='frappe.core.doctype.scheduled_job_type.scheduled_job_type.run_scheduled_jo..., site='task.local', user='Administrator') (task.local::scheduled_job::frappe.search.sqlite_search.build_index_if_not_exists)
2026-05-01 08:45:36,523 home-mahmoudtawfeek-task-manger:default: Job OK (task.local::scheduled_job::frappe.search.sqlite_search.build_index_if_not_exists)
2026-05-01 08:45:36,523 Result is kept for 600 seconds
2026-05-01 08:45:36,536 home-mahmoudtawfeek-task-manger:default: frappe.utils.background_jobs.execute_job(event=None, is_async=True, job_name='frappe.core.doctype.scheduled_job_type.scheduled_job_type.run_scheduled_jo..., kwargs={'job_type': 'frappe.utils.global_search.sync_global_search'}, method='frappe.core.doctype.scheduled_job_type.scheduled_job_type.run_scheduled_jo..., site='task.local', user='Administrator') (task.local::scheduled_job::frappe.utils.global_search.sync_global_search)
2026-05-01 08:45:37,083 home-mahmoudtawfeek-task-manger:default: Job OK (task.local::scheduled_job::frappe.utils.global_search.sync_global_search)
2026-05-01 08:45:37,083 Result is kept for 600 seconds
2026-05-01 08:45:37,092 home-mahmoudtawfeek-task-manger:default: frappe.utils.background_jobs.execute_job(event=None, is_async=True, job_name='frappe.core.doctype.scheduled_job_type.scheduled_job_type.run_scheduled_jo..., kwargs={'job_type': 'frappe.model.utils.link_count.update_link_count'}, method='frappe.core.doctype.scheduled_job_type.scheduled_job_type.run_scheduled_jo..., site='task.local', user='Administrator') (task.local::scheduled_job::frappe.model.utils.link_count.update_link_count)
2026-05-01 08:45:37,479 home-mahmoudtawfeek-task-manger:default: Job OK (task.local::scheduled_job::frappe.model.utils.link_count.update_link_count)
2026-05-01 08:45:37,479 Result is kept for 600 seconds
2026-05-01 08:45:37,486 home-mahmoudtawfeek-task-manger:default: frappe.utils.background_jobs.execute_job(event=None, is_async=True, job_name='frappe.core.doctype.scheduled_job_type.scheduled_job_type.run_scheduled_jo..., kwargs={'job_type': 'erpnext.manufacturing.doctype.bom_update_log.bom_update_log.r..., method='frappe.core.doctype.scheduled_job_type.scheduled_job_type.run_scheduled_jo..., site='task.local', user='Administrator') (task.local::scheduled_job::erpnext.manufacturing.doctype.bom_update_log.bom_update_log.resume_bom_cost_update_jobs)
2026-05-01 08:45:37,890 home-mahmoudtawfeek-task-manger:default: Job OK (task.local::scheduled_job::erpnext.manufacturing.doctype.bom_update_log.bom_update_log.resume_bom_cost_update_jobs)
2026-05-01 08:45:37,891 Result is kept for 600 seconds
2026-05-01 08:45:37,898 home-mahmoudtawfeek-task-manger:default: frappe.utils.background_jobs.execute_job(event=None, is_async=True, job_name='frappe.core.doctype.scheduled_job_type.scheduled_job_type.run_scheduled_jo..., kwargs={'job_type': 'frappe.automation.doctype.reminder.reminder.send_reminders'}, method='frappe.core.doctype.scheduled_job_type.scheduled_job_type.run_scheduled_jo..., site='task.local', user='Administrator') (task.local::scheduled_job::frappe.automation.doctype.reminder.reminder.send_reminders)
2026-05-01 08:45:38,222 home-mahmoudtawfeek-task-manger:default: Job OK (task.local::scheduled_job::frappe.automation.doctype.reminder.reminder.send_reminders)
2026-05-01 08:45:38,222 Result is kept for 600 seconds
2026-05-01 08:45:38,230 home-mahmoudtawfeek-task-manger:default: frappe.utils.background_jobs.execute_job(event=None, is_async=True, job_name='frappe.core.doctype.scheduled_job_type.scheduled_job_type.run_scheduled_jo..., kwargs={'job_type': 'frappe.utils.telemetry.pulse.client.send_queued_events'}, method='frappe.core.doctype.scheduled_job_type.scheduled_job_type.run_scheduled_jo..., site='task.local', user='Administrator') (task.local::scheduled_job::frappe.utils.telemetry.pulse.client.send_queued_events)
2026-05-01 08:45:38,644 home-mahmoudtawfeek-task-manger:default: Job OK (task.local::scheduled_job::frappe.utils.telemetry.pulse.client.send_queued_events)
2026-05-01 08:45:38,644 Result is kept for 600 seconds
2026-05-01 08:45:38,651 home-mahmoudtawfeek-task-manger:default: frappe.utils.background_jobs.execute_job(event=None, is_async=True, job_name='frappe.core.doctype.scheduled_job_type.scheduled_job_type.run_scheduled_jo..., kwargs={'job_type': 'frappe.email.doctype.email_account.email_account.notify_unrep..., method='frappe.core.doctype.scheduled_job_type.scheduled_job_type.run_scheduled_jo..., site='task.local', user='Administrator') (task.local::scheduled_job::frappe.email.doctype.email_account.email_account.notify_unreplied)
2026-05-01 08:45:38,979 home-mahmoudtawfeek-task-manger:default: Job OK (task.local::scheduled_job::frappe.email.doctype.email_account.email_account.notify_unreplied)
2026-05-01 08:45:38,980 Result is kept for 600 seconds
2026-05-01 08:48:36,376 home-mahmoudtawfeek-task-manger:default: frappe.utils.background_jobs.execute_job(event=None, is_async=True, job_name='frappe.core.doctype.scheduled_job_type.scheduled_job_type.run_scheduled_jo..., kwargs={'job_type': 'frappe.integrations.doctype.google_calendar.google_calendar.s..., method='frappe.core.doctype.scheduled_job_type.scheduled_job_type.run_scheduled_jo..., site='task.local', user='Administrator') (task.local::scheduled_job::frappe.integrations.doctype.google_calendar.google_calendar.sync)
2026-05-01 08:48:36,946 home-mahmoudtawfeek-task-manger:default: Job OK (task.local::scheduled_job::frappe.integrations.doctype.google_calendar.google_calendar.sync)
2026-05-01 08:48:36,947 Result is kept for 600 seconds
2026-05-01 08:48:36,954 home-mahmoudtawfeek-task-manger:default: frappe.utils.background_jobs.execute_job(event=None, is_async=True, job_name='frappe.core.doctype.scheduled_job_type.scheduled_job_type.run_scheduled_jo..., kwargs={'job_type': 'frappe.monitor.flush'}, method='frappe.core.doctype.scheduled_job_type.scheduled_job_type.run_scheduled_jo..., site='task.local', user='Administrator') (task.local::scheduled_job::frappe.monitor.flush)
2026-05-01 08:48:37,181 home-mahmoudtawfeek-task-manger:default: Job OK (task.local::scheduled_job::frappe.monitor.flush)
2026-05-01 08:48:37,182 Result is kept for 600 seconds
2026-05-01 08:48:37,195 home-mahmoudtawfeek-task-manger:default: frappe.utils.background_jobs.execute_job(event=None, is_async=True, job_name='frappe.core.doctype.scheduled_job_type.scheduled_job_type.run_scheduled_jo..., kwargs={'job_type': 'frappe.email.queue.retry_sending_emails'}, method='frappe.core.doctype.scheduled_job_type.scheduled_job_type.run_scheduled_jo..., site='task.local', user='Administrator') (task.local::scheduled_job::frappe.email.queue.retry_sending_emails)
2026-05-01 08:48:37,861 home-mahmoudtawfeek-task-manger:default: Job OK (task.local::scheduled_job::frappe.email.queue.retry_sending_emails)
2026-05-01 08:48:37,861 Result is kept for 600 seconds
2026-05-01 08:48:37,881 home-mahmoudtawfeek-task-manger:default: frappe.utils.background_jobs.execute_job(event=None, is_async=True, job_name='frappe.core.doctype.scheduled_job_type.scheduled_job_type.run_scheduled_jo..., kwargs={'job_type': 'frappe.email.queue.flush'}, method='frappe.core.doctype.scheduled_job_type.scheduled_job_type.run_scheduled_jo..., site='task.local', user='Administrator') (task.local::scheduled_job::frappe.email.queue.flush)
2026-05-01 08:48:38,381 home-mahmoudtawfeek-task-manger:default: Job OK (task.local::scheduled_job::frappe.email.queue.flush)
2026-05-01 08:48:38,381 Result is kept for 600 seconds
2026-05-01 08:50:36,903 home-mahmoudtawfeek-task-manger:default: frappe.utils.background_jobs.execute_job(event=None, is_async=True, job_name='frappe.core.doctype.scheduled_job_type.scheduled_job_type.run_scheduled_jo..., kwargs={'job_type': 'frappe.email.doctype.email_account.email_account.pull'}, method='frappe.core.doctype.scheduled_job_type.scheduled_job_type.run_scheduled_jo..., site='task.local', user='Administrator') (task.local::scheduled_job::frappe.email.doctype.email_account.email_account.pull)
2026-05-01 08:50:37,515 home-mahmoudtawfeek-task-manger:default: Job OK (task.local::scheduled_job::frappe.email.doctype.email_account.email_account.pull)
2026-05-01 08:50:37,516 Result is kept for 600 seconds
2026-05-01 08:50:37,522 Cleaning registries for queue: home-mahmoudtawfeek-task-manger:short
2026-05-01 08:50:37,552 Cleaning registries for queue: home-mahmoudtawfeek-task-manger:default
2026-05-01 08:50:37,555 Cleaning registries for queue: home-mahmoudtawfeek-task-manger:long
2026-05-01 08:52:37,316 home-mahmoudtawfeek-task-manger:default: frappe.utils.background_jobs.execute_job(event=None, is_async=True, job_name='frappe.core.doctype.scheduled_job_type.scheduled_job_type.run_scheduled_jo..., kwargs={'job_type': 'frappe.monitor.flush'}, method='frappe.core.doctype.scheduled_job_type.scheduled_job_type.run_scheduled_jo..., site='task.local', user='Administrator') (task.local::scheduled_job::frappe.monitor.flush)
2026-05-01 08:52:37,629 home-mahmoudtawfeek-task-manger:default: Job OK (task.local::scheduled_job::frappe.monitor.flush)
2026-05-01 08:52:37,630 Result is kept for 600 seconds
2026-05-01 08:52:37,637 home-mahmoudtawfeek-task-manger:default: frappe.utils.background_jobs.execute_job(event=None, is_async=True, job_name='frappe.core.doctype.scheduled_job_type.scheduled_job_type.run_scheduled_jo..., kwargs={'job_type': 'frappe.integrations.doctype.google_calendar.google_calendar.s..., method='frappe.core.doctype.scheduled_job_type.scheduled_job_type.run_scheduled_jo..., site='task.local', user='Administrator') (task.local::scheduled_job::frappe.integrations.doctype.google_calendar.google_calendar.sync)
2026-05-01 08:52:38,138 home-mahmoudtawfeek-task-manger:default: Job OK (task.local::scheduled_job::frappe.integrations.doctype.google_calendar.google_calendar.sync)
2026-05-01 08:52:38,138 Result is kept for 600 seconds
2026-05-01 08:52:38,146 home-mahmoudtawfeek-task-manger:default: frappe.utils.background_jobs.execute_job(event=None, is_async=True, job_name='frappe.core.doctype.scheduled_job_type.scheduled_job_type.run_scheduled_jo..., kwargs={'job_type': 'frappe.email.queue.flush'}, method='frappe.core.doctype.scheduled_job_type.scheduled_job_type.run_scheduled_jo..., site='task.local', user='Administrator') (task.local::scheduled_job::frappe.email.queue.flush)
2026-05-01 08:52:38,702 home-mahmoudtawfeek-task-manger:default: Job OK (task.local::scheduled_job::frappe.email.queue.flush)
2026-05-01 08:52:38,703 Result is kept for 600 seconds
2026-05-01 08:52:38,710 home-mahmoudtawfeek-task-manger:default: frappe.utils.background_jobs.execute_job(event=None, is_async=True, job_name='frappe.core.doctype.scheduled_job_type.scheduled_job_type.run_scheduled_jo..., kwargs={'job_type': 'frappe.email.queue.retry_sending_emails'}, method='frappe.core.doctype.scheduled_job_type.scheduled_job_type.run_scheduled_jo..., site='task.local', user='Administrator') (task.local::scheduled_job::frappe.email.queue.retry_sending_emails)
2026-05-01 08:52:39,173 home-mahmoudtawfeek-task-manger:default: Job OK (task.local::scheduled_job::frappe.email.queue.retry_sending_emails)
2026-05-01 08:52:39,174 Result is kept for 600 seconds
2026-05-01 08:56:38,149 home-mahmoudtawfeek-task-manger:default: frappe.utils.background_jobs.execute_job(event=None, is_async=True, job_name='frappe.core.doctype.scheduled_job_type.scheduled_job_type.run_scheduled_jo..., kwargs={'job_type': 'frappe.email.queue.flush'}, method='frappe.core.doctype.scheduled_job_type.scheduled_job_type.run_scheduled_jo..., site='task.local', user='Administrator') (task.local::scheduled_job::frappe.email.queue.flush)
2026-05-01 08:56:38,781 home-mahmoudtawfeek-task-manger:default: Job OK (task.local::scheduled_job::frappe.email.queue.flush)
2026-05-01 08:56:38,781 Result is kept for 600 seconds
2026-05-01 08:56:38,791 home-mahmoudtawfeek-task-manger:default: frappe.utils.background_jobs.execute_job(event=None, is_async=True, job_name='frappe.core.doctype.scheduled_job_type.scheduled_job_type.run_scheduled_jo..., kwargs={'job_type': 'frappe.email.queue.retry_sending_emails'}, method='frappe.core.doctype.scheduled_job_type.scheduled_job_type.run_scheduled_jo..., site='task.local', user='Administrator') (task.local::scheduled_job::frappe.email.queue.retry_sending_emails)
2026-05-01 08:56:39,359 home-mahmoudtawfeek-task-manger:default: Job OK (task.local::scheduled_job::frappe.email.queue.retry_sending_emails)
2026-05-01 08:56:39,359 Result is kept for 600 seconds
2026-05-01 08:56:39,367 home-mahmoudtawfeek-task-manger:default: frappe.utils.background_jobs.execute_job(event=None, is_async=True, job_name='frappe.core.doctype.scheduled_job_type.scheduled_job_type.run_scheduled_jo..., kwargs={'job_type': 'frappe.monitor.flush'}, method='frappe.core.doctype.scheduled_job_type.scheduled_job_type.run_scheduled_jo..., site='task.local', user='Administrator') (task.local::scheduled_job::frappe.monitor.flush)
2026-05-01 08:56:39,813 home-mahmoudtawfeek-task-manger:default: Job OK (task.local::scheduled_job::frappe.monitor.flush)
2026-05-01 08:56:39,813 Result is kept for 600 seconds
2026-05-01 08:56:39,820 home-mahmoudtawfeek-task-manger:default: frappe.utils.background_jobs.execute_job(event=None, is_async=True, job_name='frappe.core.doctype.scheduled_job_type.scheduled_job_type.run_scheduled_jo..., kwargs={'job_type': 'frappe.integrations.doctype.google_calendar.google_calendar.s..., method='frappe.core.doctype.scheduled_job_type.scheduled_job_type.run_scheduled_jo..., site='task.local', user='Administrator') (task.local::scheduled_job::frappe.integrations.doctype.google_calendar.google_calendar.sync)
2026-05-01 08:56:40,553 home-mahmoudtawfeek-task-manger:default: Job OK (task.local::scheduled_job::frappe.integrations.doctype.google_calendar.google_calendar.sync)
2026-05-01 08:56:40,553 Result is kept for 600 seconds
2026-05-01 09:00:38,982 home-mahmoudtawfeek-task-manger:default: frappe.utils.background_jobs.execute_job(event=None, is_async=True, job_name='frappe.core.doctype.scheduled_job_type.scheduled_job_type.run_scheduled_jo..., kwargs={'job_type': 'frappe.utils.telemetry.pulse.client.send_queued_events'}, method='frappe.core.doctype.scheduled_job_type.scheduled_job_type.run_scheduled_jo..., site='task.local', user='Administrator') (task.local::scheduled_job::frappe.utils.telemetry.pulse.client.send_queued_events)
2026-05-01 09:00:39,512 home-mahmoudtawfeek-task-manger:default: Job OK (task.local::scheduled_job::frappe.utils.telemetry.pulse.client.send_queued_events)
2026-05-01 09:00:39,513 Result is kept for 600 seconds
2026-05-01 09:00:39,523 home-mahmoudtawfeek-task-manger:default: frappe.utils.background_jobs.execute_job(event=None, is_async=True, job_name='frappe.core.doctype.scheduled_job_type.scheduled_job_type.run_scheduled_jo..., kwargs={'job_type': 'frappe.deferred_insert.save_to_db'}, method='frappe.core.doctype.scheduled_job_type.scheduled_job_type.run_scheduled_jo..., site='task.local', user='Administrator') (task.local::scheduled_job::frappe.deferred_insert.save_to_db)
2026-05-01 09:00:39,885 home-mahmoudtawfeek-task-manger:default: Job OK (task.local::scheduled_job::frappe.deferred_insert.save_to_db)
2026-05-01 09:00:39,885 Result is kept for 600 seconds
2026-05-01 09:00:39,893 home-mahmoudtawfeek-task-manger:default: frappe.utils.background_jobs.execute_job(event=None, is_async=True, job_name='frappe.core.doctype.scheduled_job_type.scheduled_job_type.run_scheduled_jo..., kwargs={'job_type': 'frappe.email.doctype.email_account.email_account.notify_unrep..., method='frappe.core.doctype.scheduled_job_type.scheduled_job_type.run_scheduled_jo..., site='task.local', user='Administrator') (task.local::scheduled_job::frappe.email.doctype.email_account.email_account.notify_unreplied)
2026-05-01 09:00:40,266 home-mahmoudtawfeek-task-manger:default: Job OK (task.local::scheduled_job::frappe.email.doctype.email_account.email_account.notify_unreplied)
2026-05-01 09:00:40,266 Result is kept for 600 seconds
2026-05-01 09:00:40,274 home-mahmoudtawfeek-task-manger:default: frappe.utils.background_jobs.execute_job(event=None, is_async=True, job_name='frappe.core.doctype.scheduled_job_type.scheduled_job_type.run_scheduled_jo..., kwargs={'job_type': 'frappe.email.doctype.email_account.email_account.pull'}, method='frappe.core.doctype.scheduled_job_type.scheduled_job_type.run_scheduled_jo..., site='task.local', user='Administrator') (task.local::scheduled_job::frappe.email.doctype.email_account.email_account.pull)
2026-05-01 09:00:40,747 home-mahmoudtawfeek-task-manger:default: Job OK (task.local::scheduled_job::frappe.email.doctype.email_account.email_account.pull)
2026-05-01 09:00:40,748 Result is kept for 600 seconds
2026-05-01 09:00:40,756 home-mahmoudtawfeek-task-manger:default: frappe.utils.background_jobs.execute_job(event=None, is_async=True, job_name='frappe.core.doctype.scheduled_job_type.scheduled_job_type.run_scheduled_jo..., kwargs={'job_type': 'frappe.utils.global_search.sync_global_search'}, method='frappe.core.doctype.scheduled_job_type.scheduled_job_type.run_scheduled_jo..., site='task.local', user='Administrator') (task.local::scheduled_job::frappe.utils.global_search.sync_global_search)
2026-05-01 09:00:41,068 home-mahmoudtawfeek-task-manger:default: Job OK (task.local::scheduled_job::frappe.utils.global_search.sync_global_search)
2026-05-01 09:00:41,068 Result is kept for 600 seconds
2026-05-01 09:00:41,076 home-mahmoudtawfeek-task-manger:default: frappe.utils.background_jobs.execute_job(event=None, is_async=True, job_name='frappe.core.doctype.scheduled_job_type.scheduled_job_type.run_scheduled_jo..., kwargs={'job_type': 'erpnext.manufacturing.doctype.bom_update_log.bom_update_log.r..., method='frappe.core.doctype.scheduled_job_type.scheduled_job_type.run_scheduled_jo..., site='task.local', user='Administrator') (task.local::scheduled_job::erpnext.manufacturing.doctype.bom_update_log.bom_update_log.resume_bom_cost_update_jobs)
2026-05-01 09:00:41,523 home-mahmoudtawfeek-task-manger:default: Job OK (task.local::scheduled_job::erpnext.manufacturing.doctype.bom_update_log.bom_update_log.resume_bom_cost_update_jobs)
2026-05-01 09:00:41,523 Result is kept for 600 seconds
2026-05-01 09:00:41,530 home-mahmoudtawfeek-task-manger:default: frappe.utils.background_jobs.execute_job(event=None, is_async=True, job_name='frappe.core.doctype.scheduled_job_type.scheduled_job_type.run_scheduled_jo..., kwargs={'job_type': 'frappe.model.utils.link_count.update_link_count'}, method='frappe.core.doctype.scheduled_job_type.scheduled_job_type.run_scheduled_jo..., site='task.local', user='Administrator') (task.local::scheduled_job::frappe.model.utils.link_count.update_link_count)
2026-05-01 09:00:41,940 home-mahmoudtawfeek-task-manger:default: Job OK (task.local::scheduled_job::frappe.model.utils.link_count.update_link_count)
2026-05-01 09:00:41,941 Result is kept for 600 seconds
2026-05-01 09:00:41,963 home-mahmoudtawfeek-task-manger:default: frappe.utils.background_jobs.execute_job(event=None, is_async=True, job_name='frappe.core.doctype.scheduled_job_type.scheduled_job_type.run_scheduled_jo..., kwargs={'job_type': 'frappe.integrations.doctype.google_calendar.google_calendar.s..., method='frappe.core.doctype.scheduled_job_type.scheduled_job_type.run_scheduled_jo..., site='task.local', user='Administrator') (task.local::scheduled_job::frappe.integrations.doctype.google_calendar.google_calendar.sync)
2026-05-01 09:00:42,585 home-mahmoudtawfeek-task-manger:default: Job OK (task.local::scheduled_job::frappe.integrations.doctype.google_calendar.google_calendar.sync)
2026-05-01 09:00:42,586 Result is kept for 600 seconds
2026-05-01 09:00:42,599 home-mahmoudtawfeek-task-manger:default: frappe.utils.background_jobs.execute_job(event=None, is_async=True, job_name='frappe.core.doctype.scheduled_job_type.scheduled_job_type.run_scheduled_jo..., kwargs={'job_type': 'frappe.automation.doctype.reminder.reminder.send_reminders'}, method='frappe.core.doctype.scheduled_job_type.scheduled_job_type.run_scheduled_jo..., site='task.local', user='Administrator') (task.local::scheduled_job::frappe.automation.doctype.reminder.reminder.send_reminders)
2026-05-01 09:00:42,951 home-mahmoudtawfeek-task-manger:default: Job OK (task.local::scheduled_job::frappe.automation.doctype.reminder.reminder.send_reminders)
2026-05-01 09:00:42,951 Result is kept for 600 seconds
2026-05-01 09:00:42,959 home-mahmoudtawfeek-task-manger:default: frappe.utils.background_jobs.execute_job(event=None, is_async=True, job_name='frappe.core.doctype.scheduled_job_type.scheduled_job_type.run_scheduled_jo..., kwargs={'job_type': 'erpnext.projects.doctype.project.project.hourly_reminder'}, method='frappe.core.doctype.scheduled_job_type.scheduled_job_type.run_scheduled_jo..., site='task.local', user='Administrator') (task.local::scheduled_job::erpnext.projects.doctype.project.project.hourly_reminder)
2026-05-01 09:00:45,075 home-mahmoudtawfeek-task-manger:default: Job OK (task.local::scheduled_job::erpnext.projects.doctype.project.project.hourly_reminder)
2026-05-01 09:00:45,076 Result is kept for 600 seconds
2026-05-01 09:00:45,100 home-mahmoudtawfeek-task-manger:default: frappe.utils.background_jobs.execute_job(event=None, is_async=True, job_name='frappe.core.doctype.scheduled_job_type.scheduled_job_type.run_scheduled_jo..., kwargs={'job_type': 'frappe.email.queue.flush'}, method='frappe.core.doctype.scheduled_job_type.scheduled_job_type.run_scheduled_jo..., site='task.local', user='Administrator') (task.local::scheduled_job::frappe.email.queue.flush)
2026-05-01 09:00:45,785 home-mahmoudtawfeek-task-manger:default: Job OK (task.local::scheduled_job::frappe.email.queue.flush)
2026-05-01 09:00:45,785 Result is kept for 600 seconds
2026-05-01 09:00:45,801 home-mahmoudtawfeek-task-manger:default: frappe.utils.background_jobs.execute_job(event=None, is_async=True, job_name='frappe.core.doctype.scheduled_job_type.scheduled_job_type.run_scheduled_jo..., kwargs={'job_type': 'frappe.email.doctype.newsletter.newsletter.send_scheduled_ema..., method='frappe.core.doctype.scheduled_job_type.scheduled_job_type.run_scheduled_jo..., site='task.local', user='Administrator') (task.local::scheduled_job::frappe.email.doctype.newsletter.newsletter.send_scheduled_email)
2026-05-01 09:00:46,366 home-mahmoudtawfeek-task-manger:default: Job OK (task.local::scheduled_job::frappe.email.doctype.newsletter.newsletter.send_scheduled_email)
2026-05-01 09:00:46,367 Result is kept for 600 seconds
2026-05-01 09:00:46,374 home-mahmoudtawfeek-task-manger:default: frappe.utils.background_jobs.execute_job(event=None, is_async=True, job_name='frappe.core.doctype.scheduled_job_type.scheduled_job_type.run_scheduled_jo..., kwargs={'job_type': 'frappe.search.sqlite_search.build_index_if_not_exists'}, method='frappe.core.doctype.scheduled_job_type.scheduled_job_type.run_scheduled_jo..., site='task.local', user='Administrator') (task.local::scheduled_job::frappe.search.sqlite_search.build_index_if_not_exists)
2026-05-01 09:00:46,715 home-mahmoudtawfeek-task-manger:default: Job OK (task.local::scheduled_job::frappe.search.sqlite_search.build_index_if_not_exists)
2026-05-01 09:00:46,716 Result is kept for 600 seconds
2026-05-01 09:00:46,723 home-mahmoudtawfeek-task-manger:default: frappe.utils.background_jobs.execute_job(event=None, is_async=True, job_name='frappe.core.doctype.scheduled_job_type.scheduled_job_type.run_scheduled_jo..., kwargs={'job_type': 'frappe.monitor.flush'}, method='frappe.core.doctype.scheduled_job_type.scheduled_job_type.run_scheduled_jo..., site='task.local', user='Administrator') (task.local::scheduled_job::frappe.monitor.flush)
2026-05-01 09:00:46,981 home-mahmoudtawfeek-task-manger:default: Job OK (task.local::scheduled_job::frappe.monitor.flush)
2026-05-01 09:00:46,981 Result is kept for 600 seconds
2026-05-01 09:00:46,988 home-mahmoudtawfeek-task-manger:default: frappe.utils.background_jobs.execute_job(event=None, is_async=True, job_name='frappe.core.doctype.scheduled_job_type.scheduled_job_type.run_scheduled_jo..., kwargs={'job_type': 'frappe.email.queue.retry_sending_emails'}, method='frappe.core.doctype.scheduled_job_type.scheduled_job_type.run_scheduled_jo..., site='task.local', user='Administrator') (task.local::scheduled_job::frappe.email.queue.retry_sending_emails)
2026-05-01 09:00:47,550 home-mahmoudtawfeek-task-manger:default: Job OK (task.local::scheduled_job::frappe.email.queue.retry_sending_emails)
2026-05-01 09:00:47,550 Result is kept for 600 seconds
2026-05-01 09:00:47,558 home-mahmoudtawfeek-task-manger:long: frappe.utils.background_jobs.execute_job(event=None, is_async=True, job_name='frappe.core.doctype.scheduled_job_type.scheduled_job_type.run_scheduled_jo..., kwargs={'job_type': 'erpnext.stock.doctype.repost_item_valuation.repost_item_valua..., method='frappe.core.doctype.scheduled_job_type.scheduled_job_type.run_scheduled_jo..., site='task.local', user='Administrator') (task.local::scheduled_job::erpnext.stock.doctype.repost_item_valuation.repost_item_valuation.repost_entries)
2026-05-01 09:00:48,623 home-mahmoudtawfeek-task-manger:long: Job OK (task.local::scheduled_job::erpnext.stock.doctype.repost_item_valuation.repost_item_valuation.repost_entries)
2026-05-01 09:00:48,623 Result is kept for 600 seconds
2026-05-01 09:00:48,661 home-mahmoudtawfeek-task-manger:long: frappe.utils.background_jobs.execute_job(event=None, is_async=True, job_name='frappe.core.doctype.scheduled_job_type.scheduled_job_type.run_scheduled_jo..., kwargs={'job_type': 'erpnext.projects.doctype.project.project.project_status_updat..., method='frappe.core.doctype.scheduled_job_type.scheduled_job_type.run_scheduled_jo..., site='task.local', user='Administrator') (task.local::scheduled_job::erpnext.projects.doctype.project.project.project_status_update_reminder)
2026-05-01 09:00:49,260 home-mahmoudtawfeek-task-manger:long: Job OK (task.local::scheduled_job::erpnext.projects.doctype.project.project.project_status_update_reminder)
2026-05-01 09:00:49,261 Result is kept for 600 seconds
2026-05-01 09:00:49,268 home-mahmoudtawfeek-task-manger:long: frappe.utils.background_jobs.execute_job(event=None, is_async=True, job_name='frappe.core.doctype.scheduled_job_type.scheduled_job_type.run_scheduled_jo..., kwargs={'job_type': 'erpnext.utilities.doctype.video.video.update_youtube_data'}, method='frappe.core.doctype.scheduled_job_type.scheduled_job_type.run_scheduled_jo..., site='task.local', user='Administrator') (task.local::scheduled_job::erpnext.utilities.doctype.video.video.update_youtube_data)
2026-05-01 09:00:50,258 home-mahmoudtawfeek-task-manger:long: Job OK (task.local::scheduled_job::erpnext.utilities.doctype.video.video.update_youtube_data)
2026-05-01 09:00:50,258 Result is kept for 600 seconds
2026-05-01 09:00:50,266 home-mahmoudtawfeek-task-manger:long: frappe.utils.background_jobs.execute_job(event=None, is_async=True, job_name='frappe.core.doctype.scheduled_job_type.scheduled_job_type.run_scheduled_jo..., kwargs={'job_type': 'frappe.twofactor.delete_all_barcodes_for_users'}, method='frappe.core.doctype.scheduled_job_type.scheduled_job_type.run_scheduled_jo..., site='task.local', user='Administrator') (task.local::scheduled_job::frappe.twofactor.delete_all_barcodes_for_users)
2026-05-01 09:00:50,975 home-mahmoudtawfeek-task-manger:long: Job OK (task.local::scheduled_job::frappe.twofactor.delete_all_barcodes_for_users)
2026-05-01 09:00:50,976 Result is kept for 600 seconds
2026-05-01 09:00:50,990 home-mahmoudtawfeek-task-manger:long: frappe.utils.background_jobs.execute_job(event=None, is_async=True, job_name='frappe.core.doctype.scheduled_job_type.scheduled_job_type.run_scheduled_jo..., kwargs={'job_type': 'frappe.desk.page.backups.backups.delete_downloadable_backups'..., method='frappe.core.doctype.scheduled_job_type.scheduled_job_type.run_scheduled_jo..., site='task.local', user='Administrator') (task.local::scheduled_job::frappe.desk.page.backups.backups.delete_downloadable_backups)
2026-05-01 09:00:51,492 home-mahmoudtawfeek-task-manger:long: Job OK (task.local::scheduled_job::frappe.desk.page.backups.backups.delete_downloadable_backups)
2026-05-01 09:00:51,493 Result is kept for 600 seconds
2026-05-01 09:00:51,508 home-mahmoudtawfeek-task-manger:long: frappe.utils.background_jobs.execute_job(event=None, is_async=True, job_name='frappe.core.doctype.scheduled_job_type.scheduled_job_type.run_scheduled_jo..., kwargs={'job_type': 'frappe.core.doctype.prepared_report.prepared_report.expire_st..., method='frappe.core.doctype.scheduled_job_type.scheduled_job_type.run_scheduled_jo..., site='task.local', user='Administrator') (task.local::scheduled_job::frappe.core.doctype.prepared_report.prepared_report.expire_stalled_report)
2026-05-01 09:00:52,207 home-mahmoudtawfeek-task-manger:long: Job OK (task.local::scheduled_job::frappe.core.doctype.prepared_report.prepared_report.expire_stalled_report)
2026-05-01 09:00:52,207 Result is kept for 600 seconds
2026-05-01 09:00:52,216 home-mahmoudtawfeek-task-manger:long: frappe.utils.background_jobs.execute_job(event=None, is_async=True, job_name='frappe.core.doctype.scheduled_job_type.scheduled_job_type.run_scheduled_jo..., kwargs={'job_type': 'frappe.website.doctype.web_page.web_page.check_publish_status..., method='frappe.core.doctype.scheduled_job_type.scheduled_job_type.run_scheduled_jo..., site='task.local', user='Administrator') (task.local::scheduled_job::frappe.website.doctype.web_page.web_page.check_publish_status)
2026-05-01 09:00:53,107 home-mahmoudtawfeek-task-manger:long: Job OK (task.local::scheduled_job::frappe.website.doctype.web_page.web_page.check_publish_status)
2026-05-01 09:00:53,107 Result is kept for 600 seconds
2026-05-01 09:00:53,123 home-mahmoudtawfeek-task-manger:long: frappe.utils.background_jobs.execute_job(event=None, is_async=True, job_name='frappe.core.doctype.scheduled_job_type.scheduled_job_type.run_scheduled_jo..., kwargs={'job_type': 'erpnext.projects.doctype.project.project.collect_project_stat..., method='frappe.core.doctype.scheduled_job_type.scheduled_job_type.run_scheduled_jo..., site='task.local', user='Administrator') (task.local::scheduled_job::erpnext.projects.doctype.project.project.collect_project_status)
2026-05-01 09:00:53,778 home-mahmoudtawfeek-task-manger:long: Job OK (task.local::scheduled_job::erpnext.projects.doctype.project.project.collect_project_status)
2026-05-01 09:00:53,779 Result is kept for 600 seconds
2026-05-01 09:00:53,800 home-mahmoudtawfeek-task-manger:long: frappe.utils.background_jobs.execute_job(event=None, is_async=True, job_name='frappe.core.doctype.scheduled_job_type.scheduled_job_type.run_scheduled_jo..., kwargs={'job_type': 'erpnext.utilities.bulk_transaction.retry'}, method='frappe.core.doctype.scheduled_job_type.scheduled_job_type.run_scheduled_jo..., site='task.local', user='Administrator') (task.local::scheduled_job::erpnext.utilities.bulk_transaction.retry)
2026-05-01 09:00:54,284 home-mahmoudtawfeek-task-manger:long: Job OK (task.local::scheduled_job::erpnext.utilities.bulk_transaction.retry)
2026-05-01 09:00:54,284 Result is kept for 600 seconds
2026-05-01 09:00:54,310 home-mahmoudtawfeek-task-manger:long: frappe.utils.background_jobs.execute_job(event=None, is_async=True, job_name='frappe.core.doctype.scheduled_job_type.scheduled_job_type.run_scheduled_jo..., kwargs={'job_type': 'frappe.oauth.delete_oauth2_data'}, method='frappe.core.doctype.scheduled_job_type.scheduled_job_type.run_scheduled_jo..., site='task.local', user='Administrator') (task.local::scheduled_job::frappe.oauth.delete_oauth2_data)
2026-05-01 09:00:55,117 home-mahmoudtawfeek-task-manger:long: Job OK (task.local::scheduled_job::frappe.oauth.delete_oauth2_data)
2026-05-01 09:00:55,118 Result is kept for 600 seconds
2026-05-01 09:00:55,136 home-mahmoudtawfeek-task-manger:long: frappe.utils.background_jobs.execute_job(event=None, is_async=True, job_name='frappe.core.doctype.scheduled_job_type.scheduled_job_type.run_scheduled_jo..., kwargs={'job_type': 'frappe.desk.utils.delete_old_exported_report_files'}, method='frappe.core.doctype.scheduled_job_type.scheduled_job_type.run_scheduled_jo..., site='task.local', user='Administrator') (task.local::scheduled_job::frappe.desk.utils.delete_old_exported_report_files)
2026-05-01 09:00:55,694 home-mahmoudtawfeek-task-manger:long: Job OK (task.local::scheduled_job::frappe.desk.utils.delete_old_exported_report_files)
2026-05-01 09:00:55,694 Result is kept for 600 seconds
2026-05-01 09:00:55,703 home-mahmoudtawfeek-task-manger:long: frappe.utils.background_jobs.execute_job(event=None, is_async=True, job_name='frappe.core.doctype.scheduled_job_type.scheduled_job_type.run_scheduled_jo..., kwargs={'job_type': 'frappe.model.utils.user_settings.sync_user_settings'}, method='frappe.core.doctype.scheduled_job_type.scheduled_job_type.run_scheduled_jo..., site='task.local', user='Administrator') (task.local::scheduled_job::frappe.model.utils.user_settings.sync_user_settings)
2026-05-01 09:00:56,196 home-mahmoudtawfeek-task-manger:long: Job OK (task.local::scheduled_job::frappe.model.utils.user_settings.sync_user_settings)
2026-05-01 09:00:56,196 Result is kept for 600 seconds
2026-05-01 09:00:56,205 home-mahmoudtawfeek-task-manger:long: frappe.utils.background_jobs.execute_job(event=None, is_async=True, job_name='frappe.core.doctype.scheduled_job_type.scheduled_job_type.run_scheduled_jo..., kwargs={'job_type': 'frappe.website.doctype.personal_data_deletion_request.persona..., method='frappe.core.doctype.scheduled_job_type.scheduled_job_type.run_scheduled_jo..., site='task.local', user='Administrator') (task.local::scheduled_job::frappe.website.doctype.personal_data_deletion_request.personal_data_deletion_request.process_data_deletion_request)
2026-05-01 09:00:56,684 home-mahmoudtawfeek-task-manger:long: Job OK (task.local::scheduled_job::frappe.website.doctype.personal_data_deletion_request.personal_data_deletion_request.process_data_deletion_request)
2026-05-01 09:00:56,684 Result is kept for 600 seconds
2026-05-01 09:00:56,692 home-mahmoudtawfeek-task-manger:long: frappe.utils.background_jobs.execute_job(event=None, is_async=True, job_name='frappe.core.doctype.scheduled_job_type.scheduled_job_type.run_scheduled_jo..., kwargs={'job_type': 'erpnext.erpnext_integrations.doctype.plaid_settings.plaid_set..., method='frappe.core.doctype.scheduled_job_type.scheduled_job_type.run_scheduled_jo..., site='task.local', user='Administrator') (task.local::scheduled_job::erpnext.erpnext_integrations.doctype.plaid_settings.plaid_settings.automatic_synchronization)
2026-05-01 09:00:57,265 home-mahmoudtawfeek-task-manger:long: Job OK (task.local::scheduled_job::erpnext.erpnext_integrations.doctype.plaid_settings.plaid_settings.automatic_synchronization)
2026-05-01 09:00:57,265 Result is kept for 600 seconds
2026-05-01 09:00:57,273 home-mahmoudtawfeek-task-manger:long: frappe.utils.background_jobs.execute_job(event=None, is_async=True, job_name='frappe.core.doctype.scheduled_job_type.scheduled_job_type.run_scheduled_jo..., kwargs={'job_type': 'frappe.desk.form.document_follow.send_hourly_updates'}, method='frappe.core.doctype.scheduled_job_type.scheduled_job_type.run_scheduled_jo..., site='task.local', user='Administrator') (task.local::scheduled_job::frappe.desk.form.document_follow.send_hourly_updates)
2026-05-01 09:00:57,748 home-mahmoudtawfeek-task-manger:long: Job OK (task.local::scheduled_job::frappe.desk.form.document_follow.send_hourly_updates)
2026-05-01 09:00:57,750 Result is kept for 600 seconds
2026-05-01 09:04:40,466 home-mahmoudtawfeek-task-manger:default: frappe.utils.background_jobs.execute_job(event=None, is_async=True, job_name='frappe.core.doctype.scheduled_job_type.scheduled_job_type.run_scheduled_jo..., kwargs={'job_type': 'frappe.email.queue.retry_sending_emails'}, method='frappe.core.doctype.scheduled_job_type.scheduled_job_type.run_scheduled_jo..., site='task.local', user='Administrator') (task.local::scheduled_job::frappe.email.queue.retry_sending_emails)
2026-05-01 09:04:41,245 home-mahmoudtawfeek-task-manger:default: Job OK (task.local::scheduled_job::frappe.email.queue.retry_sending_emails)
2026-05-01 09:04:41,246 Result is kept for 600 seconds
2026-05-01 09:04:41,274 home-mahmoudtawfeek-task-manger:default: frappe.utils.background_jobs.execute_job(event=None, is_async=True, job_name='frappe.core.doctype.scheduled_job_type.scheduled_job_type.run_scheduled_jo..., kwargs={'job_type': 'frappe.email.queue.flush'}, method='frappe.core.doctype.scheduled_job_type.scheduled_job_type.run_scheduled_jo..., site='task.local', user='Administrator') (task.local::scheduled_job::frappe.email.queue.flush)
2026-05-01 09:04:41,850 home-mahmoudtawfeek-task-manger:default: Job OK (task.local::scheduled_job::frappe.email.queue.flush)
2026-05-01 09:04:41,850 Result is kept for 600 seconds
2026-05-01 09:04:41,857 home-mahmoudtawfeek-task-manger:default: frappe.utils.background_jobs.execute_job(event=None, is_async=True, job_name='frappe.core.doctype.scheduled_job_type.scheduled_job_type.run_scheduled_jo..., kwargs={'job_type': 'frappe.integrations.doctype.google_calendar.google_calendar.s..., method='frappe.core.doctype.scheduled_job_type.scheduled_job_type.run_scheduled_jo..., site='task.local', user='Administrator') (task.local::scheduled_job::frappe.integrations.doctype.google_calendar.google_calendar.sync)
2026-05-01 09:04:42,332 home-mahmoudtawfeek-task-manger:default: Job OK (task.local::scheduled_job::frappe.integrations.doctype.google_calendar.google_calendar.sync)
2026-05-01 09:04:42,332 Result is kept for 600 seconds
2026-05-01 09:04:42,339 home-mahmoudtawfeek-task-manger:default: frappe.utils.background_jobs.execute_job(event=None, is_async=True, job_name='frappe.core.doctype.scheduled_job_type.scheduled_job_type.run_scheduled_jo..., kwargs={'job_type': 'frappe.monitor.flush'}, method='frappe.core.doctype.scheduled_job_type.scheduled_job_type.run_scheduled_jo..., site='task.local', user='Administrator') (task.local::scheduled_job::frappe.monitor.flush)
2026-05-01 09:04:42,581 home-mahmoudtawfeek-task-manger:default: Job OK (task.local::scheduled_job::frappe.monitor.flush)
2026-05-01 09:04:42,581 Result is kept for 600 seconds
2026-05-01 09:08:41,448 home-mahmoudtawfeek-task-manger:default: frappe.utils.background_jobs.execute_job(event=None, is_async=True, job_name='frappe.core.doctype.scheduled_job_type.scheduled_job_type.run_scheduled_jo..., kwargs={'job_type': 'frappe.email.queue.flush'}, method='frappe.core.doctype.scheduled_job_type.scheduled_job_type.run_scheduled_jo..., site='task.local', user='Administrator') (task.local::scheduled_job::frappe.email.queue.flush)
2026-05-01 09:08:42,115 home-mahmoudtawfeek-task-manger:default: Job OK (task.local::scheduled_job::frappe.email.queue.flush)
2026-05-01 09:08:42,115 Result is kept for 600 seconds
2026-05-01 09:08:42,136 home-mahmoudtawfeek-task-manger:default: frappe.utils.background_jobs.execute_job(event=None, is_async=True, job_name='frappe.core.doctype.scheduled_job_type.scheduled_job_type.run_scheduled_jo..., kwargs={'job_type': 'frappe.email.queue.retry_sending_emails'}, method='frappe.core.doctype.scheduled_job_type.scheduled_job_type.run_scheduled_jo..., site='task.local', user='Administrator') (task.local::scheduled_job::frappe.email.queue.retry_sending_emails)
2026-05-01 09:08:42,681 home-mahmoudtawfeek-task-manger:default: Job OK (task.local::scheduled_job::frappe.email.queue.retry_sending_emails)
2026-05-01 09:08:42,681 Result is kept for 600 seconds
2026-05-01 09:08:42,688 home-mahmoudtawfeek-task-manger:default: frappe.utils.background_jobs.execute_job(event=None, is_async=True, job_name='frappe.core.doctype.scheduled_job_type.scheduled_job_type.run_scheduled_jo..., kwargs={'job_type': 'frappe.integrations.doctype.google_calendar.google_calendar.s..., method='frappe.core.doctype.scheduled_job_type.scheduled_job_type.run_scheduled_jo..., site='task.local', user='Administrator') (task.local::scheduled_job::frappe.integrations.doctype.google_calendar.google_calendar.sync)
2026-05-01 09:08:43,173 home-mahmoudtawfeek-task-manger:default: Job OK (task.local::scheduled_job::frappe.integrations.doctype.google_calendar.google_calendar.sync)
2026-05-01 09:08:43,174 Result is kept for 600 seconds
2026-05-01 09:08:43,181 home-mahmoudtawfeek-task-manger:default: frappe.utils.background_jobs.execute_job(event=None, is_async=True, job_name='frappe.core.doctype.scheduled_job_type.scheduled_job_type.run_scheduled_jo..., kwargs={'job_type': 'frappe.monitor.flush'}, method='frappe.core.doctype.scheduled_job_type.scheduled_job_type.run_scheduled_jo..., site='task.local', user='Administrator') (task.local::scheduled_job::frappe.monitor.flush)
2026-05-01 09:08:43,401 home-mahmoudtawfeek-task-manger:default: Job OK (task.local::scheduled_job::frappe.monitor.flush)
2026-05-01 09:08:43,401 Result is kept for 600 seconds
2026-05-01 09:10:42,117 home-mahmoudtawfeek-task-manger:default: frappe.utils.background_jobs.execute_job(event=None, is_async=True, job_name='frappe.core.doctype.scheduled_job_type.scheduled_job_type.run_scheduled_jo..., kwargs={'job_type': 'frappe.email.doctype.email_account.email_account.pull'}, method='frappe.core.doctype.scheduled_job_type.scheduled_job_type.run_scheduled_jo..., site='task.local', user='Administrator') (task.local::scheduled_job::frappe.email.doctype.email_account.email_account.pull)
2026-05-01 09:10:42,546 home-mahmoudtawfeek-task-manger:default: Job OK (task.local::scheduled_job::frappe.email.doctype.email_account.email_account.pull)
2026-05-01 09:10:42,546 Result is kept for 600 seconds
2026-05-01 09:10:42,553 Cleaning registries for queue: home-mahmoudtawfeek-task-manger:short
2026-05-01 09:10:42,556 Cleaning registries for queue: home-mahmoudtawfeek-task-manger:default
2026-05-01 09:10:42,558 Cleaning registries for queue: home-mahmoudtawfeek-task-manger:long
2026-05-01 09:12:42,524 home-mahmoudtawfeek-task-manger:default: frappe.utils.background_jobs.execute_job(event=None, is_async=True, job_name='frappe.core.doctype.scheduled_job_type.scheduled_job_type.run_scheduled_jo..., kwargs={'job_type': 'frappe.email.queue.flush'}, method='frappe.core.doctype.scheduled_job_type.scheduled_job_type.run_scheduled_jo..., site='task.local', user='Administrator') (task.local::scheduled_job::frappe.email.queue.flush)
2026-05-01 09:12:43,148 home-mahmoudtawfeek-task-manger:default: Job OK (task.local::scheduled_job::frappe.email.queue.flush)
2026-05-01 09:12:43,148 Result is kept for 600 seconds
2026-05-01 09:12:43,156 home-mahmoudtawfeek-task-manger:default: frappe.utils.background_jobs.execute_job(event=None, is_async=True, job_name='frappe.core.doctype.scheduled_job_type.scheduled_job_type.run_scheduled_jo..., kwargs={'job_type': 'frappe.integrations.doctype.google_calendar.google_calendar.s..., method='frappe.core.doctype.scheduled_job_type.scheduled_job_type.run_scheduled_jo..., site='task.local', user='Administrator') (task.local::scheduled_job::frappe.integrations.doctype.google_calendar.google_calendar.sync)
2026-05-01 09:12:43,635 home-mahmoudtawfeek-task-manger:default: Job OK (task.local::scheduled_job::frappe.integrations.doctype.google_calendar.google_calendar.sync)
2026-05-01 09:12:43,635 Result is kept for 600 seconds
2026-05-01 09:12:43,643 home-mahmoudtawfeek-task-manger:default: frappe.utils.background_jobs.execute_job(event=None, is_async=True, job_name='frappe.core.doctype.scheduled_job_type.scheduled_job_type.run_scheduled_jo..., kwargs={'job_type': 'frappe.monitor.flush'}, method='frappe.core.doctype.scheduled_job_type.scheduled_job_type.run_scheduled_jo..., site='task.local', user='Administrator') (task.local::scheduled_job::frappe.monitor.flush)
2026-05-01 09:12:43,873 home-mahmoudtawfeek-task-manger:default: Job OK (task.local::scheduled_job::frappe.monitor.flush)
2026-05-01 09:12:43,873 Result is kept for 600 seconds
2026-05-01 09:12:43,879 home-mahmoudtawfeek-task-manger:default: frappe.utils.background_jobs.execute_job(event=None, is_async=True, job_name='frappe.core.doctype.scheduled_job_type.scheduled_job_type.run_scheduled_jo..., kwargs={'job_type': 'frappe.email.queue.retry_sending_emails'}, method='frappe.core.doctype.scheduled_job_type.scheduled_job_type.run_scheduled_jo..., site='task.local', user='Administrator') (task.local::scheduled_job::frappe.email.queue.retry_sending_emails)
2026-05-01 09:12:44,348 home-mahmoudtawfeek-task-manger:default: Job OK (task.local::scheduled_job::frappe.email.queue.retry_sending_emails)
2026-05-01 09:12:44,348 Result is kept for 600 seconds
2026-05-01 09:15:43,203 home-mahmoudtawfeek-task-manger:default: frappe.utils.background_jobs.execute_job(event=None, is_async=True, job_name='frappe.core.doctype.scheduled_job_type.scheduled_job_type.run_scheduled_jo..., kwargs={'job_type': 'frappe.utils.global_search.sync_global_search'}, method='frappe.core.doctype.scheduled_job_type.scheduled_job_type.run_scheduled_jo..., site='task.local', user='Administrator') (task.local::scheduled_job::frappe.utils.global_search.sync_global_search)
2026-05-01 09:15:43,923 home-mahmoudtawfeek-task-manger:default: Job OK (task.local::scheduled_job::frappe.utils.global_search.sync_global_search)
2026-05-01 09:15:43,923 Result is kept for 600 seconds
2026-05-01 09:15:43,933 home-mahmoudtawfeek-task-manger:default: frappe.utils.background_jobs.execute_job(event=None, is_async=True, job_name='frappe.core.doctype.scheduled_job_type.scheduled_job_type.run_scheduled_jo..., kwargs={'job_type': 'frappe.model.utils.link_count.update_link_count'}, method='frappe.core.doctype.scheduled_job_type.scheduled_job_type.run_scheduled_jo..., site='task.local', user='Administrator') (task.local::scheduled_job::frappe.model.utils.link_count.update_link_count)
2026-05-01 09:15:44,799 home-mahmoudtawfeek-task-manger:default: Job OK (task.local::scheduled_job::frappe.model.utils.link_count.update_link_count)
2026-05-01 09:15:44,799 Result is kept for 600 seconds
2026-05-01 09:15:44,832 home-mahmoudtawfeek-task-manger:default: frappe.utils.background_jobs.execute_job(event=None, is_async=True, job_name='frappe.core.doctype.scheduled_job_type.scheduled_job_type.run_scheduled_jo..., kwargs={'job_type': 'frappe.automation.doctype.reminder.reminder.send_reminders'}, method='frappe.core.doctype.scheduled_job_type.scheduled_job_type.run_scheduled_jo..., site='task.local', user='Administrator') (task.local::scheduled_job::frappe.automation.doctype.reminder.reminder.send_reminders)
2026-05-01 09:15:45,383 home-mahmoudtawfeek-task-manger:default: Job OK (task.local::scheduled_job::frappe.automation.doctype.reminder.reminder.send_reminders)
2026-05-01 09:15:45,383 Result is kept for 600 seconds
2026-05-01 09:15:45,391 home-mahmoudtawfeek-task-manger:default: frappe.utils.background_jobs.execute_job(event=None, is_async=True, job_name='frappe.core.doctype.scheduled_job_type.scheduled_job_type.run_scheduled_jo..., kwargs={'job_type': 'frappe.deferred_insert.save_to_db'}, method='frappe.core.doctype.scheduled_job_type.scheduled_job_type.run_scheduled_jo..., site='task.local', user='Administrator') (task.local::scheduled_job::frappe.deferred_insert.save_to_db)
2026-05-01 09:15:46,139 home-mahmoudtawfeek-task-manger:default: Job OK (task.local::scheduled_job::frappe.deferred_insert.save_to_db)
2026-05-01 09:15:46,140 Result is kept for 600 seconds
2026-05-01 09:15:46,153 home-mahmoudtawfeek-task-manger:default: frappe.utils.background_jobs.execute_job(event=None, is_async=True, job_name='frappe.core.doctype.scheduled_job_type.scheduled_job_type.run_scheduled_jo..., kwargs={'job_type': 'erpnext.manufacturing.doctype.bom_update_log.bom_update_log.r..., method='frappe.core.doctype.scheduled_job_type.scheduled_job_type.run_scheduled_jo..., site='task.local', user='Administrator') (task.local::scheduled_job::erpnext.manufacturing.doctype.bom_update_log.bom_update_log.resume_bom_cost_update_jobs)
2026-05-01 09:15:47,215 home-mahmoudtawfeek-task-manger:default: Job OK (task.local::scheduled_job::erpnext.manufacturing.doctype.bom_update_log.bom_update_log.resume_bom_cost_update_jobs)
2026-05-01 09:15:47,216 Result is kept for 600 seconds
2026-05-01 09:15:47,230 home-mahmoudtawfeek-task-manger:default: frappe.utils.background_jobs.execute_job(event=None, is_async=True, job_name='frappe.core.doctype.scheduled_job_type.scheduled_job_type.run_scheduled_jo..., kwargs={'job_type': 'frappe.search.sqlite_search.build_index_if_not_exists'}, method='frappe.core.doctype.scheduled_job_type.scheduled_job_type.run_scheduled_jo..., site='task.local', user='Administrator') (task.local::scheduled_job::frappe.search.sqlite_search.build_index_if_not_exists)
2026-05-01 09:15:47,832 home-mahmoudtawfeek-task-manger:default: Job OK (task.local::scheduled_job::frappe.search.sqlite_search.build_index_if_not_exists)
2026-05-01 09:15:47,832 Result is kept for 600 seconds
2026-05-01 09:15:47,849 home-mahmoudtawfeek-task-manger:default: frappe.utils.background_jobs.execute_job(event=None, is_async=True, job_name='frappe.core.doctype.scheduled_job_type.scheduled_job_type.run_scheduled_jo..., kwargs={'job_type': 'frappe.utils.telemetry.pulse.client.send_queued_events'}, method='frappe.core.doctype.scheduled_job_type.scheduled_job_type.run_scheduled_jo..., site='task.local', user='Administrator') (task.local::scheduled_job::frappe.utils.telemetry.pulse.client.send_queued_events)
2026-05-01 09:15:48,285 home-mahmoudtawfeek-task-manger:default: Job OK (task.local::scheduled_job::frappe.utils.telemetry.pulse.client.send_queued_events)
2026-05-01 09:15:48,285 Result is kept for 600 seconds
2026-05-01 09:15:48,304 home-mahmoudtawfeek-task-manger:default: frappe.utils.background_jobs.execute_job(event=None, is_async=True, job_name='frappe.core.doctype.scheduled_job_type.scheduled_job_type.run_scheduled_jo..., kwargs={'job_type': 'frappe.email.doctype.email_account.email_account.notify_unrep..., method='frappe.core.doctype.scheduled_job_type.scheduled_job_type.run_scheduled_jo..., site='task.local', user='Administrator') (task.local::scheduled_job::frappe.email.doctype.email_account.email_account.notify_unreplied)
2026-05-01 09:15:48,771 home-mahmoudtawfeek-task-manger:default: Job OK (task.local::scheduled_job::frappe.email.doctype.email_account.email_account.notify_unreplied)
2026-05-01 09:15:48,772 Result is kept for 600 seconds
2026-05-01 09:16:44,210 home-mahmoudtawfeek-task-manger:default: frappe.utils.background_jobs.execute_job(event=None, is_async=True, job_name='frappe.core.doctype.scheduled_job_type.scheduled_job_type.run_scheduled_jo..., kwargs={'job_type': 'frappe.integrations.doctype.google_calendar.google_calendar.s..., method='frappe.core.doctype.scheduled_job_type.scheduled_job_type.run_scheduled_jo..., site='task.local', user='Administrator') (task.local::scheduled_job::frappe.integrations.doctype.google_calendar.google_calendar.sync)
2026-05-01 09:16:45,982 home-mahmoudtawfeek-task-manger:default: Job OK (task.local::scheduled_job::frappe.integrations.doctype.google_calendar.google_calendar.sync)
2026-05-01 09:16:45,982 Result is kept for 600 seconds
2026-05-01 09:16:45,991 home-mahmoudtawfeek-task-manger:default: frappe.utils.background_jobs.execute_job(event=None, is_async=True, job_name='frappe.core.doctype.scheduled_job_type.scheduled_job_type.run_scheduled_jo..., kwargs={'job_type': 'frappe.monitor.flush'}, method='frappe.core.doctype.scheduled_job_type.scheduled_job_type.run_scheduled_jo..., site='task.local', user='Administrator') (task.local::scheduled_job::frappe.monitor.flush)
2026-05-01 09:16:46,977 home-mahmoudtawfeek-task-manger:default: Job OK (task.local::scheduled_job::frappe.monitor.flush)
2026-05-01 09:16:46,977 Result is kept for 600 seconds
2026-05-01 09:16:46,984 home-mahmoudtawfeek-task-manger:default: frappe.utils.background_jobs.execute_job(event=None, is_async=True, job_name='frappe.core.doctype.scheduled_job_type.scheduled_job_type.run_scheduled_jo..., kwargs={'job_type': 'frappe.email.queue.flush'}, method='frappe.core.doctype.scheduled_job_type.scheduled_job_type.run_scheduled_jo..., site='task.local', user='Administrator') (task.local::scheduled_job::frappe.email.queue.flush)
2026-05-01 09:16:49,602 home-mahmoudtawfeek-task-manger:default: Job OK (task.local::scheduled_job::frappe.email.queue.flush)
2026-05-01 09:16:49,602 Result is kept for 600 seconds
2026-05-01 09:16:49,611 home-mahmoudtawfeek-task-manger:default: frappe.utils.background_jobs.execute_job(event=None, is_async=True, job_name='frappe.core.doctype.scheduled_job_type.scheduled_job_type.run_scheduled_jo..., kwargs={'job_type': 'frappe.email.queue.retry_sending_emails'}, method='frappe.core.doctype.scheduled_job_type.scheduled_job_type.run_scheduled_jo..., site='task.local', user='Administrator') (task.local::scheduled_job::frappe.email.queue.retry_sending_emails)
2026-05-01 09:16:50,751 home-mahmoudtawfeek-task-manger:default: Job OK (task.local::scheduled_job::frappe.email.queue.retry_sending_emails)
2026-05-01 09:16:50,751 Result is kept for 600 seconds
2026-05-01 09:20:46,907 home-mahmoudtawfeek-task-manger:default: frappe.utils.background_jobs.execute_job(event=None, is_async=True, job_name='frappe.core.doctype.scheduled_job_type.scheduled_job_type.run_scheduled_jo..., kwargs={'job_type': 'frappe.email.queue.retry_sending_emails'}, method='frappe.core.doctype.scheduled_job_type.scheduled_job_type.run_scheduled_jo..., site='task.local', user='Administrator') (task.local::scheduled_job::frappe.email.queue.retry_sending_emails)
2026-05-01 09:20:48,580 home-mahmoudtawfeek-task-manger:default: Job OK (task.local::scheduled_job::frappe.email.queue.retry_sending_emails)
2026-05-01 09:20:48,580 Result is kept for 600 seconds
2026-05-01 09:20:48,632 home-mahmoudtawfeek-task-manger:default: frappe.utils.background_jobs.execute_job(event=None, is_async=True, job_name='frappe.core.doctype.scheduled_job_type.scheduled_job_type.run_scheduled_jo..., kwargs={'job_type': 'frappe.monitor.flush'}, method='frappe.core.doctype.scheduled_job_type.scheduled_job_type.run_scheduled_jo..., site='task.local', user='Administrator') (task.local::scheduled_job::frappe.monitor.flush)
2026-05-01 09:20:48,894 home-mahmoudtawfeek-task-manger:default: Job OK (task.local::scheduled_job::frappe.monitor.flush)
2026-05-01 09:20:48,894 Result is kept for 600 seconds
2026-05-01 09:20:48,901 home-mahmoudtawfeek-task-manger:default: frappe.utils.background_jobs.execute_job(event=None, is_async=True, job_name='frappe.core.doctype.scheduled_job_type.scheduled_job_type.run_scheduled_jo..., kwargs={'job_type': 'frappe.email.queue.flush'}, method='frappe.core.doctype.scheduled_job_type.scheduled_job_type.run_scheduled_jo..., site='task.local', user='Administrator') (task.local::scheduled_job::frappe.email.queue.flush)
2026-05-01 09:20:49,587 home-mahmoudtawfeek-task-manger:default: Job OK (task.local::scheduled_job::frappe.email.queue.flush)
2026-05-01 09:20:49,587 Result is kept for 600 seconds
2026-05-01 09:20:49,598 home-mahmoudtawfeek-task-manger:default: frappe.utils.background_jobs.execute_job(event=None, is_async=True, job_name='frappe.core.doctype.scheduled_job_type.scheduled_job_type.run_scheduled_jo..., kwargs={'job_type': 'frappe.integrations.doctype.google_calendar.google_calendar.s..., method='frappe.core.doctype.scheduled_job_type.scheduled_job_type.run_scheduled_jo..., site='task.local', user='Administrator') (task.local::scheduled_job::frappe.integrations.doctype.google_calendar.google_calendar.sync)
2026-05-01 09:20:50,212 home-mahmoudtawfeek-task-manger:default: Job OK (task.local::scheduled_job::frappe.integrations.doctype.google_calendar.google_calendar.sync)
2026-05-01 09:20:50,212 Result is kept for 600 seconds
2026-05-01 09:20:50,219 home-mahmoudtawfeek-task-manger:default: frappe.utils.background_jobs.execute_job(event=None, is_async=True, job_name='frappe.core.doctype.scheduled_job_type.scheduled_job_type.run_scheduled_jo..., kwargs={'job_type': 'frappe.email.doctype.email_account.email_account.pull'}, method='frappe.core.doctype.scheduled_job_type.scheduled_job_type.run_scheduled_jo..., site='task.local', user='Administrator') (task.local::scheduled_job::frappe.email.doctype.email_account.email_account.pull)
2026-05-01 09:20:53,565 home-mahmoudtawfeek-task-manger:default: Job OK (task.local::scheduled_job::frappe.email.doctype.email_account.email_account.pull)
2026-05-01 09:20:53,566 Result is kept for 600 seconds
2026-05-01 09:24:48,004 home-mahmoudtawfeek-task-manger:default: frappe.utils.background_jobs.execute_job(event=None, is_async=True, job_name='frappe.core.doctype.scheduled_job_type.scheduled_job_type.run_scheduled_jo..., kwargs={'job_type': 'frappe.monitor.flush'}, method='frappe.core.doctype.scheduled_job_type.scheduled_job_type.run_scheduled_jo..., site='task.local', user='Administrator') (task.local::scheduled_job::frappe.monitor.flush)
2026-05-01 09:24:48,310 home-mahmoudtawfeek-task-manger:default: Job OK (task.local::scheduled_job::frappe.monitor.flush)
2026-05-01 09:24:48,310 Result is kept for 600 seconds
2026-05-01 09:24:48,330 home-mahmoudtawfeek-task-manger:default: frappe.utils.background_jobs.execute_job(event=None, is_async=True, job_name='frappe.core.doctype.scheduled_job_type.scheduled_job_type.run_scheduled_jo..., kwargs={'job_type': 'frappe.email.queue.retry_sending_emails'}, method='frappe.core.doctype.scheduled_job_type.scheduled_job_type.run_scheduled_jo..., site='task.local', user='Administrator') (task.local::scheduled_job::frappe.email.queue.retry_sending_emails)
2026-05-01 09:24:48,926 home-mahmoudtawfeek-task-manger:default: Job OK (task.local::scheduled_job::frappe.email.queue.retry_sending_emails)
2026-05-01 09:24:48,927 Result is kept for 600 seconds
2026-05-01 09:24:48,934 home-mahmoudtawfeek-task-manger:default: frappe.utils.background_jobs.execute_job(event=None, is_async=True, job_name='frappe.core.doctype.scheduled_job_type.scheduled_job_type.run_scheduled_jo..., kwargs={'job_type': 'frappe.integrations.doctype.google_calendar.google_calendar.s..., method='frappe.core.doctype.scheduled_job_type.scheduled_job_type.run_scheduled_jo..., site='task.local', user='Administrator') (task.local::scheduled_job::frappe.integrations.doctype.google_calendar.google_calendar.sync)
2026-05-01 09:24:49,456 home-mahmoudtawfeek-task-manger:default: Job OK (task.local::scheduled_job::frappe.integrations.doctype.google_calendar.google_calendar.sync)
2026-05-01 09:24:49,456 Result is kept for 600 seconds
2026-05-01 09:24:49,463 home-mahmoudtawfeek-task-manger:default: frappe.utils.background_jobs.execute_job(event=None, is_async=True, job_name='frappe.core.doctype.scheduled_job_type.scheduled_job_type.run_scheduled_jo..., kwargs={'job_type': 'frappe.email.queue.flush'}, method='frappe.core.doctype.scheduled_job_type.scheduled_job_type.run_scheduled_jo..., site='task.local', user='Administrator') (task.local::scheduled_job::frappe.email.queue.flush)
2026-05-01 09:24:49,871 home-mahmoudtawfeek-task-manger:default: Job OK (task.local::scheduled_job::frappe.email.queue.flush)
2026-05-01 09:24:49,871 Result is kept for 600 seconds
2026-05-01 09:28:48,962 home-mahmoudtawfeek-task-manger:default: frappe.utils.background_jobs.execute_job(event=None, is_async=True, job_name='frappe.core.doctype.scheduled_job_type.scheduled_job_type.run_scheduled_jo..., kwargs={'job_type': 'frappe.monitor.flush'}, method='frappe.core.doctype.scheduled_job_type.scheduled_job_type.run_scheduled_jo..., site='task.local', user='Administrator') (task.local::scheduled_job::frappe.monitor.flush)
2026-05-01 09:28:49,268 home-mahmoudtawfeek-task-manger:default: Job OK (task.local::scheduled_job::frappe.monitor.flush)
2026-05-01 09:28:49,268 Result is kept for 600 seconds
2026-05-01 09:28:49,276 home-mahmoudtawfeek-task-manger:default: frappe.utils.background_jobs.execute_job(event=None, is_async=True, job_name='frappe.core.doctype.scheduled_job_type.scheduled_job_type.run_scheduled_jo..., kwargs={'job_type': 'frappe.email.queue.retry_sending_emails'}, method='frappe.core.doctype.scheduled_job_type.scheduled_job_type.run_scheduled_jo..., site='task.local', user='Administrator') (task.local::scheduled_job::frappe.email.queue.retry_sending_emails)
2026-05-01 09:28:49,739 home-mahmoudtawfeek-task-manger:default: Job OK (task.local::scheduled_job::frappe.email.queue.retry_sending_emails)
2026-05-01 09:28:49,739 Result is kept for 600 seconds
2026-05-01 09:28:49,747 home-mahmoudtawfeek-task-manger:default: frappe.utils.background_jobs.execute_job(event=None, is_async=True, job_name='frappe.core.doctype.scheduled_job_type.scheduled_job_type.run_scheduled_jo..., kwargs={'job_type': 'frappe.integrations.doctype.google_calendar.google_calendar.s..., method='frappe.core.doctype.scheduled_job_type.scheduled_job_type.run_scheduled_jo..., site='task.local', user='Administrator') (task.local::scheduled_job::frappe.integrations.doctype.google_calendar.google_calendar.sync)
2026-05-01 09:28:50,214 home-mahmoudtawfeek-task-manger:default: Job OK (task.local::scheduled_job::frappe.integrations.doctype.google_calendar.google_calendar.sync)
2026-05-01 09:28:50,214 Result is kept for 600 seconds
2026-05-01 09:28:50,221 home-mahmoudtawfeek-task-manger:default: frappe.utils.background_jobs.execute_job(event=None, is_async=True, job_name='frappe.core.doctype.scheduled_job_type.scheduled_job_type.run_scheduled_jo..., kwargs={'job_type': 'frappe.email.queue.flush'}, method='frappe.core.doctype.scheduled_job_type.scheduled_job_type.run_scheduled_jo..., site='task.local', user='Administrator') (task.local::scheduled_job::frappe.email.queue.flush)
2026-05-01 09:28:50,874 home-mahmoudtawfeek-task-manger:default: Job OK (task.local::scheduled_job::frappe.email.queue.flush)
2026-05-01 09:28:50,874 Result is kept for 600 seconds
2026-05-01 09:30:49,423 home-mahmoudtawfeek-task-manger:default: frappe.utils.background_jobs.execute_job(event=None, is_async=True, job_name='frappe.core.doctype.scheduled_job_type.scheduled_job_type.run_scheduled_jo..., kwargs={'job_type': 'frappe.email.doctype.email_account.email_account.notify_unrep..., method='frappe.core.doctype.scheduled_job_type.scheduled_job_type.run_scheduled_jo..., site='task.local', user='Administrator') (task.local::scheduled_job::frappe.email.doctype.email_account.email_account.notify_unreplied)
2026-05-01 09:30:49,914 home-mahmoudtawfeek-task-manger:default: Job OK (task.local::scheduled_job::frappe.email.doctype.email_account.email_account.notify_unreplied)
2026-05-01 09:30:49,914 Result is kept for 600 seconds
2026-05-01 09:30:49,922 Cleaning registries for queue: home-mahmoudtawfeek-task-manger:short
2026-05-01 09:30:49,947 Cleaning registries for queue: home-mahmoudtawfeek-task-manger:default
2026-05-01 09:30:49,949 Cleaning registries for queue: home-mahmoudtawfeek-task-manger:long
2026-05-01 09:30:49,953 home-mahmoudtawfeek-task-manger:default: frappe.utils.background_jobs.execute_job(event=None, is_async=True, job_name='frappe.core.doctype.scheduled_job_type.scheduled_job_type.run_scheduled_jo..., kwargs={'job_type': 'frappe.utils.telemetry.pulse.client.send_queued_events'}, method='frappe.core.doctype.scheduled_job_type.scheduled_job_type.run_scheduled_jo..., site='task.local', user='Administrator') (task.local::scheduled_job::frappe.utils.telemetry.pulse.client.send_queued_events)
2026-05-01 09:30:50,732 home-mahmoudtawfeek-task-manger:default: Job OK (task.local::scheduled_job::frappe.utils.telemetry.pulse.client.send_queued_events)
2026-05-01 09:30:50,733 Result is kept for 600 seconds
2026-05-01 09:30:50,746 home-mahmoudtawfeek-task-manger:default: frappe.utils.background_jobs.execute_job(event=None, is_async=True, job_name='frappe.core.doctype.scheduled_job_type.scheduled_job_type.run_scheduled_jo..., kwargs={'job_type': 'erpnext.accounts.doctype.gl_entry.gl_entry.rename_gle_sle_doc..., method='frappe.core.doctype.scheduled_job_type.scheduled_job_type.run_scheduled_jo..., site='task.local', user='Administrator') (task.local::scheduled_job::erpnext.accounts.doctype.gl_entry.gl_entry.rename_gle_sle_docs)
2026-05-01 09:30:52,588 home-mahmoudtawfeek-task-manger:default: Job OK (task.local::scheduled_job::erpnext.accounts.doctype.gl_entry.gl_entry.rename_gle_sle_docs)
2026-05-01 09:30:52,589 Result is kept for 600 seconds
2026-05-01 09:30:52,599 home-mahmoudtawfeek-task-manger:default: frappe.utils.background_jobs.execute_job(event=None, is_async=True, job_name='frappe.core.doctype.scheduled_job_type.scheduled_job_type.run_scheduled_jo..., kwargs={'job_type': 'erpnext.manufacturing.doctype.bom_update_log.bom_update_log.r..., method='frappe.core.doctype.scheduled_job_type.scheduled_job_type.run_scheduled_jo..., site='task.local', user='Administrator') (task.local::scheduled_job::erpnext.manufacturing.doctype.bom_update_log.bom_update_log.resume_bom_cost_update_jobs)
2026-05-01 09:30:53,113 home-mahmoudtawfeek-task-manger:default: Job OK (task.local::scheduled_job::erpnext.manufacturing.doctype.bom_update_log.bom_update_log.resume_bom_cost_update_jobs)
2026-05-01 09:30:53,113 Result is kept for 600 seconds
2026-05-01 09:30:53,129 home-mahmoudtawfeek-task-manger:default: frappe.utils.background_jobs.execute_job(event=None, is_async=True, job_name='frappe.core.doctype.scheduled_job_type.scheduled_job_type.run_scheduled_jo..., kwargs={'job_type': 'frappe.utils.global_search.sync_global_search'}, method='frappe.core.doctype.scheduled_job_type.scheduled_job_type.run_scheduled_jo..., site='task.local', user='Administrator') (task.local::scheduled_job::frappe.utils.global_search.sync_global_search)
2026-05-01 09:30:53,607 home-mahmoudtawfeek-task-manger:default: Job OK (task.local::scheduled_job::frappe.utils.global_search.sync_global_search)
2026-05-01 09:30:53,609 Result is kept for 600 seconds
2026-05-01 09:30:53,629 home-mahmoudtawfeek-task-manger:default: frappe.utils.background_jobs.execute_job(event=None, is_async=True, job_name='frappe.core.doctype.scheduled_job_type.scheduled_job_type.run_scheduled_jo..., kwargs={'job_type': 'frappe.model.utils.link_count.update_link_count'}, method='frappe.core.doctype.scheduled_job_type.scheduled_job_type.run_scheduled_jo..., site='task.local', user='Administrator') (task.local::scheduled_job::frappe.model.utils.link_count.update_link_count)
2026-05-01 09:30:54,083 home-mahmoudtawfeek-task-manger:default: Job OK (task.local::scheduled_job::frappe.model.utils.link_count.update_link_count)
2026-05-01 09:30:54,084 Result is kept for 600 seconds
2026-05-01 09:30:54,106 home-mahmoudtawfeek-task-manger:default: frappe.utils.background_jobs.execute_job(event=None, is_async=True, job_name='frappe.core.doctype.scheduled_job_type.scheduled_job_type.run_scheduled_jo..., kwargs={'job_type': 'frappe.deferred_insert.save_to_db'}, method='frappe.core.doctype.scheduled_job_type.scheduled_job_type.run_scheduled_jo..., site='task.local', user='Administrator') (task.local::scheduled_job::frappe.deferred_insert.save_to_db)
2026-05-01 09:30:54,506 home-mahmoudtawfeek-task-manger:default: Job OK (task.local::scheduled_job::frappe.deferred_insert.save_to_db)
2026-05-01 09:30:54,507 Result is kept for 600 seconds
2026-05-01 09:30:54,528 home-mahmoudtawfeek-task-manger:default: frappe.utils.background_jobs.execute_job(event=None, is_async=True, job_name='frappe.core.doctype.scheduled_job_type.scheduled_job_type.run_scheduled_jo..., kwargs={'job_type': 'frappe.search.sqlite_search.build_index_if_not_exists'}, method='frappe.core.doctype.scheduled_job_type.scheduled_job_type.run_scheduled_jo..., site='task.local', user='Administrator') (task.local::scheduled_job::frappe.search.sqlite_search.build_index_if_not_exists)
2026-05-01 09:30:54,856 home-mahmoudtawfeek-task-manger:default: Job OK (task.local::scheduled_job::frappe.search.sqlite_search.build_index_if_not_exists)
2026-05-01 09:30:54,856 Result is kept for 600 seconds
2026-05-01 09:30:54,864 home-mahmoudtawfeek-task-manger:default: frappe.utils.background_jobs.execute_job(event=None, is_async=True, job_name='frappe.core.doctype.scheduled_job_type.scheduled_job_type.run_scheduled_jo..., kwargs={'job_type': 'frappe.automation.doctype.reminder.reminder.send_reminders'}, method='frappe.core.doctype.scheduled_job_type.scheduled_job_type.run_scheduled_jo..., site='task.local', user='Administrator') (task.local::scheduled_job::frappe.automation.doctype.reminder.reminder.send_reminders)
2026-05-01 09:30:55,439 home-mahmoudtawfeek-task-manger:default: Job OK (task.local::scheduled_job::frappe.automation.doctype.reminder.reminder.send_reminders)
2026-05-01 09:30:55,440 Result is kept for 600 seconds
2026-05-01 09:31:49,702 home-mahmoudtawfeek-task-manger:default: frappe.utils.background_jobs.execute_job(event=None, is_async=True, job_name='frappe.core.doctype.scheduled_job_type.scheduled_job_type.run_scheduled_jo..., kwargs={'job_type': 'frappe.email.doctype.email_account.email_account.pull'}, method='frappe.core.doctype.scheduled_job_type.scheduled_job_type.run_scheduled_jo..., site='task.local', user='Administrator') (task.local::scheduled_job::frappe.email.doctype.email_account.email_account.pull)
2026-05-01 09:31:50,102 home-mahmoudtawfeek-task-manger:default: Job OK (task.local::scheduled_job::frappe.email.doctype.email_account.email_account.pull)
2026-05-01 09:31:50,103 Result is kept for 600 seconds
2026-05-01 09:32:49,903 home-mahmoudtawfeek-task-manger:default: frappe.utils.background_jobs.execute_job(event=None, is_async=True, job_name='frappe.core.doctype.scheduled_job_type.scheduled_job_type.run_scheduled_jo..., kwargs={'job_type': 'frappe.email.queue.flush'}, method='frappe.core.doctype.scheduled_job_type.scheduled_job_type.run_scheduled_jo..., site='task.local', user='Administrator') (task.local::scheduled_job::frappe.email.queue.flush)
2026-05-01 09:32:50,542 home-mahmoudtawfeek-task-manger:default: Job OK (task.local::scheduled_job::frappe.email.queue.flush)
2026-05-01 09:32:50,543 Result is kept for 600 seconds
2026-05-01 09:32:50,550 home-mahmoudtawfeek-task-manger:default: frappe.utils.background_jobs.execute_job(event=None, is_async=True, job_name='frappe.core.doctype.scheduled_job_type.scheduled_job_type.run_scheduled_jo..., kwargs={'job_type': 'frappe.monitor.flush'}, method='frappe.core.doctype.scheduled_job_type.scheduled_job_type.run_scheduled_jo..., site='task.local', user='Administrator') (task.local::scheduled_job::frappe.monitor.flush)
2026-05-01 09:32:50,814 home-mahmoudtawfeek-task-manger:default: Job OK (task.local::scheduled_job::frappe.monitor.flush)
2026-05-01 09:32:50,815 Result is kept for 600 seconds
2026-05-01 09:32:50,822 home-mahmoudtawfeek-task-manger:default: frappe.utils.background_jobs.execute_job(event=None, is_async=True, job_name='frappe.core.doctype.scheduled_job_type.scheduled_job_type.run_scheduled_jo..., kwargs={'job_type': 'frappe.integrations.doctype.google_calendar.google_calendar.s..., method='frappe.core.doctype.scheduled_job_type.scheduled_job_type.run_scheduled_jo..., site='task.local', user='Administrator') (task.local::scheduled_job::frappe.integrations.doctype.google_calendar.google_calendar.sync)
2026-05-01 09:32:51,464 home-mahmoudtawfeek-task-manger:default: Job OK (task.local::scheduled_job::frappe.integrations.doctype.google_calendar.google_calendar.sync)
2026-05-01 09:32:51,465 Result is kept for 600 seconds
2026-05-01 09:32:51,493 home-mahmoudtawfeek-task-manger:default: frappe.utils.background_jobs.execute_job(event=None, is_async=True, job_name='frappe.core.doctype.scheduled_job_type.scheduled_job_type.run_scheduled_jo..., kwargs={'job_type': 'frappe.email.queue.retry_sending_emails'}, method='frappe.core.doctype.scheduled_job_type.scheduled_job_type.run_scheduled_jo..., site='task.local', user='Administrator') (task.local::scheduled_job::frappe.email.queue.retry_sending_emails)
2026-05-01 09:32:51,998 home-mahmoudtawfeek-task-manger:default: Job OK (task.local::scheduled_job::frappe.email.queue.retry_sending_emails)
2026-05-01 09:32:51,999 Result is kept for 600 seconds
2026-05-01 09:36:50,723 home-mahmoudtawfeek-task-manger:default: frappe.utils.background_jobs.execute_job(event=None, is_async=True, job_name='frappe.core.doctype.scheduled_job_type.scheduled_job_type.run_scheduled_jo..., kwargs={'job_type': 'frappe.integrations.doctype.google_calendar.google_calendar.s..., method='frappe.core.doctype.scheduled_job_type.scheduled_job_type.run_scheduled_jo..., site='task.local', user='Administrator') (task.local::scheduled_job::frappe.integrations.doctype.google_calendar.google_calendar.sync)
2026-05-01 09:36:51,263 home-mahmoudtawfeek-task-manger:default: Job OK (task.local::scheduled_job::frappe.integrations.doctype.google_calendar.google_calendar.sync)
2026-05-01 09:36:51,264 Result is kept for 600 seconds
2026-05-01 09:36:51,271 home-mahmoudtawfeek-task-manger:default: frappe.utils.background_jobs.execute_job(event=None, is_async=True, job_name='frappe.core.doctype.scheduled_job_type.scheduled_job_type.run_scheduled_jo..., kwargs={'job_type': 'frappe.monitor.flush'}, method='frappe.core.doctype.scheduled_job_type.scheduled_job_type.run_scheduled_jo..., site='task.local', user='Administrator') (task.local::scheduled_job::frappe.monitor.flush)
2026-05-01 09:36:51,489 home-mahmoudtawfeek-task-manger:default: Job OK (task.local::scheduled_job::frappe.monitor.flush)
2026-05-01 09:36:51,490 Result is kept for 600 seconds
2026-05-01 09:36:51,510 home-mahmoudtawfeek-task-manger:default: frappe.utils.background_jobs.execute_job(event=None, is_async=True, job_name='frappe.core.doctype.scheduled_job_type.scheduled_job_type.run_scheduled_jo..., kwargs={'job_type': 'frappe.email.queue.retry_sending_emails'}, method='frappe.core.doctype.scheduled_job_type.scheduled_job_type.run_scheduled_jo..., site='task.local', user='Administrator') (task.local::scheduled_job::frappe.email.queue.retry_sending_emails)
2026-05-01 09:36:52,076 home-mahmoudtawfeek-task-manger:default: Job OK (task.local::scheduled_job::frappe.email.queue.retry_sending_emails)
2026-05-01 09:36:52,077 Result is kept for 600 seconds
2026-05-01 09:36:52,084 home-mahmoudtawfeek-task-manger:default: frappe.utils.background_jobs.execute_job(event=None, is_async=True, job_name='frappe.core.doctype.scheduled_job_type.scheduled_job_type.run_scheduled_jo..., kwargs={'job_type': 'frappe.email.queue.flush'}, method='frappe.core.doctype.scheduled_job_type.scheduled_job_type.run_scheduled_jo..., site='task.local', user='Administrator') (task.local::scheduled_job::frappe.email.queue.flush)
2026-05-01 09:36:52,597 home-mahmoudtawfeek-task-manger:default: Job OK (task.local::scheduled_job::frappe.email.queue.flush)
2026-05-01 09:36:52,597 Result is kept for 600 seconds
2026-05-01 09:40:51,805 home-mahmoudtawfeek-task-manger:default: frappe.utils.background_jobs.execute_job(event=None, is_async=True, job_name='frappe.core.doctype.scheduled_job_type.scheduled_job_type.run_scheduled_jo..., kwargs={'job_type': 'frappe.email.doctype.email_account.email_account.pull'}, method='frappe.core.doctype.scheduled_job_type.scheduled_job_type.run_scheduled_jo..., site='task.local', user='Administrator') (task.local::scheduled_job::frappe.email.doctype.email_account.email_account.pull)
2026-05-01 09:40:52,493 home-mahmoudtawfeek-task-manger:default: Job OK (task.local::scheduled_job::frappe.email.doctype.email_account.email_account.pull)
2026-05-01 09:40:52,494 Result is kept for 600 seconds
2026-05-01 09:40:52,513 home-mahmoudtawfeek-task-manger:default: frappe.utils.background_jobs.execute_job(event=None, is_async=True, job_name='frappe.core.doctype.scheduled_job_type.scheduled_job_type.run_scheduled_jo..., kwargs={'job_type': 'frappe.integrations.doctype.google_calendar.google_calendar.s..., method='frappe.core.doctype.scheduled_job_type.scheduled_job_type.run_scheduled_jo..., site='task.local', user='Administrator') (task.local::scheduled_job::frappe.integrations.doctype.google_calendar.google_calendar.sync)
2026-05-01 09:40:53,562 home-mahmoudtawfeek-task-manger:default: Job OK (task.local::scheduled_job::frappe.integrations.doctype.google_calendar.google_calendar.sync)
2026-05-01 09:40:53,562 Result is kept for 600 seconds
2026-05-01 09:40:53,571 home-mahmoudtawfeek-task-manger:default: frappe.utils.background_jobs.execute_job(event=None, is_async=True, job_name='frappe.core.doctype.scheduled_job_type.scheduled_job_type.run_scheduled_jo..., kwargs={'job_type': 'frappe.email.queue.retry_sending_emails'}, method='frappe.core.doctype.scheduled_job_type.scheduled_job_type.run_scheduled_jo..., site='task.local', user='Administrator') (task.local::scheduled_job::frappe.email.queue.retry_sending_emails)
2026-05-01 09:40:54,340 home-mahmoudtawfeek-task-manger:default: Job OK (task.local::scheduled_job::frappe.email.queue.retry_sending_emails)
2026-05-01 09:40:54,341 Result is kept for 600 seconds
2026-05-01 09:40:54,357 home-mahmoudtawfeek-task-manger:default: frappe.utils.background_jobs.execute_job(event=None, is_async=True, job_name='frappe.core.doctype.scheduled_job_type.scheduled_job_type.run_scheduled_jo..., kwargs={'job_type': 'frappe.monitor.flush'}, method='frappe.core.doctype.scheduled_job_type.scheduled_job_type.run_scheduled_jo..., site='task.local', user='Administrator') (task.local::scheduled_job::frappe.monitor.flush)
2026-05-01 09:40:54,701 home-mahmoudtawfeek-task-manger:default: Job OK (task.local::scheduled_job::frappe.monitor.flush)
2026-05-01 09:40:54,701 Result is kept for 600 seconds
2026-05-01 09:40:54,708 home-mahmoudtawfeek-task-manger:default: frappe.utils.background_jobs.execute_job(event=None, is_async=True, job_name='frappe.core.doctype.scheduled_job_type.scheduled_job_type.run_scheduled_jo..., kwargs={'job_type': 'frappe.email.queue.flush'}, method='frappe.core.doctype.scheduled_job_type.scheduled_job_type.run_scheduled_jo..., site='task.local', user='Administrator') (task.local::scheduled_job::frappe.email.queue.flush)
2026-05-01 09:40:55,726 home-mahmoudtawfeek-task-manger:default: Job OK (task.local::scheduled_job::frappe.email.queue.flush)
2026-05-01 09:40:55,726 Result is kept for 600 seconds
2026-05-01 09:44:52,677 home-mahmoudtawfeek-task-manger:default: frappe.utils.background_jobs.execute_job(event=None, is_async=True, job_name='frappe.core.doctype.scheduled_job_type.scheduled_job_type.run_scheduled_jo..., kwargs={'job_type': 'frappe.email.queue.flush'}, method='frappe.core.doctype.scheduled_job_type.scheduled_job_type.run_scheduled_jo..., site='task.local', user='Administrator') (task.local::scheduled_job::frappe.email.queue.flush)
2026-05-01 09:44:53,296 home-mahmoudtawfeek-task-manger:default: Job OK (task.local::scheduled_job::frappe.email.queue.flush)
2026-05-01 09:44:53,296 Result is kept for 600 seconds
2026-05-01 09:44:53,304 home-mahmoudtawfeek-task-manger:default: frappe.utils.background_jobs.execute_job(event=None, is_async=True, job_name='frappe.core.doctype.scheduled_job_type.scheduled_job_type.run_scheduled_jo..., kwargs={'job_type': 'frappe.monitor.flush'}, method='frappe.core.doctype.scheduled_job_type.scheduled_job_type.run_scheduled_jo..., site='task.local', user='Administrator') (task.local::scheduled_job::frappe.monitor.flush)
2026-05-01 09:44:53,529 home-mahmoudtawfeek-task-manger:default: Job OK (task.local::scheduled_job::frappe.monitor.flush)
2026-05-01 09:44:53,529 Result is kept for 600 seconds
2026-05-01 09:44:53,536 home-mahmoudtawfeek-task-manger:default: frappe.utils.background_jobs.execute_job(event=None, is_async=True, job_name='frappe.core.doctype.scheduled_job_type.scheduled_job_type.run_scheduled_jo..., kwargs={'job_type': 'frappe.email.queue.retry_sending_emails'}, method='frappe.core.doctype.scheduled_job_type.scheduled_job_type.run_scheduled_jo..., site='task.local', user='Administrator') (task.local::scheduled_job::frappe.email.queue.retry_sending_emails)
2026-05-01 09:44:54,038 home-mahmoudtawfeek-task-manger:default: Job OK (task.local::scheduled_job::frappe.email.queue.retry_sending_emails)
2026-05-01 09:44:54,039 Result is kept for 600 seconds
2026-05-01 09:44:54,050 home-mahmoudtawfeek-task-manger:default: frappe.utils.background_jobs.execute_job(event=None, is_async=True, job_name='frappe.core.doctype.scheduled_job_type.scheduled_job_type.run_scheduled_jo..., kwargs={'job_type': 'frappe.integrations.doctype.google_calendar.google_calendar.s..., method='frappe.core.doctype.scheduled_job_type.scheduled_job_type.run_scheduled_jo..., site='task.local', user='Administrator') (task.local::scheduled_job::frappe.integrations.doctype.google_calendar.google_calendar.sync)
2026-05-01 09:44:54,546 home-mahmoudtawfeek-task-manger:default: Job OK (task.local::scheduled_job::frappe.integrations.doctype.google_calendar.google_calendar.sync)
2026-05-01 09:44:54,546 Result is kept for 600 seconds
2026-05-01 09:45:52,852 home-mahmoudtawfeek-task-manger:default: frappe.utils.background_jobs.execute_job(event=None, is_async=True, job_name='frappe.core.doctype.scheduled_job_type.scheduled_job_type.run_scheduled_jo..., kwargs={'job_type': 'frappe.utils.telemetry.pulse.client.send_queued_events'}, method='frappe.core.doctype.scheduled_job_type.scheduled_job_type.run_scheduled_jo..., site='task.local', user='Administrator') (task.local::scheduled_job::frappe.utils.telemetry.pulse.client.send_queued_events)
2026-05-01 09:45:53,648 home-mahmoudtawfeek-task-manger:default: Job OK (task.local::scheduled_job::frappe.utils.telemetry.pulse.client.send_queued_events)
2026-05-01 09:45:53,649 Result is kept for 600 seconds
2026-05-01 09:45:53,661 home-mahmoudtawfeek-task-manger:default: frappe.utils.background_jobs.execute_job(event=None, is_async=True, job_name='frappe.core.doctype.scheduled_job_type.scheduled_job_type.run_scheduled_jo..., kwargs={'job_type': 'frappe.deferred_insert.save_to_db'}, method='frappe.core.doctype.scheduled_job_type.scheduled_job_type.run_scheduled_jo..., site='task.local', user='Administrator') (task.local::scheduled_job::frappe.deferred_insert.save_to_db)
2026-05-01 09:45:54,105 home-mahmoudtawfeek-task-manger:default: Job OK (task.local::scheduled_job::frappe.deferred_insert.save_to_db)
2026-05-01 09:45:54,105 Result is kept for 600 seconds
2026-05-01 09:45:54,121 home-mahmoudtawfeek-task-manger:default: frappe.utils.background_jobs.execute_job(event=None, is_async=True, job_name='frappe.core.doctype.scheduled_job_type.scheduled_job_type.run_scheduled_jo..., kwargs={'job_type': 'erpnext.manufacturing.doctype.bom_update_log.bom_update_log.r..., method='frappe.core.doctype.scheduled_job_type.scheduled_job_type.run_scheduled_jo..., site='task.local', user='Administrator') (task.local::scheduled_job::erpnext.manufacturing.doctype.bom_update_log.bom_update_log.resume_bom_cost_update_jobs)
2026-05-01 09:45:54,593 home-mahmoudtawfeek-task-manger:default: Job OK (task.local::scheduled_job::erpnext.manufacturing.doctype.bom_update_log.bom_update_log.resume_bom_cost_update_jobs)
2026-05-01 09:45:54,593 Result is kept for 600 seconds
2026-05-01 09:45:54,600 home-mahmoudtawfeek-task-manger:default: frappe.utils.background_jobs.execute_job(event=None, is_async=True, job_name='frappe.core.doctype.scheduled_job_type.scheduled_job_type.run_scheduled_jo..., kwargs={'job_type': 'frappe.utils.global_search.sync_global_search'}, method='frappe.core.doctype.scheduled_job_type.scheduled_job_type.run_scheduled_jo..., site='task.local', user='Administrator') (task.local::scheduled_job::frappe.utils.global_search.sync_global_search)
2026-05-01 09:45:54,927 home-mahmoudtawfeek-task-manger:default: Job OK (task.local::scheduled_job::frappe.utils.global_search.sync_global_search)
2026-05-01 09:45:54,927 Result is kept for 600 seconds
2026-05-01 09:45:54,943 home-mahmoudtawfeek-task-manger:default: frappe.utils.background_jobs.execute_job(event=None, is_async=True, job_name='frappe.core.doctype.scheduled_job_type.scheduled_job_type.run_scheduled_jo..., kwargs={'job_type': 'frappe.search.sqlite_search.build_index_if_not_exists'}, method='frappe.core.doctype.scheduled_job_type.scheduled_job_type.run_scheduled_jo..., site='task.local', user='Administrator') (task.local::scheduled_job::frappe.search.sqlite_search.build_index_if_not_exists)
2026-05-01 09:45:55,305 home-mahmoudtawfeek-task-manger:default: Job OK (task.local::scheduled_job::frappe.search.sqlite_search.build_index_if_not_exists)
2026-05-01 09:45:55,306 Result is kept for 600 seconds
2026-05-01 09:45:55,332 home-mahmoudtawfeek-task-manger:default: frappe.utils.background_jobs.execute_job(event=None, is_async=True, job_name='frappe.core.doctype.scheduled_job_type.scheduled_job_type.run_scheduled_jo..., kwargs={'job_type': 'frappe.model.utils.link_count.update_link_count'}, method='frappe.core.doctype.scheduled_job_type.scheduled_job_type.run_scheduled_jo..., site='task.local', user='Administrator') (task.local::scheduled_job::frappe.model.utils.link_count.update_link_count)
2026-05-01 09:45:55,717 home-mahmoudtawfeek-task-manger:default: Job OK (task.local::scheduled_job::frappe.model.utils.link_count.update_link_count)
2026-05-01 09:45:55,717 Result is kept for 600 seconds
2026-05-01 09:45:55,725 home-mahmoudtawfeek-task-manger:default: frappe.utils.background_jobs.execute_job(event=None, is_async=True, job_name='frappe.core.doctype.scheduled_job_type.scheduled_job_type.run_scheduled_jo..., kwargs={'job_type': 'frappe.email.doctype.email_account.email_account.notify_unrep..., method='frappe.core.doctype.scheduled_job_type.scheduled_job_type.run_scheduled_jo..., site='task.local', user='Administrator') (task.local::scheduled_job::frappe.email.doctype.email_account.email_account.notify_unreplied)
2026-05-01 09:45:56,065 home-mahmoudtawfeek-task-manger:default: Job OK (task.local::scheduled_job::frappe.email.doctype.email_account.email_account.notify_unreplied)
2026-05-01 09:45:56,065 Result is kept for 600 seconds
2026-05-01 09:45:56,072 home-mahmoudtawfeek-task-manger:default: frappe.utils.background_jobs.execute_job(event=None, is_async=True, job_name='frappe.core.doctype.scheduled_job_type.scheduled_job_type.run_scheduled_jo..., kwargs={'job_type': 'frappe.automation.doctype.reminder.reminder.send_reminders'}, method='frappe.core.doctype.scheduled_job_type.scheduled_job_type.run_scheduled_jo..., site='task.local', user='Administrator') (task.local::scheduled_job::frappe.automation.doctype.reminder.reminder.send_reminders)
2026-05-01 09:45:56,441 home-mahmoudtawfeek-task-manger:default: Job OK (task.local::scheduled_job::frappe.automation.doctype.reminder.reminder.send_reminders)
2026-05-01 09:45:56,442 Result is kept for 600 seconds
2026-05-01 09:48:53,658 home-mahmoudtawfeek-task-manger:default: frappe.utils.background_jobs.execute_job(event=None, is_async=True, job_name='frappe.core.doctype.scheduled_job_type.scheduled_job_type.run_scheduled_jo..., kwargs={'job_type': 'frappe.monitor.flush'}, method='frappe.core.doctype.scheduled_job_type.scheduled_job_type.run_scheduled_jo..., site='task.local', user='Administrator') (task.local::scheduled_job::frappe.monitor.flush)
2026-05-01 09:48:54,090 home-mahmoudtawfeek-task-manger:default: Job OK (task.local::scheduled_job::frappe.monitor.flush)
2026-05-01 09:48:54,091 Result is kept for 600 seconds
2026-05-01 09:48:54,136 home-mahmoudtawfeek-task-manger:default: frappe.utils.background_jobs.execute_job(event=None, is_async=True, job_name='frappe.core.doctype.scheduled_job_type.scheduled_job_type.run_scheduled_jo..., kwargs={'job_type': 'frappe.email.queue.retry_sending_emails'}, method='frappe.core.doctype.scheduled_job_type.scheduled_job_type.run_scheduled_jo..., site='task.local', user='Administrator') (task.local::scheduled_job::frappe.email.queue.retry_sending_emails)
2026-05-01 09:48:54,664 home-mahmoudtawfeek-task-manger:default: Job OK (task.local::scheduled_job::frappe.email.queue.retry_sending_emails)
2026-05-01 09:48:54,664 Result is kept for 600 seconds
2026-05-01 09:48:54,673 home-mahmoudtawfeek-task-manger:default: frappe.utils.background_jobs.execute_job(event=None, is_async=True, job_name='frappe.core.doctype.scheduled_job_type.scheduled_job_type.run_scheduled_jo..., kwargs={'job_type': 'frappe.email.queue.flush'}, method='frappe.core.doctype.scheduled_job_type.scheduled_job_type.run_scheduled_jo..., site='task.local', user='Administrator') (task.local::scheduled_job::frappe.email.queue.flush)
2026-05-01 09:48:55,173 home-mahmoudtawfeek-task-manger:default: Job OK (task.local::scheduled_job::frappe.email.queue.flush)
2026-05-01 09:48:55,173 Result is kept for 600 seconds
2026-05-01 09:48:55,181 home-mahmoudtawfeek-task-manger:default: frappe.utils.background_jobs.execute_job(event=None, is_async=True, job_name='frappe.core.doctype.scheduled_job_type.scheduled_job_type.run_scheduled_jo..., kwargs={'job_type': 'frappe.integrations.doctype.google_calendar.google_calendar.s..., method='frappe.core.doctype.scheduled_job_type.scheduled_job_type.run_scheduled_jo..., site='task.local', user='Administrator') (task.local::scheduled_job::frappe.integrations.doctype.google_calendar.google_calendar.sync)
2026-05-01 09:48:55,634 home-mahmoudtawfeek-task-manger:default: Job OK (task.local::scheduled_job::frappe.integrations.doctype.google_calendar.google_calendar.sync)
2026-05-01 09:48:55,634 Result is kept for 600 seconds
2026-05-01 09:50:54,178 home-mahmoudtawfeek-task-manger:default: frappe.utils.background_jobs.execute_job(event=None, is_async=True, job_name='frappe.core.doctype.scheduled_job_type.scheduled_job_type.run_scheduled_jo..., kwargs={'job_type': 'frappe.email.doctype.email_account.email_account.pull'}, method='frappe.core.doctype.scheduled_job_type.scheduled_job_type.run_scheduled_jo..., site='task.local', user='Administrator') (task.local::scheduled_job::frappe.email.doctype.email_account.email_account.pull)
2026-05-01 09:50:54,751 home-mahmoudtawfeek-task-manger:default: Job OK (task.local::scheduled_job::frappe.email.doctype.email_account.email_account.pull)
2026-05-01 09:50:54,751 Result is kept for 600 seconds
2026-05-01 09:50:54,758 Cleaning registries for queue: home-mahmoudtawfeek-task-manger:short
2026-05-01 09:50:54,761 Cleaning registries for queue: home-mahmoudtawfeek-task-manger:default
2026-05-01 09:50:54,764 Cleaning registries for queue: home-mahmoudtawfeek-task-manger:long
2026-05-01 09:52:54,597 home-mahmoudtawfeek-task-manger:default: frappe.utils.background_jobs.execute_job(event=None, is_async=True, job_name='frappe.core.doctype.scheduled_job_type.scheduled_job_type.run_scheduled_jo..., kwargs={'job_type': 'frappe.email.queue.flush'}, method='frappe.core.doctype.scheduled_job_type.scheduled_job_type.run_scheduled_jo..., site='task.local', user='Administrator') (task.local::scheduled_job::frappe.email.queue.flush)
2026-05-01 09:52:55,153 home-mahmoudtawfeek-task-manger:default: Job OK (task.local::scheduled_job::frappe.email.queue.flush)
2026-05-01 09:52:55,153 Result is kept for 600 seconds
2026-05-01 09:52:55,162 home-mahmoudtawfeek-task-manger:default: frappe.utils.background_jobs.execute_job(event=None, is_async=True, job_name='frappe.core.doctype.scheduled_job_type.scheduled_job_type.run_scheduled_jo..., kwargs={'job_type': 'frappe.monitor.flush'}, method='frappe.core.doctype.scheduled_job_type.scheduled_job_type.run_scheduled_jo..., site='task.local', user='Administrator') (task.local::scheduled_job::frappe.monitor.flush)
2026-05-01 09:52:55,475 home-mahmoudtawfeek-task-manger:default: Job OK (task.local::scheduled_job::frappe.monitor.flush)
2026-05-01 09:52:55,476 Result is kept for 600 seconds
2026-05-01 09:52:55,503 home-mahmoudtawfeek-task-manger:default: frappe.utils.background_jobs.execute_job(event=None, is_async=True, job_name='frappe.core.doctype.scheduled_job_type.scheduled_job_type.run_scheduled_jo..., kwargs={'job_type': 'frappe.email.queue.retry_sending_emails'}, method='frappe.core.doctype.scheduled_job_type.scheduled_job_type.run_scheduled_jo..., site='task.local', user='Administrator') (task.local::scheduled_job::frappe.email.queue.retry_sending_emails)
2026-05-01 09:52:56,120 home-mahmoudtawfeek-task-manger:default: Job OK (task.local::scheduled_job::frappe.email.queue.retry_sending_emails)
2026-05-01 09:52:56,120 Result is kept for 600 seconds
2026-05-01 09:52:56,128 home-mahmoudtawfeek-task-manger:default: frappe.utils.background_jobs.execute_job(event=None, is_async=True, job_name='frappe.core.doctype.scheduled_job_type.scheduled_job_type.run_scheduled_jo..., kwargs={'job_type': 'frappe.integrations.doctype.google_calendar.google_calendar.s..., method='frappe.core.doctype.scheduled_job_type.scheduled_job_type.run_scheduled_jo..., site='task.local', user='Administrator') (task.local::scheduled_job::frappe.integrations.doctype.google_calendar.google_calendar.sync)
2026-05-01 09:52:56,675 home-mahmoudtawfeek-task-manger:default: Job OK (task.local::scheduled_job::frappe.integrations.doctype.google_calendar.google_calendar.sync)
2026-05-01 09:52:56,675 Result is kept for 600 seconds
2026-05-01 09:56:55,600 home-mahmoudtawfeek-task-manger:default: frappe.utils.background_jobs.execute_job(event=None, is_async=True, job_name='frappe.core.doctype.scheduled_job_type.scheduled_job_type.run_scheduled_jo..., kwargs={'job_type': 'frappe.email.queue.flush'}, method='frappe.core.doctype.scheduled_job_type.scheduled_job_type.run_scheduled_jo..., site='task.local', user='Administrator') (task.local::scheduled_job::frappe.email.queue.flush)
2026-05-01 09:56:56,260 home-mahmoudtawfeek-task-manger:default: Job OK (task.local::scheduled_job::frappe.email.queue.flush)
2026-05-01 09:56:56,260 Result is kept for 600 seconds
2026-05-01 09:56:56,268 home-mahmoudtawfeek-task-manger:default: frappe.utils.background_jobs.execute_job(event=None, is_async=True, job_name='frappe.core.doctype.scheduled_job_type.scheduled_job_type.run_scheduled_jo..., kwargs={'job_type': 'frappe.monitor.flush'}, method='frappe.core.doctype.scheduled_job_type.scheduled_job_type.run_scheduled_jo..., site='task.local', user='Administrator') (task.local::scheduled_job::frappe.monitor.flush)
2026-05-01 09:56:56,498 home-mahmoudtawfeek-task-manger:default: Job OK (task.local::scheduled_job::frappe.monitor.flush)
2026-05-01 09:56:56,498 Result is kept for 600 seconds
2026-05-01 09:56:56,506 home-mahmoudtawfeek-task-manger:default: frappe.utils.background_jobs.execute_job(event=None, is_async=True, job_name='frappe.core.doctype.scheduled_job_type.scheduled_job_type.run_scheduled_jo..., kwargs={'job_type': 'frappe.integrations.doctype.google_calendar.google_calendar.s..., method='frappe.core.doctype.scheduled_job_type.scheduled_job_type.run_scheduled_jo..., site='task.local', user='Administrator') (task.local::scheduled_job::frappe.integrations.doctype.google_calendar.google_calendar.sync)
2026-05-01 09:56:57,012 home-mahmoudtawfeek-task-manger:default: Job OK (task.local::scheduled_job::frappe.integrations.doctype.google_calendar.google_calendar.sync)
2026-05-01 09:56:57,012 Result is kept for 600 seconds
2026-05-01 09:56:57,019 home-mahmoudtawfeek-task-manger:default: frappe.utils.background_jobs.execute_job(event=None, is_async=True, job_name='frappe.core.doctype.scheduled_job_type.scheduled_job_type.run_scheduled_jo..., kwargs={'job_type': 'frappe.email.queue.retry_sending_emails'}, method='frappe.core.doctype.scheduled_job_type.scheduled_job_type.run_scheduled_jo..., site='task.local', user='Administrator') (task.local::scheduled_job::frappe.email.queue.retry_sending_emails)
2026-05-01 09:56:57,742 home-mahmoudtawfeek-task-manger:default: Job OK (task.local::scheduled_job::frappe.email.queue.retry_sending_emails)
2026-05-01 09:56:57,742 Result is kept for 600 seconds
2026-05-01 10:00:56,630 home-mahmoudtawfeek-task-manger:default: frappe.utils.background_jobs.execute_job(event=None, is_async=True, job_name='frappe.core.doctype.scheduled_job_type.scheduled_job_type.run_scheduled_jo..., kwargs={'job_type': 'frappe.email.doctype.email_account.email_account.pull'}, method='frappe.core.doctype.scheduled_job_type.scheduled_job_type.run_scheduled_jo..., site='task.local', user='Administrator') (task.local::scheduled_job::frappe.email.doctype.email_account.email_account.pull)
2026-05-01 10:00:57,142 home-mahmoudtawfeek-task-manger:default: Job OK (task.local::scheduled_job::frappe.email.doctype.email_account.email_account.pull)
2026-05-01 10:00:57,142 Result is kept for 600 seconds
2026-05-01 10:00:57,152 home-mahmoudtawfeek-task-manger:default: frappe.utils.background_jobs.execute_job(event=None, is_async=True, job_name='frappe.core.doctype.scheduled_job_type.scheduled_job_type.run_scheduled_jo..., kwargs={'job_type': 'frappe.email.doctype.email_account.email_account.notify_unrep..., method='frappe.core.doctype.scheduled_job_type.scheduled_job_type.run_scheduled_jo..., site='task.local', user='Administrator') (task.local::scheduled_job::frappe.email.doctype.email_account.email_account.notify_unreplied)
2026-05-01 10:00:57,563 home-mahmoudtawfeek-task-manger:default: Job OK (task.local::scheduled_job::frappe.email.doctype.email_account.email_account.notify_unreplied)
2026-05-01 10:00:57,563 Result is kept for 600 seconds
2026-05-01 10:00:57,577 home-mahmoudtawfeek-task-manger:default: frappe.utils.background_jobs.execute_job(event=None, is_async=True, job_name='frappe.core.doctype.scheduled_job_type.scheduled_job_type.run_scheduled_jo..., kwargs={'job_type': 'frappe.email.queue.retry_sending_emails'}, method='frappe.core.doctype.scheduled_job_type.scheduled_job_type.run_scheduled_jo..., site='task.local', user='Administrator') (task.local::scheduled_job::frappe.email.queue.retry_sending_emails)
2026-05-01 10:00:58,182 home-mahmoudtawfeek-task-manger:default: Job OK (task.local::scheduled_job::frappe.email.queue.retry_sending_emails)
2026-05-01 10:00:58,183 Result is kept for 600 seconds
2026-05-01 10:00:58,190 home-mahmoudtawfeek-task-manger:default: frappe.utils.background_jobs.execute_job(event=None, is_async=True, job_name='frappe.core.doctype.scheduled_job_type.scheduled_job_type.run_scheduled_jo..., kwargs={'job_type': 'frappe.email.doctype.newsletter.newsletter.send_scheduled_ema..., method='frappe.core.doctype.scheduled_job_type.scheduled_job_type.run_scheduled_jo..., site='task.local', user='Administrator') (task.local::scheduled_job::frappe.email.doctype.newsletter.newsletter.send_scheduled_email)
2026-05-01 10:00:58,926 home-mahmoudtawfeek-task-manger:default: Job OK (task.local::scheduled_job::frappe.email.doctype.newsletter.newsletter.send_scheduled_email)
2026-05-01 10:00:58,927 Result is kept for 600 seconds
2026-05-01 10:00:58,938 home-mahmoudtawfeek-task-manger:default: frappe.utils.background_jobs.execute_job(event=None, is_async=True, job_name='frappe.core.doctype.scheduled_job_type.scheduled_job_type.run_scheduled_jo..., kwargs={'job_type': 'erpnext.projects.doctype.project.project.hourly_reminder'}, method='frappe.core.doctype.scheduled_job_type.scheduled_job_type.run_scheduled_jo..., site='task.local', user='Administrator') (task.local::scheduled_job::erpnext.projects.doctype.project.project.hourly_reminder)
2026-05-01 10:01:00,917 home-mahmoudtawfeek-task-manger:default: Job OK (task.local::scheduled_job::erpnext.projects.doctype.project.project.hourly_reminder)
2026-05-01 10:01:00,917 Result is kept for 600 seconds
2026-05-01 10:01:00,926 home-mahmoudtawfeek-task-manger:default: frappe.utils.background_jobs.execute_job(event=None, is_async=True, job_name='frappe.core.doctype.scheduled_job_type.scheduled_job_type.run_scheduled_jo..., kwargs={'job_type': 'frappe.utils.global_search.sync_global_search'}, method='frappe.core.doctype.scheduled_job_type.scheduled_job_type.run_scheduled_jo..., site='task.local', user='Administrator') (task.local::scheduled_job::frappe.utils.global_search.sync_global_search)
2026-05-01 10:01:01,236 home-mahmoudtawfeek-task-manger:default: Job OK (task.local::scheduled_job::frappe.utils.global_search.sync_global_search)
2026-05-01 10:01:01,236 Result is kept for 600 seconds
2026-05-01 10:01:01,245 home-mahmoudtawfeek-task-manger:default: frappe.utils.background_jobs.execute_job(event=None, is_async=True, job_name='frappe.core.doctype.scheduled_job_type.scheduled_job_type.run_scheduled_jo..., kwargs={'job_type': 'frappe.integrations.doctype.google_calendar.google_calendar.s..., method='frappe.core.doctype.scheduled_job_type.scheduled_job_type.run_scheduled_jo..., site='task.local', user='Administrator') (task.local::scheduled_job::frappe.integrations.doctype.google_calendar.google_calendar.sync)
2026-05-01 10:01:01,791 home-mahmoudtawfeek-task-manger:default: Job OK (task.local::scheduled_job::frappe.integrations.doctype.google_calendar.google_calendar.sync)
2026-05-01 10:01:01,792 Result is kept for 600 seconds
2026-05-01 10:01:01,802 home-mahmoudtawfeek-task-manger:default: frappe.utils.background_jobs.execute_job(event=None, is_async=True, job_name='frappe.core.doctype.scheduled_job_type.scheduled_job_type.run_scheduled_jo..., kwargs={'job_type': 'frappe.deferred_insert.save_to_db'}, method='frappe.core.doctype.scheduled_job_type.scheduled_job_type.run_scheduled_jo..., site='task.local', user='Administrator') (task.local::scheduled_job::frappe.deferred_insert.save_to_db)
2026-05-01 10:01:02,148 home-mahmoudtawfeek-task-manger:default: Job OK (task.local::scheduled_job::frappe.deferred_insert.save_to_db)
2026-05-01 10:01:02,149 Result is kept for 600 seconds
2026-05-01 10:01:02,170 home-mahmoudtawfeek-task-manger:default: frappe.utils.background_jobs.execute_job(event=None, is_async=True, job_name='frappe.core.doctype.scheduled_job_type.scheduled_job_type.run_scheduled_jo..., kwargs={'job_type': 'frappe.search.sqlite_search.build_index_if_not_exists'}, method='frappe.core.doctype.scheduled_job_type.scheduled_job_type.run_scheduled_jo..., site='task.local', user='Administrator') (task.local::scheduled_job::frappe.search.sqlite_search.build_index_if_not_exists)
2026-05-01 10:01:02,529 home-mahmoudtawfeek-task-manger:default: Job OK (task.local::scheduled_job::frappe.search.sqlite_search.build_index_if_not_exists)
2026-05-01 10:01:02,529 Result is kept for 600 seconds
2026-05-01 10:01:02,536 home-mahmoudtawfeek-task-manger:default: frappe.utils.background_jobs.execute_job(event=None, is_async=True, job_name='frappe.core.doctype.scheduled_job_type.scheduled_job_type.run_scheduled_jo..., kwargs={'job_type': 'frappe.monitor.flush'}, method='frappe.core.doctype.scheduled_job_type.scheduled_job_type.run_scheduled_jo..., site='task.local', user='Administrator') (task.local::scheduled_job::frappe.monitor.flush)
2026-05-01 10:01:02,771 home-mahmoudtawfeek-task-manger:default: Job OK (task.local::scheduled_job::frappe.monitor.flush)
2026-05-01 10:01:02,771 Result is kept for 600 seconds
2026-05-01 10:01:02,778 home-mahmoudtawfeek-task-manger:default: frappe.utils.background_jobs.execute_job(event=None, is_async=True, job_name='frappe.core.doctype.scheduled_job_type.scheduled_job_type.run_scheduled_jo..., kwargs={'job_type': 'frappe.email.queue.flush'}, method='frappe.core.doctype.scheduled_job_type.scheduled_job_type.run_scheduled_jo..., site='task.local', user='Administrator') (task.local::scheduled_job::frappe.email.queue.flush)
2026-05-01 10:01:03,429 home-mahmoudtawfeek-task-manger:default: Job OK (task.local::scheduled_job::frappe.email.queue.flush)
2026-05-01 10:01:03,430 Result is kept for 600 seconds
2026-05-01 10:01:03,437 home-mahmoudtawfeek-task-manger:default: frappe.utils.background_jobs.execute_job(event=None, is_async=True, job_name='frappe.core.doctype.scheduled_job_type.scheduled_job_type.run_scheduled_jo..., kwargs={'job_type': 'frappe.automation.doctype.reminder.reminder.send_reminders'}, method='frappe.core.doctype.scheduled_job_type.scheduled_job_type.run_scheduled_jo..., site='task.local', user='Administrator') (task.local::scheduled_job::frappe.automation.doctype.reminder.reminder.send_reminders)
2026-05-01 10:01:03,866 home-mahmoudtawfeek-task-manger:default: Job OK (task.local::scheduled_job::frappe.automation.doctype.reminder.reminder.send_reminders)
2026-05-01 10:01:03,867 Result is kept for 600 seconds
2026-05-01 10:01:03,893 home-mahmoudtawfeek-task-manger:default: frappe.utils.background_jobs.execute_job(event=None, is_async=True, job_name='frappe.core.doctype.scheduled_job_type.scheduled_job_type.run_scheduled_jo..., kwargs={'job_type': 'frappe.model.utils.link_count.update_link_count'}, method='frappe.core.doctype.scheduled_job_type.scheduled_job_type.run_scheduled_jo..., site='task.local', user='Administrator') (task.local::scheduled_job::frappe.model.utils.link_count.update_link_count)
2026-05-01 10:01:04,393 home-mahmoudtawfeek-task-manger:default: Job OK (task.local::scheduled_job::frappe.model.utils.link_count.update_link_count)
2026-05-01 10:01:04,393 Result is kept for 600 seconds
2026-05-01 10:01:04,407 home-mahmoudtawfeek-task-manger:default: frappe.utils.background_jobs.execute_job(event=None, is_async=True, job_name='frappe.core.doctype.scheduled_job_type.scheduled_job_type.run_scheduled_jo..., kwargs={'job_type': 'frappe.utils.telemetry.pulse.client.send_queued_events'}, method='frappe.core.doctype.scheduled_job_type.scheduled_job_type.run_scheduled_jo..., site='task.local', user='Administrator') (task.local::scheduled_job::frappe.utils.telemetry.pulse.client.send_queued_events)
2026-05-01 10:01:04,791 home-mahmoudtawfeek-task-manger:default: Job OK (task.local::scheduled_job::frappe.utils.telemetry.pulse.client.send_queued_events)
2026-05-01 10:01:04,791 Result is kept for 600 seconds
2026-05-01 10:01:04,798 home-mahmoudtawfeek-task-manger:default: frappe.utils.background_jobs.execute_job(event=None, is_async=True, job_name='frappe.core.doctype.scheduled_job_type.scheduled_job_type.run_scheduled_jo..., kwargs={'job_type': 'erpnext.manufacturing.doctype.bom_update_log.bom_update_log.r..., method='frappe.core.doctype.scheduled_job_type.scheduled_job_type.run_scheduled_jo..., site='task.local', user='Administrator') (task.local::scheduled_job::erpnext.manufacturing.doctype.bom_update_log.bom_update_log.resume_bom_cost_update_jobs)
2026-05-01 10:01:05,350 home-mahmoudtawfeek-task-manger:default: Job OK (task.local::scheduled_job::erpnext.manufacturing.doctype.bom_update_log.bom_update_log.resume_bom_cost_update_jobs)
2026-05-01 10:01:05,350 Result is kept for 600 seconds
2026-05-01 10:01:05,357 home-mahmoudtawfeek-task-manger:long: frappe.utils.background_jobs.execute_job(event=None, is_async=True, job_name='frappe.core.doctype.scheduled_job_type.scheduled_job_type.run_scheduled_jo..., kwargs={'job_type': 'frappe.website.doctype.personal_data_deletion_request.persona..., method='frappe.core.doctype.scheduled_job_type.scheduled_job_type.run_scheduled_jo..., site='task.local', user='Administrator') (task.local::scheduled_job::frappe.website.doctype.personal_data_deletion_request.personal_data_deletion_request.process_data_deletion_request)
2026-05-01 10:01:05,975 home-mahmoudtawfeek-task-manger:long: Job OK (task.local::scheduled_job::frappe.website.doctype.personal_data_deletion_request.personal_data_deletion_request.process_data_deletion_request)
2026-05-01 10:01:05,976 Result is kept for 600 seconds
2026-05-01 10:01:05,983 home-mahmoudtawfeek-task-manger:long: frappe.utils.background_jobs.execute_job(event=None, is_async=True, job_name='frappe.core.doctype.scheduled_job_type.scheduled_job_type.run_scheduled_jo..., kwargs={'job_type': 'erpnext.utilities.bulk_transaction.retry'}, method='frappe.core.doctype.scheduled_job_type.scheduled_job_type.run_scheduled_jo..., site='task.local', user='Administrator') (task.local::scheduled_job::erpnext.utilities.bulk_transaction.retry)
2026-05-01 10:01:06,746 home-mahmoudtawfeek-task-manger:long: Job OK (task.local::scheduled_job::erpnext.utilities.bulk_transaction.retry)
2026-05-01 10:01:06,747 Result is kept for 600 seconds
2026-05-01 10:01:06,785 home-mahmoudtawfeek-task-manger:long: frappe.utils.background_jobs.execute_job(event=None, is_async=True, job_name='frappe.core.doctype.scheduled_job_type.scheduled_job_type.run_scheduled_jo..., kwargs={'job_type': 'frappe.oauth.delete_oauth2_data'}, method='frappe.core.doctype.scheduled_job_type.scheduled_job_type.run_scheduled_jo..., site='task.local', user='Administrator') (task.local::scheduled_job::frappe.oauth.delete_oauth2_data)
2026-05-01 10:01:07,860 home-mahmoudtawfeek-task-manger:long: Job OK (task.local::scheduled_job::frappe.oauth.delete_oauth2_data)
2026-05-01 10:01:07,860 Result is kept for 600 seconds
2026-05-01 10:01:07,871 home-mahmoudtawfeek-task-manger:long: frappe.utils.background_jobs.execute_job(event=None, is_async=True, job_name='frappe.core.doctype.scheduled_job_type.scheduled_job_type.run_scheduled_jo..., kwargs={'job_type': 'erpnext.erpnext_integrations.doctype.plaid_settings.plaid_set..., method='frappe.core.doctype.scheduled_job_type.scheduled_job_type.run_scheduled_jo..., site='task.local', user='Administrator') (task.local::scheduled_job::erpnext.erpnext_integrations.doctype.plaid_settings.plaid_settings.automatic_synchronization)
2026-05-01 10:01:08,535 home-mahmoudtawfeek-task-manger:long: Job OK (task.local::scheduled_job::erpnext.erpnext_integrations.doctype.plaid_settings.plaid_settings.automatic_synchronization)
2026-05-01 10:01:08,536 Result is kept for 600 seconds
2026-05-01 10:01:08,552 home-mahmoudtawfeek-task-manger:long: frappe.utils.background_jobs.execute_job(event=None, is_async=True, job_name='frappe.core.doctype.scheduled_job_type.scheduled_job_type.run_scheduled_jo..., kwargs={'job_type': 'frappe.twofactor.delete_all_barcodes_for_users'}, method='frappe.core.doctype.scheduled_job_type.scheduled_job_type.run_scheduled_jo..., site='task.local', user='Administrator') (task.local::scheduled_job::frappe.twofactor.delete_all_barcodes_for_users)
2026-05-01 10:01:09,257 home-mahmoudtawfeek-task-manger:long: Job OK (task.local::scheduled_job::frappe.twofactor.delete_all_barcodes_for_users)
2026-05-01 10:01:09,257 Result is kept for 600 seconds
2026-05-01 10:01:09,268 home-mahmoudtawfeek-task-manger:long: frappe.utils.background_jobs.execute_job(event=None, is_async=True, job_name='frappe.core.doctype.scheduled_job_type.scheduled_job_type.run_scheduled_jo..., kwargs={'job_type': 'erpnext.utilities.doctype.video.video.update_youtube_data'}, method='frappe.core.doctype.scheduled_job_type.scheduled_job_type.run_scheduled_jo..., site='task.local', user='Administrator') (task.local::scheduled_job::erpnext.utilities.doctype.video.video.update_youtube_data)
2026-05-01 10:01:10,832 home-mahmoudtawfeek-task-manger:long: Job OK (task.local::scheduled_job::erpnext.utilities.doctype.video.video.update_youtube_data)
2026-05-01 10:01:10,834 Result is kept for 600 seconds
2026-05-01 10:01:10,870 home-mahmoudtawfeek-task-manger:long: frappe.utils.background_jobs.execute_job(event=None, is_async=True, job_name='frappe.core.doctype.scheduled_job_type.scheduled_job_type.run_scheduled_jo..., kwargs={'job_type': 'frappe.website.doctype.web_page.web_page.check_publish_status..., method='frappe.core.doctype.scheduled_job_type.scheduled_job_type.run_scheduled_jo..., site='task.local', user='Administrator') (task.local::scheduled_job::frappe.website.doctype.web_page.web_page.check_publish_status)
2026-05-01 10:01:11,877 home-mahmoudtawfeek-task-manger:long: Job OK (task.local::scheduled_job::frappe.website.doctype.web_page.web_page.check_publish_status)
2026-05-01 10:01:11,877 Result is kept for 600 seconds
2026-05-01 10:01:11,895 home-mahmoudtawfeek-task-manger:long: frappe.utils.background_jobs.execute_job(event=None, is_async=True, job_name='frappe.core.doctype.scheduled_job_type.scheduled_job_type.run_scheduled_jo..., kwargs={'job_type': 'erpnext.stock.doctype.repost_item_valuation.repost_item_valua..., method='frappe.core.doctype.scheduled_job_type.scheduled_job_type.run_scheduled_jo..., site='task.local', user='Administrator') (task.local::scheduled_job::erpnext.stock.doctype.repost_item_valuation.repost_item_valuation.repost_entries)
2026-05-01 10:01:12,892 home-mahmoudtawfeek-task-manger:long: Job OK (task.local::scheduled_job::erpnext.stock.doctype.repost_item_valuation.repost_item_valuation.repost_entries)
2026-05-01 10:01:12,892 Result is kept for 600 seconds
2026-05-01 10:01:12,900 home-mahmoudtawfeek-task-manger:long: frappe.utils.background_jobs.execute_job(event=None, is_async=True, job_name='frappe.core.doctype.scheduled_job_type.scheduled_job_type.run_scheduled_jo..., kwargs={'job_type': 'erpnext.projects.doctype.project.project.project_status_updat..., method='frappe.core.doctype.scheduled_job_type.scheduled_job_type.run_scheduled_jo..., site='task.local', user='Administrator') (task.local::scheduled_job::erpnext.projects.doctype.project.project.project_status_update_reminder)
2026-05-01 10:01:13,349 home-mahmoudtawfeek-task-manger:long: Job OK (task.local::scheduled_job::erpnext.projects.doctype.project.project.project_status_update_reminder)
2026-05-01 10:01:13,349 Result is kept for 600 seconds
2026-05-01 10:01:13,373 home-mahmoudtawfeek-task-manger:long: frappe.utils.background_jobs.execute_job(event=None, is_async=True, job_name='frappe.core.doctype.scheduled_job_type.scheduled_job_type.run_scheduled_jo..., kwargs={'job_type': 'frappe.core.doctype.prepared_report.prepared_report.expire_st..., method='frappe.core.doctype.scheduled_job_type.scheduled_job_type.run_scheduled_jo..., site='task.local', user='Administrator') (task.local::scheduled_job::frappe.core.doctype.prepared_report.prepared_report.expire_stalled_report)
2026-05-01 10:01:14,002 home-mahmoudtawfeek-task-manger:long: Job OK (task.local::scheduled_job::frappe.core.doctype.prepared_report.prepared_report.expire_stalled_report)
2026-05-01 10:01:14,002 Result is kept for 600 seconds
2026-05-01 10:01:14,009 home-mahmoudtawfeek-task-manger:long: frappe.utils.background_jobs.execute_job(event=None, is_async=True, job_name='frappe.core.doctype.scheduled_job_type.scheduled_job_type.run_scheduled_jo..., kwargs={'job_type': 'frappe.model.utils.user_settings.sync_user_settings'}, method='frappe.core.doctype.scheduled_job_type.scheduled_job_type.run_scheduled_jo..., site='task.local', user='Administrator') (task.local::scheduled_job::frappe.model.utils.user_settings.sync_user_settings)
2026-05-01 10:01:14,357 home-mahmoudtawfeek-task-manger:long: Job OK (task.local::scheduled_job::frappe.model.utils.user_settings.sync_user_settings)
2026-05-01 10:01:14,357 Result is kept for 600 seconds
2026-05-01 10:01:14,365 home-mahmoudtawfeek-task-manger:long: frappe.utils.background_jobs.execute_job(event=None, is_async=True, job_name='frappe.core.doctype.scheduled_job_type.scheduled_job_type.run_scheduled_jo..., kwargs={'job_type': 'erpnext.projects.doctype.project.project.collect_project_stat..., method='frappe.core.doctype.scheduled_job_type.scheduled_job_type.run_scheduled_jo..., site='task.local', user='Administrator') (task.local::scheduled_job::erpnext.projects.doctype.project.project.collect_project_status)
2026-05-01 10:01:14,900 home-mahmoudtawfeek-task-manger:long: Job OK (task.local::scheduled_job::erpnext.projects.doctype.project.project.collect_project_status)
2026-05-01 10:01:14,901 Result is kept for 600 seconds
2026-05-01 10:01:14,920 home-mahmoudtawfeek-task-manger:long: frappe.utils.background_jobs.execute_job(event=None, is_async=True, job_name='frappe.core.doctype.scheduled_job_type.scheduled_job_type.run_scheduled_jo..., kwargs={'job_type': 'frappe.desk.form.document_follow.send_hourly_updates'}, method='frappe.core.doctype.scheduled_job_type.scheduled_job_type.run_scheduled_jo..., site='task.local', user='Administrator') (task.local::scheduled_job::frappe.desk.form.document_follow.send_hourly_updates)
2026-05-01 10:01:15,364 home-mahmoudtawfeek-task-manger:long: Job OK (task.local::scheduled_job::frappe.desk.form.document_follow.send_hourly_updates)
2026-05-01 10:01:15,364 Result is kept for 600 seconds
2026-05-01 10:01:15,374 home-mahmoudtawfeek-task-manger:long: frappe.utils.background_jobs.execute_job(event=None, is_async=True, job_name='frappe.core.doctype.scheduled_job_type.scheduled_job_type.run_scheduled_jo..., kwargs={'job_type': 'frappe.desk.utils.delete_old_exported_report_files'}, method='frappe.core.doctype.scheduled_job_type.scheduled_job_type.run_scheduled_jo..., site='task.local', user='Administrator') (task.local::scheduled_job::frappe.desk.utils.delete_old_exported_report_files)
2026-05-01 10:01:15,848 home-mahmoudtawfeek-task-manger:long: Job OK (task.local::scheduled_job::frappe.desk.utils.delete_old_exported_report_files)
2026-05-01 10:01:15,849 Result is kept for 600 seconds
2026-05-01 10:01:15,872 home-mahmoudtawfeek-task-manger:long: frappe.utils.background_jobs.execute_job(event=None, is_async=True, job_name='frappe.core.doctype.scheduled_job_type.scheduled_job_type.run_scheduled_jo..., kwargs={'job_type': 'frappe.desk.page.backups.backups.delete_downloadable_backups'..., method='frappe.core.doctype.scheduled_job_type.scheduled_job_type.run_scheduled_jo..., site='task.local', user='Administrator') (task.local::scheduled_job::frappe.desk.page.backups.backups.delete_downloadable_backups)
2026-05-01 10:01:16,439 home-mahmoudtawfeek-task-manger:long: Job OK (task.local::scheduled_job::frappe.desk.page.backups.backups.delete_downloadable_backups)
2026-05-01 10:01:16,440 Result is kept for 600 seconds
2026-05-01 10:04:57,941 home-mahmoudtawfeek-task-manger:default: frappe.utils.background_jobs.execute_job(event=None, is_async=True, job_name='frappe.core.doctype.scheduled_job_type.scheduled_job_type.run_scheduled_jo..., kwargs={'job_type': 'frappe.monitor.flush'}, method='frappe.core.doctype.scheduled_job_type.scheduled_job_type.run_scheduled_jo..., site='task.local', user='Administrator') (task.local::scheduled_job::frappe.monitor.flush)
2026-05-01 10:04:58,246 home-mahmoudtawfeek-task-manger:default: Job OK (task.local::scheduled_job::frappe.monitor.flush)
2026-05-01 10:04:58,246 Result is kept for 600 seconds
2026-05-01 10:04:58,253 home-mahmoudtawfeek-task-manger:default: frappe.utils.background_jobs.execute_job(event=None, is_async=True, job_name='frappe.core.doctype.scheduled_job_type.scheduled_job_type.run_scheduled_jo..., kwargs={'job_type': 'frappe.email.queue.flush'}, method='frappe.core.doctype.scheduled_job_type.scheduled_job_type.run_scheduled_jo..., site='task.local', user='Administrator') (task.local::scheduled_job::frappe.email.queue.flush)
2026-05-01 10:04:58,972 home-mahmoudtawfeek-task-manger:default: Job OK (task.local::scheduled_job::frappe.email.queue.flush)
2026-05-01 10:04:58,973 Result is kept for 600 seconds
2026-05-01 10:04:58,986 home-mahmoudtawfeek-task-manger:default: frappe.utils.background_jobs.execute_job(event=None, is_async=True, job_name='frappe.core.doctype.scheduled_job_type.scheduled_job_type.run_scheduled_jo..., kwargs={'job_type': 'frappe.email.queue.retry_sending_emails'}, method='frappe.core.doctype.scheduled_job_type.scheduled_job_type.run_scheduled_jo..., site='task.local', user='Administrator') (task.local::scheduled_job::frappe.email.queue.retry_sending_emails)
2026-05-01 10:04:59,751 home-mahmoudtawfeek-task-manger:default: Job OK (task.local::scheduled_job::frappe.email.queue.retry_sending_emails)
2026-05-01 10:04:59,751 Result is kept for 600 seconds
2026-05-01 10:04:59,759 home-mahmoudtawfeek-task-manger:default: frappe.utils.background_jobs.execute_job(event=None, is_async=True, job_name='frappe.core.doctype.scheduled_job_type.scheduled_job_type.run_scheduled_jo..., kwargs={'job_type': 'frappe.integrations.doctype.google_calendar.google_calendar.s..., method='frappe.core.doctype.scheduled_job_type.scheduled_job_type.run_scheduled_jo..., site='task.local', user='Administrator') (task.local::scheduled_job::frappe.integrations.doctype.google_calendar.google_calendar.sync)
2026-05-01 10:05:00,349 home-mahmoudtawfeek-task-manger:default: Job OK (task.local::scheduled_job::frappe.integrations.doctype.google_calendar.google_calendar.sync)
2026-05-01 10:05:00,349 Result is kept for 600 seconds
2026-05-01 10:08:58,859 home-mahmoudtawfeek-task-manger:default: frappe.utils.background_jobs.execute_job(event=None, is_async=True, job_name='frappe.core.doctype.scheduled_job_type.scheduled_job_type.run_scheduled_jo..., kwargs={'job_type': 'frappe.email.queue.retry_sending_emails'}, method='frappe.core.doctype.scheduled_job_type.scheduled_job_type.run_scheduled_jo..., site='task.local', user='Administrator') (task.local::scheduled_job::frappe.email.queue.retry_sending_emails)
2026-05-01 10:08:59,650 home-mahmoudtawfeek-task-manger:default: Job OK (task.local::scheduled_job::frappe.email.queue.retry_sending_emails)
2026-05-01 10:08:59,650 Result is kept for 600 seconds
2026-05-01 10:08:59,659 home-mahmoudtawfeek-task-manger:default: frappe.utils.background_jobs.execute_job(event=None, is_async=True, job_name='frappe.core.doctype.scheduled_job_type.scheduled_job_type.run_scheduled_jo..., kwargs={'job_type': 'frappe.monitor.flush'}, method='frappe.core.doctype.scheduled_job_type.scheduled_job_type.run_scheduled_jo..., site='task.local', user='Administrator') (task.local::scheduled_job::frappe.monitor.flush)
2026-05-01 10:08:59,911 home-mahmoudtawfeek-task-manger:default: Job OK (task.local::scheduled_job::frappe.monitor.flush)
2026-05-01 10:08:59,911 Result is kept for 600 seconds
2026-05-01 10:08:59,925 home-mahmoudtawfeek-task-manger:default: frappe.utils.background_jobs.execute_job(event=None, is_async=True, job_name='frappe.core.doctype.scheduled_job_type.scheduled_job_type.run_scheduled_jo..., kwargs={'job_type': 'frappe.email.queue.flush'}, method='frappe.core.doctype.scheduled_job_type.scheduled_job_type.run_scheduled_jo..., site='task.local', user='Administrator') (task.local::scheduled_job::frappe.email.queue.flush)
2026-05-01 10:09:00,593 home-mahmoudtawfeek-task-manger:default: Job OK (task.local::scheduled_job::frappe.email.queue.flush)
2026-05-01 10:09:00,593 Result is kept for 600 seconds
2026-05-01 10:09:00,605 home-mahmoudtawfeek-task-manger:default: frappe.utils.background_jobs.execute_job(event=None, is_async=True, job_name='frappe.core.doctype.scheduled_job_type.scheduled_job_type.run_scheduled_jo..., kwargs={'job_type': 'frappe.integrations.doctype.google_calendar.google_calendar.s..., method='frappe.core.doctype.scheduled_job_type.scheduled_job_type.run_scheduled_jo..., site='task.local', user='Administrator') (task.local::scheduled_job::frappe.integrations.doctype.google_calendar.google_calendar.sync)
2026-05-01 10:09:01,084 home-mahmoudtawfeek-task-manger:default: Job OK (task.local::scheduled_job::frappe.integrations.doctype.google_calendar.google_calendar.sync)
2026-05-01 10:09:01,084 Result is kept for 600 seconds
2026-05-01 10:10:59,469 home-mahmoudtawfeek-task-manger:default: frappe.utils.background_jobs.execute_job(event=None, is_async=True, job_name='frappe.core.doctype.scheduled_job_type.scheduled_job_type.run_scheduled_jo..., kwargs={'job_type': 'frappe.email.doctype.email_account.email_account.pull'}, method='frappe.core.doctype.scheduled_job_type.scheduled_job_type.run_scheduled_jo..., site='task.local', user='Administrator') (task.local::scheduled_job::frappe.email.doctype.email_account.email_account.pull)
2026-05-01 10:10:59,858 home-mahmoudtawfeek-task-manger:default: Job OK (task.local::scheduled_job::frappe.email.doctype.email_account.email_account.pull)
2026-05-01 10:10:59,859 Result is kept for 600 seconds
2026-05-01 10:10:59,865 Cleaning registries for queue: home-mahmoudtawfeek-task-manger:short
2026-05-01 10:10:59,867 Cleaning registries for queue: home-mahmoudtawfeek-task-manger:default
2026-05-01 10:10:59,869 Cleaning registries for queue: home-mahmoudtawfeek-task-manger:long
2026-05-01 10:12:59,975 home-mahmoudtawfeek-task-manger:default: frappe.utils.background_jobs.execute_job(event=None, is_async=True, job_name='frappe.core.doctype.scheduled_job_type.scheduled_job_type.run_scheduled_jo..., kwargs={'job_type': 'frappe.integrations.doctype.google_calendar.google_calendar.s..., method='frappe.core.doctype.scheduled_job_type.scheduled_job_type.run_scheduled_jo..., site='task.local', user='Administrator') (task.local::scheduled_job::frappe.integrations.doctype.google_calendar.google_calendar.sync)
2026-05-01 10:13:00,566 home-mahmoudtawfeek-task-manger:default: Job OK (task.local::scheduled_job::frappe.integrations.doctype.google_calendar.google_calendar.sync)
2026-05-01 10:13:00,566 Result is kept for 600 seconds
2026-05-01 10:13:00,574 home-mahmoudtawfeek-task-manger:default: frappe.utils.background_jobs.execute_job(event=None, is_async=True, job_name='frappe.core.doctype.scheduled_job_type.scheduled_job_type.run_scheduled_jo..., kwargs={'job_type': 'frappe.email.queue.retry_sending_emails'}, method='frappe.core.doctype.scheduled_job_type.scheduled_job_type.run_scheduled_jo..., site='task.local', user='Administrator') (task.local::scheduled_job::frappe.email.queue.retry_sending_emails)
2026-05-01 10:13:01,256 home-mahmoudtawfeek-task-manger:default: Job OK (task.local::scheduled_job::frappe.email.queue.retry_sending_emails)
2026-05-01 10:13:01,257 Result is kept for 600 seconds
2026-05-01 10:13:01,264 home-mahmoudtawfeek-task-manger:default: frappe.utils.background_jobs.execute_job(event=None, is_async=True, job_name='frappe.core.doctype.scheduled_job_type.scheduled_job_type.run_scheduled_jo..., kwargs={'job_type': 'frappe.email.queue.flush'}, method='frappe.core.doctype.scheduled_job_type.scheduled_job_type.run_scheduled_jo..., site='task.local', user='Administrator') (task.local::scheduled_job::frappe.email.queue.flush)
2026-05-01 10:13:01,843 home-mahmoudtawfeek-task-manger:default: Job OK (task.local::scheduled_job::frappe.email.queue.flush)
2026-05-01 10:13:01,844 Result is kept for 600 seconds
2026-05-01 10:13:01,851 home-mahmoudtawfeek-task-manger:default: frappe.utils.background_jobs.execute_job(event=None, is_async=True, job_name='frappe.core.doctype.scheduled_job_type.scheduled_job_type.run_scheduled_jo..., kwargs={'job_type': 'frappe.monitor.flush'}, method='frappe.core.doctype.scheduled_job_type.scheduled_job_type.run_scheduled_jo..., site='task.local', user='Administrator') (task.local::scheduled_job::frappe.monitor.flush)
2026-05-01 10:13:02,083 home-mahmoudtawfeek-task-manger:default: Job OK (task.local::scheduled_job::frappe.monitor.flush)
2026-05-01 10:13:02,083 Result is kept for 600 seconds
2026-05-01 10:15:00,437 home-mahmoudtawfeek-task-manger:default: frappe.utils.background_jobs.execute_job(event=None, is_async=True, job_name='frappe.core.doctype.scheduled_job_type.scheduled_job_type.run_scheduled_jo..., kwargs={'job_type': 'erpnext.manufacturing.doctype.bom_update_log.bom_update_log.r..., method='frappe.core.doctype.scheduled_job_type.scheduled_job_type.run_scheduled_jo..., site='task.local', user='Administrator') (task.local::scheduled_job::erpnext.manufacturing.doctype.bom_update_log.bom_update_log.resume_bom_cost_update_jobs)
2026-05-01 10:15:01,281 home-mahmoudtawfeek-task-manger:default: Job OK (task.local::scheduled_job::erpnext.manufacturing.doctype.bom_update_log.bom_update_log.resume_bom_cost_update_jobs)
2026-05-01 10:15:01,282 Result is kept for 600 seconds
2026-05-01 10:15:01,335 home-mahmoudtawfeek-task-manger:default: frappe.utils.background_jobs.execute_job(event=None, is_async=True, job_name='frappe.core.doctype.scheduled_job_type.scheduled_job_type.run_scheduled_jo..., kwargs={'job_type': 'frappe.email.doctype.email_account.email_account.notify_unrep..., method='frappe.core.doctype.scheduled_job_type.scheduled_job_type.run_scheduled_jo..., site='task.local', user='Administrator') (task.local::scheduled_job::frappe.email.doctype.email_account.email_account.notify_unreplied)
2026-05-01 10:15:01,836 home-mahmoudtawfeek-task-manger:default: Job OK (task.local::scheduled_job::frappe.email.doctype.email_account.email_account.notify_unreplied)
2026-05-01 10:15:01,836 Result is kept for 600 seconds
2026-05-01 10:15:01,857 home-mahmoudtawfeek-task-manger:default: frappe.utils.background_jobs.execute_job(event=None, is_async=True, job_name='frappe.core.doctype.scheduled_job_type.scheduled_job_type.run_scheduled_jo..., kwargs={'job_type': 'frappe.deferred_insert.save_to_db'}, method='frappe.core.doctype.scheduled_job_type.scheduled_job_type.run_scheduled_jo..., site='task.local', user='Administrator') (task.local::scheduled_job::frappe.deferred_insert.save_to_db)
2026-05-01 10:15:02,252 home-mahmoudtawfeek-task-manger:default: Job OK (task.local::scheduled_job::frappe.deferred_insert.save_to_db)
2026-05-01 10:15:02,252 Result is kept for 600 seconds
2026-05-01 10:15:02,260 home-mahmoudtawfeek-task-manger:default: frappe.utils.background_jobs.execute_job(event=None, is_async=True, job_name='frappe.core.doctype.scheduled_job_type.scheduled_job_type.run_scheduled_jo..., kwargs={'job_type': 'frappe.automation.doctype.reminder.reminder.send_reminders'}, method='frappe.core.doctype.scheduled_job_type.scheduled_job_type.run_scheduled_jo..., site='task.local', user='Administrator') (task.local::scheduled_job::frappe.automation.doctype.reminder.reminder.send_reminders)
2026-05-01 10:15:02,600 home-mahmoudtawfeek-task-manger:default: Job OK (task.local::scheduled_job::frappe.automation.doctype.reminder.reminder.send_reminders)
2026-05-01 10:15:02,600 Result is kept for 600 seconds
2026-05-01 10:15:02,608 home-mahmoudtawfeek-task-manger:default: frappe.utils.background_jobs.execute_job(event=None, is_async=True, job_name='frappe.core.doctype.scheduled_job_type.scheduled_job_type.run_scheduled_jo..., kwargs={'job_type': 'frappe.model.utils.link_count.update_link_count'}, method='frappe.core.doctype.scheduled_job_type.scheduled_job_type.run_scheduled_jo..., site='task.local', user='Administrator') (task.local::scheduled_job::frappe.model.utils.link_count.update_link_count)
2026-05-01 10:15:03,115 home-mahmoudtawfeek-task-manger:default: Job OK (task.local::scheduled_job::frappe.model.utils.link_count.update_link_count)
2026-05-01 10:15:03,116 Result is kept for 600 seconds
2026-05-01 10:15:03,143 home-mahmoudtawfeek-task-manger:default: frappe.utils.background_jobs.execute_job(event=None, is_async=True, job_name='frappe.core.doctype.scheduled_job_type.scheduled_job_type.run_scheduled_jo..., kwargs={'job_type': 'frappe.utils.telemetry.pulse.client.send_queued_events'}, method='frappe.core.doctype.scheduled_job_type.scheduled_job_type.run_scheduled_jo..., site='task.local', user='Administrator') (task.local::scheduled_job::frappe.utils.telemetry.pulse.client.send_queued_events)
2026-05-01 10:15:03,671 home-mahmoudtawfeek-task-manger:default: Job OK (task.local::scheduled_job::frappe.utils.telemetry.pulse.client.send_queued_events)
2026-05-01 10:15:03,671 Result is kept for 600 seconds
2026-05-01 10:15:03,719 home-mahmoudtawfeek-task-manger:default: frappe.utils.background_jobs.execute_job(event=None, is_async=True, job_name='frappe.core.doctype.scheduled_job_type.scheduled_job_type.run_scheduled_jo..., kwargs={'job_type': 'frappe.utils.global_search.sync_global_search'}, method='frappe.core.doctype.scheduled_job_type.scheduled_job_type.run_scheduled_jo..., site='task.local', user='Administrator') (task.local::scheduled_job::frappe.utils.global_search.sync_global_search)
2026-05-01 10:15:04,157 home-mahmoudtawfeek-task-manger:default: Job OK (task.local::scheduled_job::frappe.utils.global_search.sync_global_search)
2026-05-01 10:15:04,157 Result is kept for 600 seconds
2026-05-01 10:15:04,165 home-mahmoudtawfeek-task-manger:default: frappe.utils.background_jobs.execute_job(event=None, is_async=True, job_name='frappe.core.doctype.scheduled_job_type.scheduled_job_type.run_scheduled_jo..., kwargs={'job_type': 'frappe.search.sqlite_search.build_index_if_not_exists'}, method='frappe.core.doctype.scheduled_job_type.scheduled_job_type.run_scheduled_jo..., site='task.local', user='Administrator') (task.local::scheduled_job::frappe.search.sqlite_search.build_index_if_not_exists)
2026-05-01 10:15:04,551 home-mahmoudtawfeek-task-manger:default: Job OK (task.local::scheduled_job::frappe.search.sqlite_search.build_index_if_not_exists)
2026-05-01 10:15:04,552 Result is kept for 600 seconds
2026-05-01 10:16:00,605 home-mahmoudtawfeek-task-manger:default: frappe.utils.background_jobs.execute_job(event=None, is_async=True, job_name='frappe.core.doctype.scheduled_job_type.scheduled_job_type.run_scheduled_jo..., kwargs={'job_type': 'frappe.email.queue.retry_sending_emails'}, method='frappe.core.doctype.scheduled_job_type.scheduled_job_type.run_scheduled_jo..., site='task.local', user='Administrator') (task.local::scheduled_job::frappe.email.queue.retry_sending_emails)
2026-05-01 10:16:01,628 home-mahmoudtawfeek-task-manger:default: Job OK (task.local::scheduled_job::frappe.email.queue.retry_sending_emails)
2026-05-01 10:16:01,628 Result is kept for 600 seconds
2026-05-01 10:16:01,638 home-mahmoudtawfeek-task-manger:default: frappe.utils.background_jobs.execute_job(event=None, is_async=True, job_name='frappe.core.doctype.scheduled_job_type.scheduled_job_type.run_scheduled_jo..., kwargs={'job_type': 'frappe.monitor.flush'}, method='frappe.core.doctype.scheduled_job_type.scheduled_job_type.run_scheduled_jo..., site='task.local', user='Administrator') (task.local::scheduled_job::frappe.monitor.flush)
2026-05-01 10:16:01,878 home-mahmoudtawfeek-task-manger:default: Job OK (task.local::scheduled_job::frappe.monitor.flush)
2026-05-01 10:16:01,878 Result is kept for 600 seconds
2026-05-01 10:16:01,885 home-mahmoudtawfeek-task-manger:default: frappe.utils.background_jobs.execute_job(event=None, is_async=True, job_name='frappe.core.doctype.scheduled_job_type.scheduled_job_type.run_scheduled_jo..., kwargs={'job_type': 'frappe.integrations.doctype.google_calendar.google_calendar.s..., method='frappe.core.doctype.scheduled_job_type.scheduled_job_type.run_scheduled_jo..., site='task.local', user='Administrator') (task.local::scheduled_job::frappe.integrations.doctype.google_calendar.google_calendar.sync)
2026-05-01 10:16:02,386 home-mahmoudtawfeek-task-manger:default: Job OK (task.local::scheduled_job::frappe.integrations.doctype.google_calendar.google_calendar.sync)
2026-05-01 10:16:02,387 Result is kept for 600 seconds
2026-05-01 10:16:02,395 home-mahmoudtawfeek-task-manger:default: frappe.utils.background_jobs.execute_job(event=None, is_async=True, job_name='frappe.core.doctype.scheduled_job_type.scheduled_job_type.run_scheduled_jo..., kwargs={'job_type': 'frappe.email.queue.flush'}, method='frappe.core.doctype.scheduled_job_type.scheduled_job_type.run_scheduled_jo..., site='task.local', user='Administrator') (task.local::scheduled_job::frappe.email.queue.flush)
2026-05-01 10:16:03,018 home-mahmoudtawfeek-task-manger:default: Job OK (task.local::scheduled_job::frappe.email.queue.flush)
2026-05-01 10:16:03,019 Result is kept for 600 seconds
2026-05-01 10:20:01,747 home-mahmoudtawfeek-task-manger:default: frappe.utils.background_jobs.execute_job(event=None, is_async=True, job_name='frappe.core.doctype.scheduled_job_type.scheduled_job_type.run_scheduled_jo..., kwargs={'job_type': 'frappe.monitor.flush'}, method='frappe.core.doctype.scheduled_job_type.scheduled_job_type.run_scheduled_jo..., site='task.local', user='Administrator') (task.local::scheduled_job::frappe.monitor.flush)
2026-05-01 10:20:02,214 home-mahmoudtawfeek-task-manger:default: Job OK (task.local::scheduled_job::frappe.monitor.flush)
2026-05-01 10:20:02,217 Result is kept for 600 seconds
2026-05-01 10:20:02,229 home-mahmoudtawfeek-task-manger:default: frappe.utils.background_jobs.execute_job(event=None, is_async=True, job_name='frappe.core.doctype.scheduled_job_type.scheduled_job_type.run_scheduled_jo..., kwargs={'job_type': 'frappe.email.doctype.email_account.email_account.pull'}, method='frappe.core.doctype.scheduled_job_type.scheduled_job_type.run_scheduled_jo..., site='task.local', user='Administrator') (task.local::scheduled_job::frappe.email.doctype.email_account.email_account.pull)
2026-05-01 10:20:02,748 home-mahmoudtawfeek-task-manger:default: Job OK (task.local::scheduled_job::frappe.email.doctype.email_account.email_account.pull)
2026-05-01 10:20:02,748 Result is kept for 600 seconds
2026-05-01 10:20:02,758 home-mahmoudtawfeek-task-manger:default: frappe.utils.background_jobs.execute_job(event=None, is_async=True, job_name='frappe.core.doctype.scheduled_job_type.scheduled_job_type.run_scheduled_jo..., kwargs={'job_type': 'frappe.email.queue.retry_sending_emails'}, method='frappe.core.doctype.scheduled_job_type.scheduled_job_type.run_scheduled_jo..., site='task.local', user='Administrator') (task.local::scheduled_job::frappe.email.queue.retry_sending_emails)
2026-05-01 10:20:03,504 home-mahmoudtawfeek-task-manger:default: Job OK (task.local::scheduled_job::frappe.email.queue.retry_sending_emails)
2026-05-01 10:20:03,504 Result is kept for 600 seconds
2026-05-01 10:20:03,514 home-mahmoudtawfeek-task-manger:default: frappe.utils.background_jobs.execute_job(event=None, is_async=True, job_name='frappe.core.doctype.scheduled_job_type.scheduled_job_type.run_scheduled_jo..., kwargs={'job_type': 'frappe.email.queue.flush'}, method='frappe.core.doctype.scheduled_job_type.scheduled_job_type.run_scheduled_jo..., site='task.local', user='Administrator') (task.local::scheduled_job::frappe.email.queue.flush)
2026-05-01 10:20:04,392 home-mahmoudtawfeek-task-manger:default: Job OK (task.local::scheduled_job::frappe.email.queue.flush)
2026-05-01 10:20:04,392 Result is kept for 600 seconds
2026-05-01 10:20:04,405 home-mahmoudtawfeek-task-manger:default: frappe.utils.background_jobs.execute_job(event=None, is_async=True, job_name='frappe.core.doctype.scheduled_job_type.scheduled_job_type.run_scheduled_jo..., kwargs={'job_type': 'frappe.integrations.doctype.google_calendar.google_calendar.s..., method='frappe.core.doctype.scheduled_job_type.scheduled_job_type.run_scheduled_jo..., site='task.local', user='Administrator') (task.local::scheduled_job::frappe.integrations.doctype.google_calendar.google_calendar.sync)
2026-05-01 10:20:05,492 home-mahmoudtawfeek-task-manger:default: Job OK (task.local::scheduled_job::frappe.integrations.doctype.google_calendar.google_calendar.sync)
2026-05-01 10:20:05,492 Result is kept for 600 seconds
2026-05-01 10:24:03,150 home-mahmoudtawfeek-task-manger:default: frappe.utils.background_jobs.execute_job(event=None, is_async=True, job_name='frappe.core.doctype.scheduled_job_type.scheduled_job_type.run_scheduled_jo..., kwargs={'job_type': 'frappe.monitor.flush'}, method='frappe.core.doctype.scheduled_job_type.scheduled_job_type.run_scheduled_jo..., site='task.local', user='Administrator') (task.local::scheduled_job::frappe.monitor.flush)
2026-05-01 10:24:03,440 home-mahmoudtawfeek-task-manger:default: Job OK (task.local::scheduled_job::frappe.monitor.flush)
2026-05-01 10:24:03,440 Result is kept for 600 seconds
2026-05-01 10:24:03,448 home-mahmoudtawfeek-task-manger:default: frappe.utils.background_jobs.execute_job(event=None, is_async=True, job_name='frappe.core.doctype.scheduled_job_type.scheduled_job_type.run_scheduled_jo..., kwargs={'job_type': 'frappe.email.queue.retry_sending_emails'}, method='frappe.core.doctype.scheduled_job_type.scheduled_job_type.run_scheduled_jo..., site='task.local', user='Administrator') (task.local::scheduled_job::frappe.email.queue.retry_sending_emails)
2026-05-01 10:24:03,954 home-mahmoudtawfeek-task-manger:default: Job OK (task.local::scheduled_job::frappe.email.queue.retry_sending_emails)
2026-05-01 10:24:03,954 Result is kept for 600 seconds
2026-05-01 10:24:03,962 home-mahmoudtawfeek-task-manger:default: frappe.utils.background_jobs.execute_job(event=None, is_async=True, job_name='frappe.core.doctype.scheduled_job_type.scheduled_job_type.run_scheduled_jo..., kwargs={'job_type': 'frappe.integrations.doctype.google_calendar.google_calendar.s..., method='frappe.core.doctype.scheduled_job_type.scheduled_job_type.run_scheduled_jo..., site='task.local', user='Administrator') (task.local::scheduled_job::frappe.integrations.doctype.google_calendar.google_calendar.sync)
2026-05-01 10:24:04,463 home-mahmoudtawfeek-task-manger:default: Job OK (task.local::scheduled_job::frappe.integrations.doctype.google_calendar.google_calendar.sync)
2026-05-01 10:24:04,463 Result is kept for 600 seconds
2026-05-01 10:24:04,471 home-mahmoudtawfeek-task-manger:default: frappe.utils.background_jobs.execute_job(event=None, is_async=True, job_name='frappe.core.doctype.scheduled_job_type.scheduled_job_type.run_scheduled_jo..., kwargs={'job_type': 'frappe.email.queue.flush'}, method='frappe.core.doctype.scheduled_job_type.scheduled_job_type.run_scheduled_jo..., site='task.local', user='Administrator') (task.local::scheduled_job::frappe.email.queue.flush)
2026-05-01 10:24:05,051 home-mahmoudtawfeek-task-manger:default: Job OK (task.local::scheduled_job::frappe.email.queue.flush)
2026-05-01 10:24:05,051 Result is kept for 600 seconds
2026-05-01 10:28:04,163 home-mahmoudtawfeek-task-manger:default: frappe.utils.background_jobs.execute_job(event=None, is_async=True, job_name='frappe.core.doctype.scheduled_job_type.scheduled_job_type.run_scheduled_jo..., kwargs={'job_type': 'frappe.email.queue.retry_sending_emails'}, method='frappe.core.doctype.scheduled_job_type.scheduled_job_type.run_scheduled_jo..., site='task.local', user='Administrator') (task.local::scheduled_job::frappe.email.queue.retry_sending_emails)
2026-05-01 10:28:04,871 home-mahmoudtawfeek-task-manger:default: Job OK (task.local::scheduled_job::frappe.email.queue.retry_sending_emails)
2026-05-01 10:28:04,872 Result is kept for 600 seconds
2026-05-01 10:28:04,879 home-mahmoudtawfeek-task-manger:default: frappe.utils.background_jobs.execute_job(event=None, is_async=True, job_name='frappe.core.doctype.scheduled_job_type.scheduled_job_type.run_scheduled_jo..., kwargs={'job_type': 'frappe.monitor.flush'}, method='frappe.core.doctype.scheduled_job_type.scheduled_job_type.run_scheduled_jo..., site='task.local', user='Administrator') (task.local::scheduled_job::frappe.monitor.flush)
2026-05-01 10:28:05,107 home-mahmoudtawfeek-task-manger:default: Job OK (task.local::scheduled_job::frappe.monitor.flush)
2026-05-01 10:28:05,107 Result is kept for 600 seconds
2026-05-01 10:28:05,114 home-mahmoudtawfeek-task-manger:default: frappe.utils.background_jobs.execute_job(event=None, is_async=True, job_name='frappe.core.doctype.scheduled_job_type.scheduled_job_type.run_scheduled_jo..., kwargs={'job_type': 'frappe.integrations.doctype.google_calendar.google_calendar.s..., method='frappe.core.doctype.scheduled_job_type.scheduled_job_type.run_scheduled_jo..., site='task.local', user='Administrator') (task.local::scheduled_job::frappe.integrations.doctype.google_calendar.google_calendar.sync)
2026-05-01 10:28:05,587 home-mahmoudtawfeek-task-manger:default: Job OK (task.local::scheduled_job::frappe.integrations.doctype.google_calendar.google_calendar.sync)
2026-05-01 10:28:05,588 Result is kept for 600 seconds
2026-05-01 10:28:05,595 home-mahmoudtawfeek-task-manger:default: frappe.utils.background_jobs.execute_job(event=None, is_async=True, job_name='frappe.core.doctype.scheduled_job_type.scheduled_job_type.run_scheduled_jo..., kwargs={'job_type': 'frappe.email.queue.flush'}, method='frappe.core.doctype.scheduled_job_type.scheduled_job_type.run_scheduled_jo..., site='task.local', user='Administrator') (task.local::scheduled_job::frappe.email.queue.flush)
2026-05-01 10:28:06,131 home-mahmoudtawfeek-task-manger:default: Job OK (task.local::scheduled_job::frappe.email.queue.flush)
2026-05-01 10:28:06,131 Result is kept for 600 seconds
2026-05-01 10:30:04,657 home-mahmoudtawfeek-task-manger:default: frappe.utils.background_jobs.execute_job(event=None, is_async=True, job_name='frappe.core.doctype.scheduled_job_type.scheduled_job_type.run_scheduled_jo..., kwargs={'job_type': 'frappe.deferred_insert.save_to_db'}, method='frappe.core.doctype.scheduled_job_type.scheduled_job_type.run_scheduled_jo..., site='task.local', user='Administrator') (task.local::scheduled_job::frappe.deferred_insert.save_to_db)
2026-05-01 10:30:05,191 home-mahmoudtawfeek-task-manger:default: Job OK (task.local::scheduled_job::frappe.deferred_insert.save_to_db)
2026-05-01 10:30:05,192 Result is kept for 600 seconds
2026-05-01 10:30:05,212 home-mahmoudtawfeek-task-manger:default: frappe.utils.background_jobs.execute_job(event=None, is_async=True, job_name='frappe.core.doctype.scheduled_job_type.scheduled_job_type.run_scheduled_jo..., kwargs={'job_type': 'erpnext.accounts.doctype.gl_entry.gl_entry.rename_gle_sle_doc..., method='frappe.core.doctype.scheduled_job_type.scheduled_job_type.run_scheduled_jo..., site='task.local', user='Administrator') (task.local::scheduled_job::erpnext.accounts.doctype.gl_entry.gl_entry.rename_gle_sle_docs)
2026-05-01 10:30:07,342 home-mahmoudtawfeek-task-manger:default: Job OK (task.local::scheduled_job::erpnext.accounts.doctype.gl_entry.gl_entry.rename_gle_sle_docs)
2026-05-01 10:30:07,343 Result is kept for 600 seconds
2026-05-01 10:30:07,358 home-mahmoudtawfeek-task-manger:default: frappe.utils.background_jobs.execute_job(event=None, is_async=True, job_name='frappe.core.doctype.scheduled_job_type.scheduled_job_type.run_scheduled_jo..., kwargs={'job_type': 'erpnext.manufacturing.doctype.bom_update_log.bom_update_log.r..., method='frappe.core.doctype.scheduled_job_type.scheduled_job_type.run_scheduled_jo..., site='task.local', user='Administrator') (task.local::scheduled_job::erpnext.manufacturing.doctype.bom_update_log.bom_update_log.resume_bom_cost_update_jobs)
2026-05-01 10:30:07,823 home-mahmoudtawfeek-task-manger:default: Job OK (task.local::scheduled_job::erpnext.manufacturing.doctype.bom_update_log.bom_update_log.resume_bom_cost_update_jobs)
2026-05-01 10:30:07,824 Result is kept for 600 seconds
2026-05-01 10:30:07,831 home-mahmoudtawfeek-task-manger:default: frappe.utils.background_jobs.execute_job(event=None, is_async=True, job_name='frappe.core.doctype.scheduled_job_type.scheduled_job_type.run_scheduled_jo..., kwargs={'job_type': 'frappe.email.doctype.email_account.email_account.notify_unrep..., method='frappe.core.doctype.scheduled_job_type.scheduled_job_type.run_scheduled_jo..., site='task.local', user='Administrator') (task.local::scheduled_job::frappe.email.doctype.email_account.email_account.notify_unreplied)
2026-05-01 10:30:08,261 home-mahmoudtawfeek-task-manger:default: Job OK (task.local::scheduled_job::frappe.email.doctype.email_account.email_account.notify_unreplied)
2026-05-01 10:30:08,262 Result is kept for 600 seconds
2026-05-01 10:30:08,287 home-mahmoudtawfeek-task-manger:default: frappe.utils.background_jobs.execute_job(event=None, is_async=True, job_name='frappe.core.doctype.scheduled_job_type.scheduled_job_type.run_scheduled_jo..., kwargs={'job_type': 'frappe.search.sqlite_search.build_index_if_not_exists'}, method='frappe.core.doctype.scheduled_job_type.scheduled_job_type.run_scheduled_jo..., site='task.local', user='Administrator') (task.local::scheduled_job::frappe.search.sqlite_search.build_index_if_not_exists)
2026-05-01 10:30:08,667 home-mahmoudtawfeek-task-manger:default: Job OK (task.local::scheduled_job::frappe.search.sqlite_search.build_index_if_not_exists)
2026-05-01 10:30:08,667 Result is kept for 600 seconds
2026-05-01 10:30:08,680 home-mahmoudtawfeek-task-manger:default: frappe.utils.background_jobs.execute_job(event=None, is_async=True, job_name='frappe.core.doctype.scheduled_job_type.scheduled_job_type.run_scheduled_jo..., kwargs={'job_type': 'frappe.email.doctype.email_account.email_account.pull'}, method='frappe.core.doctype.scheduled_job_type.scheduled_job_type.run_scheduled_jo..., site='task.local', user='Administrator') (task.local::scheduled_job::frappe.email.doctype.email_account.email_account.pull)
2026-05-01 10:30:09,099 home-mahmoudtawfeek-task-manger:default: Job OK (task.local::scheduled_job::frappe.email.doctype.email_account.email_account.pull)
2026-05-01 10:30:09,099 Result is kept for 600 seconds
2026-05-01 10:30:09,107 home-mahmoudtawfeek-task-manger:default: frappe.utils.background_jobs.execute_job(event=None, is_async=True, job_name='frappe.core.doctype.scheduled_job_type.scheduled_job_type.run_scheduled_jo..., kwargs={'job_type': 'frappe.utils.global_search.sync_global_search'}, method='frappe.core.doctype.scheduled_job_type.scheduled_job_type.run_scheduled_jo..., site='task.local', user='Administrator') (task.local::scheduled_job::frappe.utils.global_search.sync_global_search)
2026-05-01 10:30:09,410 home-mahmoudtawfeek-task-manger:default: Job OK (task.local::scheduled_job::frappe.utils.global_search.sync_global_search)
2026-05-01 10:30:09,410 Result is kept for 600 seconds
2026-05-01 10:30:09,418 home-mahmoudtawfeek-task-manger:default: frappe.utils.background_jobs.execute_job(event=None, is_async=True, job_name='frappe.core.doctype.scheduled_job_type.scheduled_job_type.run_scheduled_jo..., kwargs={'job_type': 'frappe.automation.doctype.reminder.reminder.send_reminders'}, method='frappe.core.doctype.scheduled_job_type.scheduled_job_type.run_scheduled_jo..., site='task.local', user='Administrator') (task.local::scheduled_job::frappe.automation.doctype.reminder.reminder.send_reminders)
2026-05-01 10:30:09,842 home-mahmoudtawfeek-task-manger:default: Job OK (task.local::scheduled_job::frappe.automation.doctype.reminder.reminder.send_reminders)
2026-05-01 10:30:09,842 Result is kept for 600 seconds
2026-05-01 10:30:09,851 home-mahmoudtawfeek-task-manger:default: frappe.utils.background_jobs.execute_job(event=None, is_async=True, job_name='frappe.core.doctype.scheduled_job_type.scheduled_job_type.run_scheduled_jo..., kwargs={'job_type': 'frappe.utils.telemetry.pulse.client.send_queued_events'}, method='frappe.core.doctype.scheduled_job_type.scheduled_job_type.run_scheduled_jo..., site='task.local', user='Administrator') (task.local::scheduled_job::frappe.utils.telemetry.pulse.client.send_queued_events)
2026-05-01 10:30:10,393 home-mahmoudtawfeek-task-manger:default: Job OK (task.local::scheduled_job::frappe.utils.telemetry.pulse.client.send_queued_events)
2026-05-01 10:30:10,394 Result is kept for 600 seconds
2026-05-01 10:30:10,412 home-mahmoudtawfeek-task-manger:default: frappe.utils.background_jobs.execute_job(event=None, is_async=True, job_name='frappe.core.doctype.scheduled_job_type.scheduled_job_type.run_scheduled_jo..., kwargs={'job_type': 'frappe.model.utils.link_count.update_link_count'}, method='frappe.core.doctype.scheduled_job_type.scheduled_job_type.run_scheduled_jo..., site='task.local', user='Administrator') (task.local::scheduled_job::frappe.model.utils.link_count.update_link_count)
2026-05-01 10:30:10,720 home-mahmoudtawfeek-task-manger:default: Job OK (task.local::scheduled_job::frappe.model.utils.link_count.update_link_count)
2026-05-01 10:30:10,720 Result is kept for 600 seconds
2026-05-01 10:32:05,980 home-mahmoudtawfeek-task-manger:default: frappe.utils.background_jobs.execute_job(event=None, is_async=True, job_name='frappe.core.doctype.scheduled_job_type.scheduled_job_type.run_scheduled_jo..., kwargs={'job_type': 'frappe.email.queue.flush'}, method='frappe.core.doctype.scheduled_job_type.scheduled_job_type.run_scheduled_jo..., site='task.local', user='Administrator') (task.local::scheduled_job::frappe.email.queue.flush)
2026-05-01 10:32:07,689 home-mahmoudtawfeek-task-manger:default: Job OK (task.local::scheduled_job::frappe.email.queue.flush)
2026-05-01 10:32:07,689 Result is kept for 600 seconds
2026-05-01 10:32:07,697 home-mahmoudtawfeek-task-manger:default: frappe.utils.background_jobs.execute_job(event=None, is_async=True, job_name='frappe.core.doctype.scheduled_job_type.scheduled_job_type.run_scheduled_jo..., kwargs={'job_type': 'frappe.monitor.flush'}, method='frappe.core.doctype.scheduled_job_type.scheduled_job_type.run_scheduled_jo..., site='task.local', user='Administrator') (task.local::scheduled_job::frappe.monitor.flush)
2026-05-01 10:32:08,160 home-mahmoudtawfeek-task-manger:default: Job OK (task.local::scheduled_job::frappe.monitor.flush)
2026-05-01 10:32:08,160 Result is kept for 600 seconds
2026-05-01 10:32:08,167 home-mahmoudtawfeek-task-manger:default: frappe.utils.background_jobs.execute_job(event=None, is_async=True, job_name='frappe.core.doctype.scheduled_job_type.scheduled_job_type.run_scheduled_jo..., kwargs={'job_type': 'frappe.email.queue.retry_sending_emails'}, method='frappe.core.doctype.scheduled_job_type.scheduled_job_type.run_scheduled_jo..., site='task.local', user='Administrator') (task.local::scheduled_job::frappe.email.queue.retry_sending_emails)
2026-05-01 10:32:09,366 home-mahmoudtawfeek-task-manger:default: Job OK (task.local::scheduled_job::frappe.email.queue.retry_sending_emails)
2026-05-01 10:32:09,367 Result is kept for 600 seconds
2026-05-01 10:32:09,377 home-mahmoudtawfeek-task-manger:default: frappe.utils.background_jobs.execute_job(event=None, is_async=True, job_name='frappe.core.doctype.scheduled_job_type.scheduled_job_type.run_scheduled_jo..., kwargs={'job_type': 'frappe.integrations.doctype.google_calendar.google_calendar.s..., method='frappe.core.doctype.scheduled_job_type.scheduled_job_type.run_scheduled_jo..., site='task.local', user='Administrator') (task.local::scheduled_job::frappe.integrations.doctype.google_calendar.google_calendar.sync)
2026-05-01 10:32:10,292 home-mahmoudtawfeek-task-manger:default: Job OK (task.local::scheduled_job::frappe.integrations.doctype.google_calendar.google_calendar.sync)
2026-05-01 10:32:10,292 Result is kept for 600 seconds
2026-05-01 10:36:07,091 home-mahmoudtawfeek-task-manger:default: frappe.utils.background_jobs.execute_job(event=None, is_async=True, job_name='frappe.core.doctype.scheduled_job_type.scheduled_job_type.run_scheduled_jo..., kwargs={'job_type': 'frappe.integrations.doctype.google_calendar.google_calendar.s..., method='frappe.core.doctype.scheduled_job_type.scheduled_job_type.run_scheduled_jo..., site='task.local', user='Administrator') (task.local::scheduled_job::frappe.integrations.doctype.google_calendar.google_calendar.sync)
2026-05-01 10:36:07,700 home-mahmoudtawfeek-task-manger:default: Job OK (task.local::scheduled_job::frappe.integrations.doctype.google_calendar.google_calendar.sync)
2026-05-01 10:36:07,700 Result is kept for 600 seconds
2026-05-01 10:36:07,718 Cleaning registries for queue: home-mahmoudtawfeek-task-manger:short
2026-05-01 10:36:07,832 Cleaning registries for queue: home-mahmoudtawfeek-task-manger:default
2026-05-01 10:36:07,842 Cleaning registries for queue: home-mahmoudtawfeek-task-manger:long
2026-05-01 10:36:07,878 home-mahmoudtawfeek-task-manger:default: frappe.utils.background_jobs.execute_job(event=None, is_async=True, job_name='frappe.core.doctype.scheduled_job_type.scheduled_job_type.run_scheduled_jo..., kwargs={'job_type': 'frappe.email.queue.retry_sending_emails'}, method='frappe.core.doctype.scheduled_job_type.scheduled_job_type.run_scheduled_jo..., site='task.local', user='Administrator') (task.local::scheduled_job::frappe.email.queue.retry_sending_emails)
2026-05-01 10:36:08,637 home-mahmoudtawfeek-task-manger:default: Job OK (task.local::scheduled_job::frappe.email.queue.retry_sending_emails)
2026-05-01 10:36:08,638 Result is kept for 600 seconds
2026-05-01 10:36:08,650 home-mahmoudtawfeek-task-manger:default: frappe.utils.background_jobs.execute_job(event=None, is_async=True, job_name='frappe.core.doctype.scheduled_job_type.scheduled_job_type.run_scheduled_jo..., kwargs={'job_type': 'frappe.email.queue.flush'}, method='frappe.core.doctype.scheduled_job_type.scheduled_job_type.run_scheduled_jo..., site='task.local', user='Administrator') (task.local::scheduled_job::frappe.email.queue.flush)
2026-05-01 10:36:09,229 home-mahmoudtawfeek-task-manger:default: Job OK (task.local::scheduled_job::frappe.email.queue.flush)
2026-05-01 10:36:09,229 Result is kept for 600 seconds
2026-05-01 10:36:09,237 home-mahmoudtawfeek-task-manger:default: frappe.utils.background_jobs.execute_job(event=None, is_async=True, job_name='frappe.core.doctype.scheduled_job_type.scheduled_job_type.run_scheduled_jo..., kwargs={'job_type': 'frappe.monitor.flush'}, method='frappe.core.doctype.scheduled_job_type.scheduled_job_type.run_scheduled_jo..., site='task.local', user='Administrator') (task.local::scheduled_job::frappe.monitor.flush)
2026-05-01 10:36:09,505 home-mahmoudtawfeek-task-manger:default: Job OK (task.local::scheduled_job::frappe.monitor.flush)
2026-05-01 10:36:09,505 Result is kept for 600 seconds
2026-05-01 10:40:07,837 home-mahmoudtawfeek-task-manger:default: frappe.utils.background_jobs.execute_job(event=None, is_async=True, job_name='frappe.core.doctype.scheduled_job_type.scheduled_job_type.run_scheduled_jo..., kwargs={'job_type': 'frappe.email.queue.flush'}, method='frappe.core.doctype.scheduled_job_type.scheduled_job_type.run_scheduled_jo..., site='task.local', user='Administrator') (task.local::scheduled_job::frappe.email.queue.flush)
2026-05-01 10:40:08,449 home-mahmoudtawfeek-task-manger:default: Job OK (task.local::scheduled_job::frappe.email.queue.flush)
2026-05-01 10:40:08,450 Result is kept for 600 seconds
2026-05-01 10:40:08,460 home-mahmoudtawfeek-task-manger:default: frappe.utils.background_jobs.execute_job(event=None, is_async=True, job_name='frappe.core.doctype.scheduled_job_type.scheduled_job_type.run_scheduled_jo..., kwargs={'job_type': 'frappe.email.doctype.email_account.email_account.pull'}, method='frappe.core.doctype.scheduled_job_type.scheduled_job_type.run_scheduled_jo..., site='task.local', user='Administrator') (task.local::scheduled_job::frappe.email.doctype.email_account.email_account.pull)
2026-05-01 10:40:09,634 home-mahmoudtawfeek-task-manger:default: Job OK (task.local::scheduled_job::frappe.email.doctype.email_account.email_account.pull)
2026-05-01 10:40:09,634 Result is kept for 600 seconds
2026-05-01 10:40:09,641 home-mahmoudtawfeek-task-manger:default: frappe.utils.background_jobs.execute_job(event=None, is_async=True, job_name='frappe.core.doctype.scheduled_job_type.scheduled_job_type.run_scheduled_jo..., kwargs={'job_type': 'frappe.email.queue.retry_sending_emails'}, method='frappe.core.doctype.scheduled_job_type.scheduled_job_type.run_scheduled_jo..., site='task.local', user='Administrator') (task.local::scheduled_job::frappe.email.queue.retry_sending_emails)
2026-05-01 10:40:10,307 home-mahmoudtawfeek-task-manger:default: Job OK (task.local::scheduled_job::frappe.email.queue.retry_sending_emails)
2026-05-01 10:40:10,308 Result is kept for 600 seconds
2026-05-01 10:40:10,322 home-mahmoudtawfeek-task-manger:default: frappe.utils.background_jobs.execute_job(event=None, is_async=True, job_name='frappe.core.doctype.scheduled_job_type.scheduled_job_type.run_scheduled_jo..., kwargs={'job_type': 'frappe.monitor.flush'}, method='frappe.core.doctype.scheduled_job_type.scheduled_job_type.run_scheduled_jo..., site='task.local', user='Administrator') (task.local::scheduled_job::frappe.monitor.flush)
2026-05-01 10:40:10,553 home-mahmoudtawfeek-task-manger:default: Job OK (task.local::scheduled_job::frappe.monitor.flush)
2026-05-01 10:40:10,553 Result is kept for 600 seconds
2026-05-01 10:40:10,560 home-mahmoudtawfeek-task-manger:default: frappe.utils.background_jobs.execute_job(event=None, is_async=True, job_name='frappe.core.doctype.scheduled_job_type.scheduled_job_type.run_scheduled_jo..., kwargs={'job_type': 'frappe.integrations.doctype.google_calendar.google_calendar.s..., method='frappe.core.doctype.scheduled_job_type.scheduled_job_type.run_scheduled_jo..., site='task.local', user='Administrator') (task.local::scheduled_job::frappe.integrations.doctype.google_calendar.google_calendar.sync)
2026-05-01 10:40:11,035 home-mahmoudtawfeek-task-manger:default: Job OK (task.local::scheduled_job::frappe.integrations.doctype.google_calendar.google_calendar.sync)
2026-05-01 10:40:11,035 Result is kept for 600 seconds
2026-05-01 10:44:08,958 home-mahmoudtawfeek-task-manger:default: frappe.utils.background_jobs.execute_job(event=None, is_async=True, job_name='frappe.core.doctype.scheduled_job_type.scheduled_job_type.run_scheduled_jo..., kwargs={'job_type': 'frappe.email.queue.retry_sending_emails'}, method='frappe.core.doctype.scheduled_job_type.scheduled_job_type.run_scheduled_jo..., site='task.local', user='Administrator') (task.local::scheduled_job::frappe.email.queue.retry_sending_emails)
2026-05-01 10:44:09,596 home-mahmoudtawfeek-task-manger:default: Job OK (task.local::scheduled_job::frappe.email.queue.retry_sending_emails)
2026-05-01 10:44:09,596 Result is kept for 600 seconds
2026-05-01 10:44:09,605 home-mahmoudtawfeek-task-manger:default: frappe.utils.background_jobs.execute_job(event=None, is_async=True, job_name='frappe.core.doctype.scheduled_job_type.scheduled_job_type.run_scheduled_jo..., kwargs={'job_type': 'frappe.integrations.doctype.google_calendar.google_calendar.s..., method='frappe.core.doctype.scheduled_job_type.scheduled_job_type.run_scheduled_jo..., site='task.local', user='Administrator') (task.local::scheduled_job::frappe.integrations.doctype.google_calendar.google_calendar.sync)
2026-05-01 10:44:10,093 home-mahmoudtawfeek-task-manger:default: Job OK (task.local::scheduled_job::frappe.integrations.doctype.google_calendar.google_calendar.sync)
2026-05-01 10:44:10,093 Result is kept for 600 seconds
2026-05-01 10:44:10,101 home-mahmoudtawfeek-task-manger:default: frappe.utils.background_jobs.execute_job(event=None, is_async=True, job_name='frappe.core.doctype.scheduled_job_type.scheduled_job_type.run_scheduled_jo..., kwargs={'job_type': 'frappe.email.queue.flush'}, method='frappe.core.doctype.scheduled_job_type.scheduled_job_type.run_scheduled_jo..., site='task.local', user='Administrator') (task.local::scheduled_job::frappe.email.queue.flush)
2026-05-01 10:44:10,757 home-mahmoudtawfeek-task-manger:default: Job OK (task.local::scheduled_job::frappe.email.queue.flush)
2026-05-01 10:44:10,757 Result is kept for 600 seconds
2026-05-01 10:44:10,771 home-mahmoudtawfeek-task-manger:default: frappe.utils.background_jobs.execute_job(event=None, is_async=True, job_name='frappe.core.doctype.scheduled_job_type.scheduled_job_type.run_scheduled_jo..., kwargs={'job_type': 'frappe.monitor.flush'}, method='frappe.core.doctype.scheduled_job_type.scheduled_job_type.run_scheduled_jo..., site='task.local', user='Administrator') (task.local::scheduled_job::frappe.monitor.flush)
2026-05-01 10:44:11,009 home-mahmoudtawfeek-task-manger:default: Job OK (task.local::scheduled_job::frappe.monitor.flush)
2026-05-01 10:44:11,009 Result is kept for 600 seconds
2026-05-01 10:45:09,145 home-mahmoudtawfeek-task-manger:default: frappe.utils.background_jobs.execute_job(event=None, is_async=True, job_name='frappe.core.doctype.scheduled_job_type.scheduled_job_type.run_scheduled_jo..., kwargs={'job_type': 'frappe.search.sqlite_search.build_index_if_not_exists'}, method='frappe.core.doctype.scheduled_job_type.scheduled_job_type.run_scheduled_jo..., site='task.local', user='Administrator') (task.local::scheduled_job::frappe.search.sqlite_search.build_index_if_not_exists)
2026-05-01 10:45:10,051 home-mahmoudtawfeek-task-manger:default: Job OK (task.local::scheduled_job::frappe.search.sqlite_search.build_index_if_not_exists)
2026-05-01 10:45:10,051 Result is kept for 600 seconds
2026-05-01 10:45:10,067 home-mahmoudtawfeek-task-manger:default: frappe.utils.background_jobs.execute_job(event=None, is_async=True, job_name='frappe.core.doctype.scheduled_job_type.scheduled_job_type.run_scheduled_jo..., kwargs={'job_type': 'frappe.model.utils.link_count.update_link_count'}, method='frappe.core.doctype.scheduled_job_type.scheduled_job_type.run_scheduled_jo..., site='task.local', user='Administrator') (task.local::scheduled_job::frappe.model.utils.link_count.update_link_count)
2026-05-01 10:45:10,549 home-mahmoudtawfeek-task-manger:default: Job OK (task.local::scheduled_job::frappe.model.utils.link_count.update_link_count)
2026-05-01 10:45:10,549 Result is kept for 600 seconds
2026-05-01 10:45:10,556 home-mahmoudtawfeek-task-manger:default: frappe.utils.background_jobs.execute_job(event=None, is_async=True, job_name='frappe.core.doctype.scheduled_job_type.scheduled_job_type.run_scheduled_jo..., kwargs={'job_type': 'frappe.utils.global_search.sync_global_search'}, method='frappe.core.doctype.scheduled_job_type.scheduled_job_type.run_scheduled_jo..., site='task.local', user='Administrator') (task.local::scheduled_job::frappe.utils.global_search.sync_global_search)
2026-05-01 10:45:10,912 home-mahmoudtawfeek-task-manger:default: Job OK (task.local::scheduled_job::frappe.utils.global_search.sync_global_search)
2026-05-01 10:45:10,913 Result is kept for 600 seconds
2026-05-01 10:45:10,921 home-mahmoudtawfeek-task-manger:default: frappe.utils.background_jobs.execute_job(event=None, is_async=True, job_name='frappe.core.doctype.scheduled_job_type.scheduled_job_type.run_scheduled_jo..., kwargs={'job_type': 'frappe.email.doctype.email_account.email_account.notify_unrep..., method='frappe.core.doctype.scheduled_job_type.scheduled_job_type.run_scheduled_jo..., site='task.local', user='Administrator') (task.local::scheduled_job::frappe.email.doctype.email_account.email_account.notify_unreplied)
2026-05-01 10:45:11,273 home-mahmoudtawfeek-task-manger:default: Job OK (task.local::scheduled_job::frappe.email.doctype.email_account.email_account.notify_unreplied)
2026-05-01 10:45:11,275 Result is kept for 600 seconds
2026-05-01 10:45:11,289 home-mahmoudtawfeek-task-manger:default: frappe.utils.background_jobs.execute_job(event=None, is_async=True, job_name='frappe.core.doctype.scheduled_job_type.scheduled_job_type.run_scheduled_jo..., kwargs={'job_type': 'frappe.automation.doctype.reminder.reminder.send_reminders'}, method='frappe.core.doctype.scheduled_job_type.scheduled_job_type.run_scheduled_jo..., site='task.local', user='Administrator') (task.local::scheduled_job::frappe.automation.doctype.reminder.reminder.send_reminders)
2026-05-01 10:45:11,655 home-mahmoudtawfeek-task-manger:default: Job OK (task.local::scheduled_job::frappe.automation.doctype.reminder.reminder.send_reminders)
2026-05-01 10:45:11,655 Result is kept for 600 seconds
2026-05-01 10:45:11,673 home-mahmoudtawfeek-task-manger:default: frappe.utils.background_jobs.execute_job(event=None, is_async=True, job_name='frappe.core.doctype.scheduled_job_type.scheduled_job_type.run_scheduled_jo..., kwargs={'job_type': 'frappe.utils.telemetry.pulse.client.send_queued_events'}, method='frappe.core.doctype.scheduled_job_type.scheduled_job_type.run_scheduled_jo..., site='task.local', user='Administrator') (task.local::scheduled_job::frappe.utils.telemetry.pulse.client.send_queued_events)
2026-05-01 10:45:12,643 home-mahmoudtawfeek-task-manger:default: Job OK (task.local::scheduled_job::frappe.utils.telemetry.pulse.client.send_queued_events)
2026-05-01 10:45:12,643 Result is kept for 600 seconds
2026-05-01 10:45:12,658 home-mahmoudtawfeek-task-manger:default: frappe.utils.background_jobs.execute_job(event=None, is_async=True, job_name='frappe.core.doctype.scheduled_job_type.scheduled_job_type.run_scheduled_jo..., kwargs={'job_type': 'frappe.deferred_insert.save_to_db'}, method='frappe.core.doctype.scheduled_job_type.scheduled_job_type.run_scheduled_jo..., site='task.local', user='Administrator') (task.local::scheduled_job::frappe.deferred_insert.save_to_db)
2026-05-01 10:45:13,483 home-mahmoudtawfeek-task-manger:default: Job OK (task.local::scheduled_job::frappe.deferred_insert.save_to_db)
2026-05-01 10:45:13,484 Result is kept for 600 seconds
2026-05-01 10:45:13,498 home-mahmoudtawfeek-task-manger:default: frappe.utils.background_jobs.execute_job(event=None, is_async=True, job_name='frappe.core.doctype.scheduled_job_type.scheduled_job_type.run_scheduled_jo..., kwargs={'job_type': 'erpnext.manufacturing.doctype.bom_update_log.bom_update_log.r..., method='frappe.core.doctype.scheduled_job_type.scheduled_job_type.run_scheduled_jo..., site='task.local', user='Administrator') (task.local::scheduled_job::erpnext.manufacturing.doctype.bom_update_log.bom_update_log.resume_bom_cost_update_jobs)
2026-05-01 10:45:14,316 home-mahmoudtawfeek-task-manger:default: Job OK (task.local::scheduled_job::erpnext.manufacturing.doctype.bom_update_log.bom_update_log.resume_bom_cost_update_jobs)
2026-05-01 10:45:14,317 Result is kept for 600 seconds
2026-05-01 10:48:10,022 home-mahmoudtawfeek-task-manger:default: frappe.utils.background_jobs.execute_job(event=None, is_async=True, job_name='frappe.core.doctype.scheduled_job_type.scheduled_job_type.run_scheduled_jo..., kwargs={'job_type': 'frappe.email.queue.retry_sending_emails'}, method='frappe.core.doctype.scheduled_job_type.scheduled_job_type.run_scheduled_jo..., site='task.local', user='Administrator') (task.local::scheduled_job::frappe.email.queue.retry_sending_emails)
2026-05-01 10:48:10,794 home-mahmoudtawfeek-task-manger:default: Job OK (task.local::scheduled_job::frappe.email.queue.retry_sending_emails)
2026-05-01 10:48:10,795 Result is kept for 600 seconds
2026-05-01 10:48:10,803 home-mahmoudtawfeek-task-manger:default: frappe.utils.background_jobs.execute_job(event=None, is_async=True, job_name='frappe.core.doctype.scheduled_job_type.scheduled_job_type.run_scheduled_jo..., kwargs={'job_type': 'frappe.email.queue.flush'}, method='frappe.core.doctype.scheduled_job_type.scheduled_job_type.run_scheduled_jo..., site='task.local', user='Administrator') (task.local::scheduled_job::frappe.email.queue.flush)
2026-05-01 10:48:11,411 home-mahmoudtawfeek-task-manger:default: Job OK (task.local::scheduled_job::frappe.email.queue.flush)
2026-05-01 10:48:11,412 Result is kept for 600 seconds
2026-05-01 10:48:11,419 home-mahmoudtawfeek-task-manger:default: frappe.utils.background_jobs.execute_job(event=None, is_async=True, job_name='frappe.core.doctype.scheduled_job_type.scheduled_job_type.run_scheduled_jo..., kwargs={'job_type': 'frappe.integrations.doctype.google_calendar.google_calendar.s..., method='frappe.core.doctype.scheduled_job_type.scheduled_job_type.run_scheduled_jo..., site='task.local', user='Administrator') (task.local::scheduled_job::frappe.integrations.doctype.google_calendar.google_calendar.sync)
2026-05-01 10:48:11,982 home-mahmoudtawfeek-task-manger:default: Job OK (task.local::scheduled_job::frappe.integrations.doctype.google_calendar.google_calendar.sync)
2026-05-01 10:48:11,983 Result is kept for 600 seconds
2026-05-01 10:48:11,990 home-mahmoudtawfeek-task-manger:default: frappe.utils.background_jobs.execute_job(event=None, is_async=True, job_name='frappe.core.doctype.scheduled_job_type.scheduled_job_type.run_scheduled_jo..., kwargs={'job_type': 'frappe.monitor.flush'}, method='frappe.core.doctype.scheduled_job_type.scheduled_job_type.run_scheduled_jo..., site='task.local', user='Administrator') (task.local::scheduled_job::frappe.monitor.flush)
2026-05-01 10:48:12,204 home-mahmoudtawfeek-task-manger:default: Job OK (task.local::scheduled_job::frappe.monitor.flush)
2026-05-01 10:48:12,204 Result is kept for 600 seconds
